遊戲期數,遊戲主題,獎項名稱,獎金金額,張數
5160,獎金對決,"NT$2,000,000",2000000,5
5160,獎金對決,"NT$50,000",50000,30
5160,獎金對決,"NT$10,000",10000,167
5160,獎金對決,"NT$5,000",5000,1069
5160,獎金對決,"NT$3,000",3000,2808
5160,獎金對決,"NT$2,000",2000,9382
5160,獎金對決,"NT$1,500",1500,46731
5160,獎金對決,"NT$1,000",1000,176763
5160,獎金對決,NT$500,500,126118
5160,獎金對決,NT$300,300,589208
5160,獎金對決,NT$200,200,992305
5159,大麻將,"NT$10,000,000",10000000,3
5159,大麻將,"NT$1,000,000",1000000,20
5159,大麻將,"NT$100,000",100000,95
5159,大麻將,"NT$50,000",50000,140
5159,大麻將,"NT$10,000",10000,2100
5159,大麻將,"NT$5,000",5000,41860
5159,大麻將,"NT$2,000",2000,195300
5159,大麻將,"NT$1,500",1500,557200
5159,大麻將,"NT$1,000",1000,482160
5159,大麻將,NT$500,500,1176000
5158,財富密碼,"NT$2,000,000",2000000,3
5158,財富密碼,"NT$50,000",50000,20
5158,財富密碼,"NT$10,000",10000,134
5158,財富密碼,"NT$5,000",5000,564
5158,財富密碼,"NT$3,000",3000,2838
5158,財富密碼,"NT$2,000",2000,5706
5158,財富密碼,"NT$1,000",1000,141295
5158,財富密碼,NT$500,500,158390
5158,財富密碼,NT$300,300,310540
5158,財富密碼,NT$200,200,522169
5157,刮刮金樂透,"NT$2,000,000",2000000,8
5157,刮刮金樂透,"NT$100,000",100000,19
5157,刮刮金樂透,"NT$10,000",10000,288
5157,刮刮金樂透,"NT$5,000",5000,2260
5157,刮刮金樂透,"NT$2,000",2000,25722
5157,刮刮金樂透,"NT$1,000",1000,276962
5157,刮刮金樂透,NT$500,500,685501
5157,刮刮金樂透,NT$200,200,1265208
5156,狂刮10萬,"NT$100,000",100000,800
5156,狂刮10萬,"NT$10,000",10000,100
5156,狂刮10萬,"NT$1,200",1200,28316
5156,狂刮10萬,"NT$1,000",1000,211476
5156,狂刮10萬,NT$400,400,248405
5156,狂刮10萬,NT$200,200,892214
5155,無敵777,"NT$3,000,000",3000000,5
5155,無敵777,"NT$70,000",70000,72
5155,無敵777,"NT$14,000",14000,327
5155,無敵777,"NT$5,000",5000,373
5155,無敵777,"NT$4,200",4200,1592
5155,無敵777,"NT$3,500",3500,4483
5155,無敵777,"NT$2,100",2100,158700
5155,無敵777,"NT$1,400",1400,47345
5155,無敵777,"NT$1,000",1000,87345
5155,無敵777,NT$700,700,42313
5155,無敵777,NT$500,500,760994
5155,無敵777,NT$300,300,1279209
5154,嗨刮123,"NT$300,000",300000,4
5154,嗨刮123,"NT$10,000",10000,32
5154,嗨刮123,"NT$5,000",5000,342
5154,嗨刮123,"NT$1,500",1500,2448
5154,嗨刮123,"NT$1,000",1000,13061
5154,嗨刮123,NT$800,800,16309
5154,嗨刮123,NT$600,600,90416
5154,嗨刮123,NT$300,300,94621
5154,嗨刮123,NT$200,200,202491
5154,嗨刮123,NT$100,100,926888
5153,財運高升,"NT$2,000,000",2000000,4
5153,財運高升,"NT$100,000",100000,30
5153,財運高升,"NT$10,000",10000,176
5153,財運高升,"NT$5,000",5000,749
5153,財運高升,"NT$3,000",3000,1211
5153,財運高升,"NT$2,000",2000,10917
5153,財運高升,"NT$1,000",1000,293139
5153,財運高升,NT$500,500,159047
5153,財運高升,NT$300,300,575330
5153,財運高升,NT$200,200,856734
5152,好運發發,"NT$88,000",88000,88
5152,好運發發,"NT$8,800",8800,620
5152,好運發發,"NT$5,000",5000,820
5152,好運發發,"NT$2,000",2000,991
5152,好運發發,"NT$1,500",1500,2922
5152,好運發發,"NT$1,000",1000,117146
5152,好運發發,NT$800,800,122589
5152,好運發發,NT$500,500,89711
5152,好運發發,NT$300,300,278117
5152,好運發發,NT$200,200,692388
5151,"樂刮$5,000","NT$3,000,000",3000000,2
5151,"樂刮$5,000","NT$100,000",100000,12
5151,"樂刮$5,000","NT$5,000",5000,159936
5151,"樂刮$5,000","NT$2,000",2000,24000
5151,"樂刮$5,000","NT$1,000",1000,85088
5151,"樂刮$5,000",NT$500,500,1120000
5150,推金幣,"NT$500,000",500000,8
5150,推金幣,"NT$50,000",50000,32
5150,推金幣,"NT$5,000",5000,404
5150,推金幣,"NT$3,000",3000,1650
5150,推金幣,"NT$2,000",2000,3256
5150,推金幣,"NT$1,000",1000,5982
5150,推金幣,NT$800,800,11388
5150,推金幣,NT$500,500,326525
5150,推金幣,NT$200,200,985720
5150,推金幣,NT$100,100,1112663
5149,點球成金,"NT$2,000,000",2000000,4
5149,點球成金,"NT$100,000",100000,18
5149,點球成金,"NT$10,000",10000,91
5149,點球成金,"NT$5,000",5000,2083
5149,點球成金,"NT$1,500",1500,10203
5149,點球成金,"NT$1,200",1200,11659
5149,點球成金,"NT$1,000",1000,164443
5149,點球成金,NT$500,500,160576
5149,點球成金,NT$300,300,483982
5149,點球成金,NT$200,200,627549
5148,獎金倍倍樂,"NT$2,000,000",2000000,3
5148,獎金倍倍樂,"NT$50,000",50000,40
5148,獎金倍倍樂,"NT$10,000",10000,109
5148,獎金倍倍樂,"NT$5,000",5000,1255
5148,獎金倍倍樂,"NT$3,000",3000,2404
5148,獎金倍倍樂,"NT$2,500",2500,4272
5148,獎金倍倍樂,"NT$2,000",2000,4755
5148,獎金倍倍樂,"NT$1,500",1500,31718
5148,獎金倍倍樂,"NT$1,000",1000,179210
5148,獎金倍倍樂,NT$500,500,38120
5148,獎金倍倍樂,NT$300,300,333005
5148,獎金倍倍樂,NT$200,200,634469
5147,金鑽999,"NT$2,000,000",2000000,3
5147,金鑽999,"NT$90,000",90000,8
5147,金鑽999,"NT$10,000",10000,23
5147,金鑽999,"NT$5,000",5000,1586
5147,金鑽999,"NT$2,000",2000,80320
5147,金鑽999,NT$900,900,131901
5147,金鑽999,NT$500,500,86501
5147,金鑽999,NT$300,300,195875
5147,金鑽999,NT$200,200,627829
5146,麻將大賓果,"NT$3,000,000",3000000,6
5146,麻將大賓果,"NT$100,000",100000,30
5146,麻將大賓果,"NT$10,000",10000,167
5146,麻將大賓果,"NT$5,000",5000,14203
5146,麻將大賓果,"NT$2,000",2000,56774
5146,麻將大賓果,"NT$1,000",1000,425644
5146,麻將大賓果,NT$500,500,876690
5146,麻將大賓果,NT$300,300,1180321
5145,一觸即發,"NT$2,000,000",2000000,3
5145,一觸即發,"NT$50,000",50000,20
5145,一觸即發,"NT$15,000",15000,55
5145,一觸即發,"NT$10,000",10000,59
5145,一觸即發,"NT$5,000",5000,987
5145,一觸即發,"NT$3,000",3000,2928
5145,一觸即發,"NT$2,000",2000,5194
5145,一觸即發,"NT$1,000",1000,132969
5145,一觸即發,NT$500,500,113523
5145,一觸即發,NT$300,300,276769
5145,一觸即發,NT$200,200,675064
5144,獎金獵人,"NT$2,000,000",2000000,6
5144,獎金獵人,"NT$100,000",100000,12
5144,獎金獵人,"NT$10,000",10000,169
5144,獎金獵人,"NT$5,000",5000,1881
5144,獎金獵人,"NT$2,000",2000,21270
5144,獎金獵人,"NT$1,000",1000,283667
5144,獎金獵人,NT$500,500,236121
5144,獎金獵人,NT$300,300,525592
5144,獎金獵人,NT$200,200,708538
5143,幸運777,"NT$700,000",700000,4
5143,幸運777,"NT$70,000",70000,16
5143,幸運777,"NT$5,000",5000,230
5143,幸運777,"NT$1,400",1400,9403
5143,幸運777,"NT$1,000",1000,29077
5143,幸運777,NT$700,700,60022
5143,幸運777,NT$300,300,130598
5143,幸運777,NT$200,200,285596
5143,幸運777,NT$100,100,713373
5142,幸運拉霸,"NT$2,000,000",2000000,4
5142,幸運拉霸,"NT$100,000",100000,64
5142,幸運拉霸,"NT$10,000",10000,159
5142,幸運拉霸,"NT$5,000",5000,1316
5142,幸運拉霸,"NT$3,000",3000,5257
5142,幸運拉霸,"NT$2,000",2000,10622
5142,幸運拉霸,"NT$1,000",1000,147218
5142,幸運拉霸,NT$500,500,65276
5142,幸運拉霸,NT$300,300,510889
5142,幸運拉霸,NT$200,200,605328
5141,出棋制勝,"NT$2,000,000",2000000,4
5141,出棋制勝,"NT$30,000",30000,20
5141,出棋制勝,"NT$10,000",10000,161
5141,出棋制勝,"NT$5,000",5000,483
5141,出棋制勝,"NT$3,000",3000,1487
5141,出棋制勝,"NT$2,000",2000,5207
5141,出棋制勝,"NT$1,500",1500,14689
5141,出棋制勝,"NT$1,000",1000,116834
5141,出棋制勝,NT$500,500,88096
5141,出棋制勝,NT$300,300,469355
5141,出棋制勝,NT$200,200,772475
5140,幸運開獎機,"NT$2,000,000",2000000,5
5140,幸運開獎機,"NT$100,000",100000,39
5140,幸運開獎機,"NT$10,000",10000,1825
5140,幸運開獎機,"NT$5,000",5000,7109
5140,幸運開獎機,"NT$1,500",1500,19897
5140,幸運開獎機,"NT$1,200",1200,29219
5140,幸運開獎機,"NT$1,000",1000,172302
5140,幸運開獎機,NT$700,700,159153
5140,幸運開獎機,NT$500,500,158550
5140,幸運開獎機,NT$400,400,382661
5140,幸運開獎機,NT$200,200,1064597
5139,釣魚高手,"NT$2,000,000",2000000,4
5139,釣魚高手,"NT$50,000",50000,32
5139,釣魚高手,"NT$10,000",10000,129
5139,釣魚高手,"NT$5,000",5000,1315
5139,釣魚高手,"NT$3,000",3000,4872
5139,釣魚高手,"NT$2,000",2000,9759
5139,釣魚高手,"NT$1,500",1500,41614
5139,釣魚高手,"NT$1,000",1000,110959
5139,釣魚高手,NT$500,500,84843
5139,釣魚高手,NT$300,300,440645
5139,釣魚高手,NT$200,200,652773
5138,無敵30倍,"NT$3,000,000",3000000,3
5138,無敵30倍,"NT$100,000",100000,15
5138,無敵30倍,"NT$30,000",30000,100
5138,無敵30倍,"NT$15,000",15000,611
5138,無敵30倍,"NT$9,000",9000,1027
5138,無敵30倍,"NT$5,000",5000,2428
5138,無敵30倍,"NT$3,000",3000,4903
5138,無敵30倍,"NT$2,000",2000,4909
5138,無敵30倍,"NT$1,500",1500,358482
5138,無敵30倍,"NT$1,000",1000,45360
5138,無敵30倍,NT$600,600,62403
5138,無敵30倍,NT$500,500,394056
5138,無敵30倍,NT$300,300,1023160
5137,"樂刮$2,000","NT$1,000,000",1000000,5
5137,"樂刮$2,000","NT$100,000",100000,13
5137,"樂刮$2,000","NT$5,000",5000,606
5137,"樂刮$2,000","NT$2,000",2000,244800
5137,"樂刮$2,000",NT$500,500,171373
5137,"樂刮$2,000",NT$300,300,122428
5137,"樂刮$2,000",NT$200,200,997029
5136,鑽很大,"NT$5,000,000",5000000,4
5136,鑽很大,"NT$100,000",100000,16
5136,鑽很大,"NT$50,000",50000,64
5136,鑽很大,"NT$10,000",10000,640
5136,鑽很大,"NT$5,000",5000,84320
5136,鑽很大,"NT$2,000",2000,27600
5136,鑽很大,"NT$1,000",1000,160000
5136,鑽很大,NT$600,600,344000
5136,鑽很大,NT$500,500,988800
5135,財神報到,"NT$600,000",600000,8
5135,財神報到,"NT$10,000",10000,100
5135,財神報到,"NT$5,000",5000,266
5135,財神報到,"NT$2,000",2000,6547
5135,財神報到,"NT$1,500",1500,14696
5135,財神報到,"NT$1,000",1000,41469
5135,財神報到,NT$800,800,43019
5135,財神報到,NT$500,500,150800
5135,財神報到,NT$300,300,128048
5135,財神報到,NT$200,200,594126
5135,財神報到,NT$100,100,1631991
5133,好運連發,"NT$2,000,000",2000000,7
5133,好運連發,"NT$50,000",50000,25
5133,好運連發,"NT$10,000",10000,266
5133,好運連發,"NT$5,000",5000,2963
5133,好運連發,"NT$2,000",2000,26861
5133,好運連發,"NT$1,500",1500,88924
5133,好運連發,"NT$1,000",1000,178477
5133,好運連發,NT$500,500,172385
5133,好運連發,NT$300,300,701348
5133,好運連發,NT$200,200,1503851
5132,獎金樂翻倍,"NT$2,000,000",2000000,8
5132,獎金樂翻倍,"NT$100,000",100000,100
5132,獎金樂翻倍,"NT$10,000",10000,607
5132,獎金樂翻倍,"NT$5,000",5000,2732
5132,獎金樂翻倍,"NT$3,000",3000,3435
5132,獎金樂翻倍,"NT$2,000",2000,13780
5132,獎金樂翻倍,"NT$1,000",1000,366415
5132,獎金樂翻倍,NT$500,500,198893
5132,獎金樂翻倍,NT$300,300,719114
5132,獎金樂翻倍,NT$200,200,1066417
5131,哈啾咪,"NT$5,000,000",5000000,4
5131,哈啾咪,"NT$100,000",100000,100
5131,哈啾咪,"NT$50,000",50000,200
5131,哈啾咪,"NT$10,000",10000,5200
5131,哈啾咪,"NT$5,000",5000,100000
5131,哈啾咪,"NT$2,000",2000,32000
5131,哈啾咪,"NT$1,000",1000,163600
5131,哈啾咪,NT$600,600,360000
5131,哈啾咪,NT$500,500,1440000
5130,財源滾滾,"NT$300,000",300000,7
5130,財源滾滾,"NT$10,000",10000,80
5130,財源滾滾,"NT$3,000",3000,1394
5130,財源滾滾,"NT$1,500",1500,11917
5130,財源滾滾,"NT$1,000",1000,31008
5130,財源滾滾,NT$800,800,29420
5130,財源滾滾,NT$500,500,181100
5130,財源滾滾,NT$300,300,179536
5130,財源滾滾,NT$200,200,642828
5130,財源滾滾,NT$100,100,1615664
5129,金馬報喜,"NT$100,000",100000,550
5129,金馬報喜,"NT$10,000",10000,600
5129,金馬報喜,"NT$5,000",5000,776
5129,金馬報喜,"NT$2,000",2000,10417
5129,金馬報喜,"NT$1,000",1000,15259
5129,金馬報喜,NT$500,500,107139
5129,金馬報喜,NT$300,300,954636
5129,金馬報喜,NT$200,200,2762376
5128,金好鑽,"NT$2,000,000",2000000,8
5128,金好鑽,"NT$100,000",100000,150
5128,金好鑽,"NT$10,000",10000,491
5128,金好鑽,"NT$5,000",5000,6009
5128,金好鑽,"NT$3,000",3000,12000
5128,金好鑽,"NT$2,000",2000,23994
5128,金好鑽,"NT$1,500",1500,48119
5128,金好鑽,"NT$1,000",1000,150180
5128,金好鑽,NT$500,500,156187
5128,金好鑽,NT$300,300,1021418
5128,金好鑽,NT$200,200,1172094
5127,金馬獎,"NT$3,000,000",3000000,14
5127,金馬獎,"NT$50,000",50000,50
5127,金馬獎,"NT$10,000",10000,150
5127,金馬獎,"NT$5,000",5000,3746
5127,金馬獎,"NT$2,000",2000,46500
5127,金馬獎,"NT$1,500",1500,84000
5127,金馬獎,"NT$1,000",1000,705390
5127,金馬獎,NT$800,800,90000
5127,金馬獎,NT$600,600,153000
5127,金馬獎,NT$500,500,1800000
5127,金馬獎,NT$300,300,57000
5127,金馬獎,NT$200,200,240000
5127,金馬獎,NT$100,100,4320150
5126,"2,000萬超級紅包","NT$20,000,000",20000000,10
5126,"2,000萬超級紅包","NT$1,000,000",1000000,1200
5126,"2,000萬超級紅包","NT$100,000",100000,5474
5126,"2,000萬超級紅包","NT$30,000",30000,4830
5126,"2,000萬超級紅包","NT$10,000",10000,63710
5126,"2,000萬超級紅包","NT$5,000",5000,1108370
5126,"2,000萬超級紅包","NT$2,000",2000,2189140
5126,"2,000萬超級紅包","NT$1,000",1000,4600000
5125,馬年行大運,"NT$50,000",50000,150
5125,馬年行大運,"NT$5,000",5000,200
5125,馬年行大運,"NT$2,000",2000,3189
5125,馬年行大運,"NT$1,500",1500,5859
5125,馬年行大運,"NT$1,000",1000,9782
5125,馬年行大運,NT$800,800,18006
5125,馬年行大運,NT$500,500,78294
5125,馬年行大運,NT$300,300,52057
5125,馬年行大運,NT$200,200,111317
5125,馬年行大運,NT$100,100,3809033
5124,大三元,"NT$2,000,000",2000000,7
5124,大三元,"NT$50,000",50000,50
5124,大三元,"NT$10,000",10000,301
5124,大三元,"NT$5,000",5000,4627
5124,大三元,"NT$2,000",2000,24387
5124,大三元,"NT$1,500",1500,133926
5124,大三元,"NT$1,000",1000,116609
5124,大三元,NT$800,800,30475
5124,大三元,NT$600,600,45652
5124,大三元,NT$500,500,121813
5124,大三元,NT$300,300,764482
5124,大三元,NT$200,200,1346230
5123,海底大尋寶,"NT$3,000,000",3000000,5
5123,海底大尋寶,"NT$100,000",100000,43
5123,海底大尋寶,"NT$10,000",10000,59
5123,海底大尋寶,"NT$5,000",5000,2638
5123,海底大尋寶,"NT$2,000",2000,28570
5123,海底大尋寶,"NT$1,500",1500,75546
5123,海底大尋寶,"NT$1,000",1000,715513
5123,海底大尋寶,NT$600,600,381085
5123,海底大尋寶,NT$500,500,792295
5123,海底大尋寶,NT$300,300,1676045
5122,五路財神,"NT$5,000,000",5000000,8
5122,五路財神,"NT$100,000",100000,60
5122,五路財神,"NT$50,000",50000,200
5122,五路財神,"NT$10,000",10000,728
5122,五路財神,"NT$5,000",5000,138580
5122,五路財神,"NT$2,000",2000,62400
5122,五路財神,"NT$1,000",1000,239200
5122,五路財神,NT$600,600,520000
5122,五路財神,NT$500,500,1685580
5121,"1,200萬大吉利","NT$12,000,000",12000000,8
5121,"1,200萬大吉利","NT$1,000,000",1000000,200
5121,"1,200萬大吉利","NT$100,000",100000,700
5121,"1,200萬大吉利","NT$50,000",50000,608
5121,"1,200萬大吉利","NT$10,000",10000,3800
5121,"1,200萬大吉利","NT$5,000",5000,76000
5121,"1,200萬大吉利","NT$2,000",2000,840940
5121,"1,200萬大吉利","NT$1,500",1500,577600
5121,"1,200萬大吉利","NT$1,200",1200,311600
5121,"1,200萬大吉利","NT$1,000",1000,1748000
5121,"1,200萬大吉利",NT$500,500,3090920
5119,百萬年終獎金,"NT$1,000,000",1000000,60
5119,百萬年終獎金,"NT$100,000",100000,18
5119,百萬年終獎金,"NT$10,000",10000,19
5119,百萬年終獎金,"NT$5,000",5000,4588
5119,百萬年終獎金,"NT$2,000",2000,12827
5119,百萬年終獎金,"NT$1,500",1500,15625
5119,百萬年終獎金,"NT$1,000",1000,116031
5119,百萬年終獎金,NT$500,500,91871
5119,百萬年終獎金,NT$300,300,526884
5119,百萬年終獎金,NT$200,200,780007
5117,鈔票一把抓,"NT$3,000,000",3000000,6
5117,鈔票一把抓,"NT$100,000",100000,30
5117,鈔票一把抓,"NT$15,000",15000,4881
5117,鈔票一把抓,"NT$4,500",4500,46071
5117,鈔票一把抓,"NT$1,500",1500,75935
5117,鈔票一把抓,"NT$1,000",1000,71003
5117,鈔票一把抓,NT$500,500,611971
5117,鈔票一把抓,NT$300,300,1456973
5116,好運強強滾,"NT$2,000,000",2000000,4
5116,好運強強滾,"NT$50,000",50000,100
5116,好運強強滾,"NT$10,000",10000,171
5116,好運強強滾,"NT$5,000",5000,1648
5116,好運強強滾,"NT$2,000",2000,9234
5116,好運強強滾,"NT$1,000",1000,139534
5116,好運強強滾,NT$500,500,146877
5116,好運強強滾,NT$300,300,528481
5116,好運強強滾,NT$200,200,780294
5115,獎金嘉年華,"NT$2,000,000",2000000,4
5115,獎金嘉年華,"NT$100,000",100000,48
5115,獎金嘉年華,"NT$10,000",10000,547
5115,獎金嘉年華,"NT$5,000",5000,978
5115,獎金嘉年華,"NT$3,000",3000,1478
5115,獎金嘉年華,"NT$2,000",2000,14717
5115,獎金嘉年華,"NT$1,000",1000,195104
5115,獎金嘉年華,NT$500,500,334038
5115,獎金嘉年華,NT$300,300,1295086
5114,金鑽寶盒,"NT$2,000,000",2000000,3
5114,金鑽寶盒,"NT$50,000",50000,144
5114,金鑽寶盒,"NT$10,000",10000,205
5114,金鑽寶盒,"NT$5,000",5000,1134
5114,金鑽寶盒,"NT$3,000",3000,2747
5114,金鑽寶盒,"NT$2,000",2000,14271
5114,金鑽寶盒,"NT$1,500",1500,36779
5114,金鑽寶盒,"NT$1,000",1000,119333
5114,金鑽寶盒,NT$500,500,137718
5114,金鑽寶盒,NT$300,300,495742
5114,金鑽寶盒,NT$200,200,752720
5113,金牌777,"NT$5,000,000",5000000,4
5113,金牌777,"NT$70,000",70000,40
5113,金牌777,"NT$14,000",14000,180
5113,金牌777,"NT$5,000",5000,70140
5113,金牌777,"NT$4,200",4200,4200
5113,金牌777,"NT$3,500",3500,5600
5113,金牌777,"NT$2,500",2500,12880
5113,金牌777,"NT$1,400",1400,14000
5113,金牌777,"NT$1,000",1000,28000
5113,金牌777,NT$700,700,495600
5113,金牌777,NT$500,500,770000
5112,歡樂賓果,"NT$300,000",300000,7
5112,歡樂賓果,"NT$10,000",10000,1025
5112,歡樂賓果,"NT$2,000",2000,13243
5112,歡樂賓果,"NT$1,000",1000,23826
5112,歡樂賓果,NT$500,500,217056
5112,歡樂賓果,NT$200,200,530447
5112,歡樂賓果,NT$100,100,1402196
5111,一路發,"NT$2,000,000",2000000,5
5111,一路發,"NT$80,000",80000,14
5111,一路發,"NT$16,000",16000,106
5111,一路發,"NT$8,000",8000,810
5111,一路發,"NT$2,000",2000,14698
5111,一路發,"NT$1,600",1600,69752
5111,一路發,"NT$1,000",1000,91802
5111,一路發,NT$800,800,98694
5111,一路發,NT$500,500,33039
5111,一路發,NT$300,300,330492
5111,一路發,NT$200,200,749075
5110,加倍旺,"NT$2,000,000",2000000,3
5110,加倍旺,"NT$50,000",50000,55
5110,加倍旺,"NT$10,000",10000,170
5110,加倍旺,"NT$5,000",5000,1619
5110,加倍旺,"NT$3,000",3000,5471
5110,加倍旺,"NT$2,000",2000,12718
5110,加倍旺,"NT$1,500",1500,21796
5110,加倍旺,"NT$1,200",1200,24517
5110,加倍旺,"NT$1,000",1000,177151
5110,加倍旺,NT$600,600,27246
5110,加倍旺,NT$400,400,325217
5110,加倍旺,NT$200,200,721227
5109,刮刮金樂透,"NT$2,000,000",2000000,8
5109,刮刮金樂透,"NT$100,000",100000,19
5109,刮刮金樂透,"NT$10,000",10000,291
5109,刮刮金樂透,"NT$5,000",5000,2293
5109,刮刮金樂透,"NT$2,000",2000,25641
5109,刮刮金樂透,"NT$1,000",1000,277083
5109,刮刮金樂透,NT$500,500,685489
5109,刮刮金樂透,NT$200,200,1265267
5108,金五吉,"NT$2,000,000",2000000,4
5108,金五吉,"NT$100,000",100000,22
5108,金五吉,"NT$10,000",10000,180
5108,金五吉,"NT$5,000",5000,724
5108,金五吉,"NT$3,000",3000,1474
5108,金五吉,"NT$2,000",2000,9126
5108,金五吉,"NT$1,000",1000,172634
5108,金五吉,NT$500,500,211169
5108,金五吉,NT$300,300,376111
5108,金五吉,NT$200,200,697425
5107,星際尋寶,"NT$2,000,000",2000000,4
5107,星際尋寶,"NT$50,000",50000,30
5107,星際尋寶,"NT$10,000",10000,184
5107,星際尋寶,"NT$5,000",5000,846
5107,星際尋寶,"NT$3,000",3000,2112
5107,星際尋寶,"NT$2,000",2000,5684
5107,星際尋寶,"NT$1,500",1500,35302
5107,星際尋寶,"NT$1,000",1000,132555
5107,星際尋寶,NT$500,500,95742
5107,星際尋寶,NT$300,300,441604
5107,星際尋寶,NT$200,200,743481
5106,歡樂雙星,"NT$2,000,000",2000000,4
5106,歡樂雙星,"NT$50,000",50000,15
5106,歡樂雙星,"NT$10,000",10000,351
5106,歡樂雙星,"NT$5,000",5000,1714
5106,歡樂雙星,"NT$2,000",2000,30195
5106,歡樂雙星,"NT$1,500",1500,36731
5106,歡樂雙星,"NT$1,000",1000,84487
5106,歡樂雙星,NT$600,600,65979
5106,歡樂雙星,NT$500,500,73197
5106,歡樂雙星,NT$300,300,367103
5106,歡樂雙星,NT$200,200,808773
5105,無敵威力,"NT$3,000,000",3000000,3
5105,無敵威力,"NT$100,000",100000,13
5105,無敵威力,"NT$30,000",30000,53
5105,無敵威力,"NT$5,000",5000,1183
5105,無敵威力,"NT$3,000",3000,6654
5105,無敵威力,"NT$2,000",2000,14554
5105,無敵威力,"NT$1,500",1500,44043
5105,無敵威力,"NT$1,000",1000,465657
5105,無敵威力,NT$500,500,687996
5105,無敵威力,NT$300,300,1166838
5104,金甜蜜,"NT$300,000",300000,4
5104,金甜蜜,"NT$10,000",10000,48
5104,金甜蜜,"NT$3,000",3000,456
5104,金甜蜜,"NT$1,500",1500,9204
5104,金甜蜜,"NT$1,000",1000,9184
5104,金甜蜜,NT$800,800,27512
5104,金甜蜜,NT$500,500,91800
5104,金甜蜜,NT$300,300,88094
5104,金甜蜜,NT$200,200,387071
5104,金甜蜜,NT$100,100,901454
5103,幸運接龍,"NT$2,000,000",2000000,4
5103,幸運接龍,"NT$100,000",100000,20
5103,幸運接龍,"NT$10,000",10000,104
5103,幸運接龍,"NT$5,000",5000,2529
5103,幸運接龍,"NT$1,500",1500,11380
5103,幸運接龍,"NT$1,200",1200,13107
5103,幸運接龍,"NT$1,000",1000,183569
5103,幸運接龍,NT$500,500,179628
5103,幸運接龍,NT$300,300,540700
5103,幸運接龍,NT$200,200,700950
5102,好運發發,"NT$88,000",88000,88
5102,好運發發,"NT$8,800",8800,810
5102,好運發發,"NT$5,000",5000,901
5102,好運發發,"NT$2,000",2000,1111
5102,好運發發,"NT$1,500",1500,3304
5102,好運發發,"NT$1,000",1000,131834
5102,好運發發,NT$800,800,137919
5102,好運發發,NT$500,500,100896
5102,好運發發,NT$300,300,312900
5102,好運發發,NT$200,200,778828
5101,"鈔級1,000萬","NT$10,000,000",10000000,3
5101,"鈔級1,000萬","NT$1,000,000",1000000,6
5101,"鈔級1,000萬","NT$10,000",10000,840
5101,"鈔級1,000萬","NT$5,000",5000,6000
5101,"鈔級1,000萬","NT$3,000",3000,239976
5101,"鈔級1,000萬","NT$2,000",2000,285240
5101,"鈔級1,000萬","NT$1,000",1000,866640
5100,財富滿載,"NT$2,000,000",2000000,4
5100,財富滿載,"NT$30,000",30000,88
5100,財富滿載,"NT$10,000",10000,215
5100,財富滿載,"NT$5,000",5000,1627
5100,財富滿載,"NT$3,000",3000,9159
5100,財富滿載,"NT$2,000",2000,5466
5100,財富滿載,"NT$1,500",1500,21789
5100,財富滿載,"NT$1,000",1000,111934
5100,財富滿載,NT$500,500,138232
5100,財富滿載,NT$300,300,575023
5100,財富滿載,NT$200,200,592231
5099,超級777,"NT$2,000,000",2000000,6
5099,超級777,"NT$70,000",70000,24
5099,超級777,"NT$14,000",14000,193
5099,超級777,"NT$5,000",5000,3089
5099,超級777,"NT$2,000",2000,61811
5099,超級777,"NT$1,400",1400,63662
5099,超級777,"NT$1,000",1000,123261
5099,超級777,NT$700,700,24540
5099,超級777,NT$400,400,311999
5099,超級777,NT$300,300,342780
5099,超級777,NT$200,200,913156
5098,超級骰子樂,"NT$2,000,000",2000000,4
5098,超級骰子樂,"NT$100,000",100000,20
5098,超級骰子樂,"NT$10,000",10000,72
5098,超級骰子樂,"NT$5,000",5000,2340
5098,超級骰子樂,"NT$2,000",2000,9718
5098,超級骰子樂,"NT$1,000",1000,171906
5098,超級骰子樂,NT$500,500,146881
5098,超級骰子樂,NT$300,300,357754
5098,超級骰子樂,NT$200,200,872104
5097,黃金連線,"NT$2,000,000",2000000,6
5097,黃金連線,"NT$100,000",100000,12
5097,黃金連線,"NT$10,000",10000,197
5097,黃金連線,"NT$5,000",5000,1550
5097,黃金連線,"NT$2,000",2000,18876
5097,黃金連線,"NT$1,000",1000,224172
5097,黃金連線,NT$500,500,558876
5097,黃金連線,NT$200,200,1094298
5096,好運來6,"NT$600,000",600000,4
5096,好運來6,"NT$60,000",60000,18
5096,好運來6,"NT$5,000",5000,75
5096,好運來6,"NT$3,000",3000,185
5096,好運來6,"NT$1,800",1800,920
5096,好運來6,"NT$1,200",1200,2380
5096,好運來6,NT$600,600,183585
5096,好運來6,NT$300,300,36766
5096,好運來6,NT$200,200,294092
5096,好運來6,NT$100,100,864086
5095,金磚疊疊樂,"NT$2,000,000",2000000,3
5095,金磚疊疊樂,"NT$100,000",100000,105
5095,金磚疊疊樂,"NT$10,000",10000,323
5095,金磚疊疊樂,"NT$5,000",5000,1639
5095,金磚疊疊樂,"NT$3,000",3000,3252
5095,金磚疊疊樂,"NT$2,000",2000,8177
5095,金磚疊疊樂,"NT$1,000",1000,155310
5095,金磚疊疊樂,NT$500,500,114091
5095,金磚疊疊樂,NT$300,300,427414
5095,金磚疊疊樂,NT$200,200,716891
5094,歡樂扭蛋,"NT$2,000,000",2000000,3
5094,歡樂扭蛋,"NT$50,000",50000,16
5094,歡樂扭蛋,"NT$10,000",10000,99
5094,歡樂扭蛋,"NT$5,000",5000,1465
5094,歡樂扭蛋,"NT$3,000",3000,6893
5094,歡樂扭蛋,"NT$2,000",2000,8937
5094,歡樂扭蛋,"NT$1,000",1000,146837
5094,歡樂扭蛋,NT$800,800,57136
5094,歡樂扭蛋,NT$500,500,32637
5094,歡樂扭蛋,NT$300,300,410399
5094,歡樂扭蛋,NT$200,200,600522
5093,金麻將,"NT$3,000,000",3000000,8
5093,金麻將,"NT$100,000",100000,26
5093,金麻將,"NT$15,000",15000,6467
5093,金麻將,"NT$7,500",7500,25913
5093,金麻將,"NT$4,500",4500,27536
5093,金麻將,"NT$2,000",2000,22710
5093,金麻將,"NT$1,500",1500,65764
5093,金麻將,"NT$1,000",1000,89170
5093,金麻將,NT$800,800,32393
5093,金麻將,NT$500,500,784252
5093,金麻將,NT$300,300,1782459
5092,金幣勝開,"NT$2,000,000",2000000,4
5092,金幣勝開,"NT$50,000",50000,20
5092,金幣勝開,"NT$10,000",10000,179
5092,金幣勝開,"NT$5,000",5000,738
5092,金幣勝開,"NT$3,000",3000,3648
5092,金幣勝開,"NT$2,000",2000,7356
5092,金幣勝開,"NT$1,000",1000,172619
5092,金幣勝開,NT$500,500,203797
5092,金幣勝開,NT$300,300,381890
5092,金幣勝開,NT$200,200,698649
5091,獎金倍倍樂,"NT$2,000,000",2000000,4
5091,獎金倍倍樂,"NT$50,000",50000,34
5091,獎金倍倍樂,"NT$10,000",10000,94
5091,獎金倍倍樂,"NT$5,000",5000,1366
5091,獎金倍倍樂,"NT$3,000",3000,2734
5091,獎金倍倍樂,"NT$2,500",2500,4910
5091,獎金倍倍樂,"NT$2,000",2000,5465
5091,獎金倍倍樂,"NT$1,500",1500,36287
5091,獎金倍倍樂,"NT$1,000",1000,205305
5091,獎金倍倍樂,NT$500,500,43485
5091,獎金倍倍樂,NT$300,300,381483
5091,獎金倍倍樂,NT$200,200,726556
5090,粽夏狂歡,"NT$2,000,000",2000000,4
5090,粽夏狂歡,"NT$50,000",50000,35
5090,粽夏狂歡,"NT$10,000",10000,174
5090,粽夏狂歡,"NT$5,000",5000,810
5090,粽夏狂歡,"NT$3,000",3000,2182
5090,粽夏狂歡,"NT$2,000",2000,5883
5090,粽夏狂歡,"NT$1,500",1500,36278
5090,粽夏狂歡,"NT$1,000",1000,136067
5090,粽夏狂歡,NT$500,500,98235
5090,粽夏狂歡,NT$300,300,453235
5090,粽夏狂歡,NT$200,200,763007
5089,"樂刮$5,000","NT$3,000,000",3000000,2
5089,"樂刮$5,000","NT$100,000",100000,10
5089,"樂刮$5,000","NT$5,000",5000,139804
5089,"樂刮$5,000","NT$2,000",2000,21000
5089,"樂刮$5,000","NT$1,000",1000,74452
5089,"樂刮$5,000",NT$500,500,980000
5088,金彩對對樂,"NT$2,000,000",2000000,4
5088,金彩對對樂,"NT$50,000",50000,20
5088,金彩對對樂,"NT$10,000",10000,187
5088,金彩對對樂,"NT$5,000",5000,734
5088,金彩對對樂,"NT$3,000",3000,3685
5088,金彩對對樂,"NT$2,000",2000,7334
5088,金彩對對樂,"NT$1,000",1000,172534
5088,金彩對對樂,NT$500,500,203854
5088,金彩對對樂,NT$300,300,381750
5088,金彩對對樂,NT$200,200,698841
5087,幸運開獎機,"NT$2,000,000",2000000,5
5087,幸運開獎機,"NT$100,000",100000,36
5087,幸運開獎機,"NT$10,000",10000,1682
5087,幸運開獎機,"NT$5,000",5000,6565
5087,幸運開獎機,"NT$1,500",1500,18394
5087,幸運開獎機,"NT$1,200",1200,26900
5087,幸運開獎機,"NT$1,000",1000,159040
5087,幸運開獎機,NT$700,700,146991
5087,幸運開獎機,NT$500,500,146378
5087,幸運開獎機,NT$400,400,353208
5087,幸運開獎機,NT$200,200,978595
5086,刮呱幸運星,"NT$300,000",300000,5
5086,刮呱幸運星,"NT$10,000",10000,18
5086,刮呱幸運星,"NT$3,000",3000,362
5086,刮呱幸運星,"NT$1,500",1500,5505
5086,刮呱幸運星,"NT$1,000",1000,36558
5086,刮呱幸運星,NT$800,800,12460
5086,刮呱幸運星,NT$500,500,109761
5086,刮呱幸運星,NT$300,300,64041
5086,刮呱幸運星,NT$200,200,283367
5086,刮呱幸運星,NT$100,100,996815
5085,好運連萌,"NT$2,000,000",2000000,4
5085,好運連萌,"NT$100,000",100000,20
5085,好運連萌,"NT$10,000",10000,106
5085,好運連萌,"NT$5,000",5000,770
5085,好運連萌,"NT$3,000",3000,1824
5085,好運連萌,"NT$2,000",2000,5535
5085,好運連萌,"NT$1,000",1000,175358
5085,好運連萌,NT$500,500,102232
5085,好運連萌,NT$300,300,469202
5085,好運連萌,NT$200,200,851544
5084,決勝贏家,"NT$2,000,000",2000000,3
5084,決勝贏家,"NT$100,000",100000,40
5084,決勝贏家,"NT$10,000",10000,448
5084,決勝贏家,"NT$5,000",5000,813
5084,決勝贏家,"NT$3,000",3000,1236
5084,決勝贏家,"NT$2,000",2000,12265
5084,決勝贏家,"NT$1,000",1000,162496
5084,決勝贏家,NT$500,500,278615
5084,決勝贏家,NT$300,300,1081561
5083,"樂刮$2,000","NT$1,000,000",1000000,4
5083,"樂刮$2,000","NT$100,000",100000,11
5083,"樂刮$2,000","NT$5,000",5000,513
5083,"樂刮$2,000","NT$2,000",2000,204000
5083,"樂刮$2,000",NT$500,500,142838
5083,"樂刮$2,000",NT$300,300,101954
5083,"樂刮$2,000",NT$200,200,830856
5082,媽祖保庇,"NT$2,000,000",2000000,4
5082,媽祖保庇,"NT$50,000",50000,42
5082,媽祖保庇,"NT$10,000",10000,206
5082,媽祖保庇,"NT$5,000",5000,997
5082,媽祖保庇,"NT$3,000",3000,2442
5082,媽祖保庇,"NT$2,000",2000,6639
5082,媽祖保庇,"NT$1,500",1500,40801
5082,媽祖保庇,"NT$1,000",1000,153127
5082,媽祖保庇,NT$500,500,110617
5082,媽祖保庇,NT$300,300,510034
5082,媽祖保庇,NT$200,200,858339
5081,無敵777,"NT$3,000,000",3000000,5
5081,無敵777,"NT$70,000",70000,66
5081,無敵777,"NT$14,000",14000,290
5081,無敵777,"NT$5,000",5000,338
5081,無敵777,"NT$4,200",4200,1429
5081,無敵777,"NT$3,500",3500,4047
5081,無敵777,"NT$2,100",2100,142428
5081,無敵777,"NT$1,400",1400,41525
5081,無敵777,"NT$1,000",1000,78321
5081,無敵777,NT$700,700,37988
5081,無敵777,NT$500,500,682392
5081,無敵777,NT$300,300,1147291
5080,歡樂比大小,"NT$2,000,000",2000000,6
5080,歡樂比大小,"NT$50,000",50000,48
5080,歡樂比大小,"NT$10,000",10000,194
5080,歡樂比大小,"NT$5,000",5000,1939
5080,歡樂比大小,"NT$3,000",3000,7302
5080,歡樂比大小,"NT$2,000",2000,14613
5080,歡樂比大小,"NT$1,500",1500,61852
5080,歡樂比大小,"NT$1,000",1000,165262
5080,歡樂比大小,NT$500,500,126334
5080,歡樂比大小,NT$300,300,656200
5080,歡樂比大小,NT$200,200,972043
5079,鈔票滿天飛,"NT$2,000,000",2000000,7
5079,鈔票滿天飛,"NT$50,000",50000,30
5079,鈔票滿天飛,"NT$10,000",10000,173
5079,鈔票滿天飛,"NT$5,000",5000,2030
5079,鈔票滿天飛,"NT$2,000",2000,29365
5079,鈔票滿天飛,"NT$1,500",1500,60153
5079,鈔票滿天飛,"NT$1,000",1000,295935
5079,鈔票滿天飛,NT$500,500,49024
5079,鈔票滿天飛,NT$300,300,440685
5079,鈔票滿天飛,NT$200,200,835921
5078,招財貓,"NT$300,000",300000,5
5078,招財貓,"NT$10,000",10000,60
5078,招財貓,"NT$3,000",3000,833
5078,招財貓,"NT$2,000",2000,1601
5078,招財貓,"NT$1,500",1500,9811
5078,招財貓,"NT$1,000",1000,24389
5078,招財貓,NT$800,800,24576
5078,招財貓,NT$500,500,99071
5078,招財貓,NT$300,300,107668
5078,招財貓,NT$200,200,558124
5078,招財貓,NT$100,100,1224134
5077,鑽很大,"NT$5,000,000",5000000,4
5077,鑽很大,"NT$100,000",100000,16
5077,鑽很大,"NT$50,000",50000,64
5077,鑽很大,"NT$10,000",10000,640
5077,鑽很大,"NT$5,000",5000,84320
5077,鑽很大,"NT$2,000",2000,27600
5077,鑽很大,"NT$1,000",1000,160000
5077,鑽很大,NT$600,600,344000
5077,鑽很大,NT$500,500,988800
5076,旺旺來,"NT$300,000",300000,7
5076,旺旺來,"NT$10,000",10000,80
5076,旺旺來,"NT$3,000",3000,1390
5076,旺旺來,"NT$1,500",1500,11934
5076,旺旺來,"NT$1,000",1000,31088
5076,旺旺來,NT$800,800,29280
5076,旺旺來,NT$500,500,181157
5076,旺旺來,NT$300,300,179374
5076,旺旺來,NT$200,200,643117
5076,旺旺來,NT$100,100,1615675
5075,超速777,"NT$700,000",700000,6
5075,超速777,"NT$70,000",70000,40
5075,超速777,"NT$5,000",5000,520
5075,超速777,"NT$2,000",2000,2399
5075,超速777,"NT$1,400",1400,13101
5075,超速777,"NT$1,200",1200,13712
5075,超速777,"NT$1,000",1000,27383
5075,超速777,NT$700,700,119065
5075,超速777,NT$500,500,75127
5075,超速777,NT$300,300,327906
5075,超速777,NT$200,200,326328
5075,超速777,NT$100,100,1380768
5074,恭喜發財,"NT$2,000,000",2000000,8
5074,恭喜發財,"NT$100,000",100000,160
5074,恭喜發財,"NT$10,000",10000,644
5074,恭喜發財,"NT$5,000",5000,6467
5074,恭喜發財,"NT$3,000",3000,13147
5074,恭喜發財,"NT$2,000",2000,26050
5074,恭喜發財,"NT$1,500",1500,52146
5074,恭喜發財,"NT$1,000",1000,163214
5074,恭喜發財,NT$500,500,169726
5074,恭喜發財,NT$300,300,1109674
5074,恭喜發財,NT$200,200,1273489
5073,蛇麼都發,"NT$2,000,000",2000000,6
5073,蛇麼都發,"NT$100,000",100000,30
5073,蛇麼都發,"NT$10,000",10000,646
5073,蛇麼都發,"NT$5,000",5000,1307
5073,蛇麼都發,"NT$3,000",3000,2601
5073,蛇麼都發,"NT$2,000",2000,19600
5073,蛇麼都發,"NT$1,000",1000,233351
5073,蛇麼都發,NT$500,500,470044
5073,蛇麼都發,NT$300,300,913930
5073,蛇麼都發,NT$200,200,1133104
5072,招財進寶,"NT$5,000,000",5000000,4
5072,招財進寶,"NT$100,000",100000,80
5072,招財進寶,"NT$50,000",50000,200
5072,招財進寶,"NT$10,000",10000,4800
5072,招財進寶,"NT$5,000",5000,100100
5072,招財進寶,"NT$2,000",2000,32000
5072,招財進寶,"NT$1,000",1000,163800
5072,招財進寶,NT$600,600,360000
5072,招財進寶,NT$500,500,1439200
5071,聚寶盆,"NT$500,000",500000,8
5071,聚寶盆,"NT$50,000",50000,16
5071,聚寶盆,"NT$10,000",10000,33
5071,聚寶盆,"NT$5,000",5000,65
5071,聚寶盆,"NT$2,000",2000,134
5071,聚寶盆,"NT$1,500",1500,257
5071,聚寶盆,"NT$1,000",1000,806
5071,聚寶盆,NT$800,800,1461
5071,聚寶盆,NT$700,700,1304
5071,聚寶盆,NT$600,600,4900
5071,聚寶盆,NT$500,500,267684
5071,聚寶盆,NT$200,200,1179729
5071,聚寶盆,NT$100,100,1240508
5070,金蛇報喜,"NT$100,000",100000,600
5070,金蛇報喜,"NT$10,000",10000,500
5070,金蛇報喜,"NT$5,000",5000,825
5070,金蛇報喜,"NT$2,000",2000,11077
5070,金蛇報喜,"NT$1,000",1000,16318
5070,金蛇報喜,NT$500,500,114320
5070,金蛇報喜,NT$300,300,1018435
5070,金蛇報喜,NT$200,200,2946323
5069,黃金滿屋,"NT$2,000,000",2000000,9
5069,黃金滿屋,"NT$100,000",100000,100
5069,黃金滿屋,"NT$10,000",10000,647
5069,黃金滿屋,"NT$5,000",5000,16067
5069,黃金滿屋,"NT$2,500",2500,9715
5069,黃金滿屋,"NT$2,000",2000,32258
5069,黃金滿屋,"NT$1,500",1500,9647
5069,黃金滿屋,"NT$1,200",1200,9647
5069,黃金滿屋,"NT$1,000",1000,169208
5069,黃金滿屋,NT$500,500,161116
5069,黃金滿屋,NT$300,300,966706
5069,黃金滿屋,NT$200,200,1308049
5068,財神發紅包,"NT$5,000,000",5000000,8
5068,財神發紅包,"NT$100,000",100000,42
5068,財神發紅包,"NT$50,000",50000,165
5068,財神發紅包,"NT$10,000",10000,672
5068,財神發紅包,"NT$5,000",5000,127920
5068,財神發紅包,"NT$2,000",2000,57600
5068,財神發紅包,"NT$1,000",1000,220800
5068,財神發紅包,NT$600,600,480000
5068,財神發紅包,NT$500,500,1555920
5067,"1,200萬大吉利","NT$12,000,000",12000000,6
5067,"1,200萬大吉利","NT$1,000,000",1000000,175
5067,"1,200萬大吉利","NT$100,000",100000,225
5067,"1,200萬大吉利","NT$50,000",50000,448
5067,"1,200萬大吉利","NT$10,000",10000,2800
5067,"1,200萬大吉利","NT$5,000",5000,56000
5067,"1,200萬大吉利","NT$2,000",2000,619640
5067,"1,200萬大吉利","NT$1,500",1500,425600
5067,"1,200萬大吉利","NT$1,200",1200,229600
5067,"1,200萬大吉利","NT$1,000",1000,1288000
5067,"1,200萬大吉利",NT$500,500,2277800
5066,蛇年行大運,"NT$50,000",50000,150
5066,蛇年行大運,"NT$5,000",5000,200
5066,蛇年行大運,"NT$2,000",2000,3167
5066,蛇年行大運,"NT$1,500",1500,5901
5066,蛇年行大運,"NT$1,000",1000,9764
5066,蛇年行大運,NT$800,800,17911
5066,蛇年行大運,NT$500,500,78403
5066,蛇年行大運,NT$300,300,52187
5066,蛇年行大運,NT$200,200,111218
5066,蛇年行大運,NT$100,100,3808930
5065,祈福開運,"NT$2,000,000",2000000,6
5065,祈福開運,"NT$100,000",100000,48
5065,祈福開運,"NT$10,000",10000,616
5065,祈福開運,"NT$5,000",5000,1279
5065,祈福開運,"NT$3,000",3000,2607
5065,祈福開運,"NT$2,000",2000,19684
5065,祈福開運,"NT$1,000",1000,233241
5065,祈福開運,NT$500,500,469812
5065,祈福開運,NT$300,300,914046
5065,祈福開運,NT$200,200,1133111
5064,年貨大街,"NT$2,000,000",2000000,6
5064,年貨大街,"NT$100,000",100000,48
5064,年貨大街,"NT$10,000",10000,626
5064,年貨大街,"NT$5,000",5000,1325
5064,年貨大街,"NT$3,000",3000,2785
5064,年貨大街,"NT$2,000",2000,21189
5064,年貨大街,"NT$1,000",1000,264433
5064,年貨大街,NT$500,500,434088
5064,年貨大街,NT$300,300,886220
5064,年貨大街,NT$200,200,1081982
5063,鈔票一把抓,"NT$3,000,000",3000000,8
5063,鈔票一把抓,"NT$100,000",100000,40
5063,鈔票一把抓,"NT$15,000",15000,6542
5063,鈔票一把抓,"NT$4,500",4500,61489
5063,鈔票一把抓,"NT$1,500",1500,101086
5063,鈔票一把抓,"NT$1,000",1000,94647
5063,鈔票一把抓,NT$500,500,815994
5063,鈔票一把抓,NT$300,300,1942483
5062,金蛇獎,"NT$3,000,000",3000000,13
5062,金蛇獎,"NT$50,000",50000,47
5062,金蛇獎,"NT$10,000",10000,140
5062,金蛇獎,"NT$5,000",5000,3496
5062,金蛇獎,"NT$2,000",2000,43400
5062,金蛇獎,"NT$1,500",1500,78400
5062,金蛇獎,"NT$1,000",1000,658364
5062,金蛇獎,NT$800,800,84000
5062,金蛇獎,NT$600,600,142800
5062,金蛇獎,NT$500,500,1680000
5062,金蛇獎,NT$300,300,53200
5062,金蛇獎,NT$200,200,224000
5062,金蛇獎,NT$100,100,4032140
5061,"2,000萬超級紅包","NT$20,000,000",20000000,10
5061,"2,000萬超級紅包","NT$1,000,000",1000000,1200
5061,"2,000萬超級紅包","NT$100,000",100000,5474
5061,"2,000萬超級紅包","NT$30,000",30000,4830
5061,"2,000萬超級紅包","NT$10,000",10000,63710
5061,"2,000萬超級紅包","NT$5,000",5000,1108370
5061,"2,000萬超級紅包","NT$2,000",2000,2189140
5061,"2,000萬超級紅包","NT$1,000",1000,4600000
5060,超級幸運星,"NT$2,000,000",2000000,5
5060,超級幸運星,"NT$100,000",100000,30
5060,超級幸運星,"NT$10,000",10000,246
5060,超級幸運星,"NT$5,000",5000,1098
5060,超級幸運星,"NT$3,000",3000,1956
5060,超級幸運星,"NT$2,000",2000,12240
5060,超級幸運星,"NT$1,000",1000,230129
5060,超級幸運星,NT$500,500,281494
5060,超級幸運星,NT$300,300,501265
5060,超級幸運星,NT$200,200,930038
5059,心想事成,"NT$2,000,000",2000000,5
5059,心想事成,"NT$100,000",100000,20
5059,心想事成,"NT$10,000",10000,101
5059,心想事成,"NT$5,000",5000,736
5059,心想事成,"NT$3,000",3000,1474
5059,心想事成,"NT$2,000",2000,11702
5059,心想事成,"NT$1,000",1000,230785
5059,心想事成,NT$500,500,244785
5059,心想事成,NT$300,300,428131
5059,心想事成,NT$200,200,1162720
5058,歡樂賓果,"NT$300,000",300000,6
5058,歡樂賓果,"NT$10,000",10000,960
5058,歡樂賓果,"NT$2,000",2000,12238
5058,歡樂賓果,"NT$1,000",1000,21962
5058,歡樂賓果,NT$500,500,200271
5058,歡樂賓果,NT$200,200,489585
5058,歡樂賓果,NT$100,100,1294773
5057,百萬響叮噹,"NT$1,000,000",1000000,50
5057,百萬響叮噹,"NT$50,000",50000,20
5057,百萬響叮噹,"NT$10,000",10000,81
5057,百萬響叮噹,"NT$5,000",5000,1121
5057,百萬響叮噹,"NT$2,000",2000,9819
5057,百萬響叮噹,"NT$1,000",1000,193332
5057,百萬響叮噹,NT$500,500,234957
5057,百萬響叮噹,NT$300,300,541031
5057,百萬響叮噹,NT$200,200,1038805
5056,猜拳高手,"NT$2,000,000",2000000,6
5056,猜拳高手,"NT$50,000",50000,144
5056,猜拳高手,"NT$10,000",10000,253
5056,猜拳高手,"NT$5,000",5000,1591
5056,猜拳高手,"NT$3,000",3000,3670
5056,猜拳高手,"NT$2,000",2000,14703
5056,猜拳高手,"NT$1,500",1500,39148
5056,猜拳高手,"NT$1,000",1000,188510
5056,猜拳高手,NT$500,500,174310
5056,猜拳高手,NT$300,300,591164
5056,猜拳高手,NT$200,200,883695
5055,金幣大作戰,"NT$3,000,000",3000000,3
5055,金幣大作戰,"NT$100,000",100000,10
5055,金幣大作戰,"NT$10,000",10000,51
5055,金幣大作戰,"NT$5,000",5000,984
5055,金幣大作戰,"NT$2,000",2000,12281
5055,金幣大作戰,"NT$1,500",1500,47951
5055,金幣大作戰,"NT$1,000",1000,428448
5055,金幣大作戰,NT$600,600,164947
5055,金幣大作戰,NT$500,500,447000
5055,金幣大作戰,NT$300,300,1101488
5054,歡樂鑽滿天,"NT$2,000,000",2000000,6
5054,歡樂鑽滿天,"NT$30,000",30000,72
5054,歡樂鑽滿天,"NT$10,000",10000,249
5054,歡樂鑽滿天,"NT$5,000",5000,2188
5054,歡樂鑽滿天,"NT$3,000",3000,3602
5054,歡樂鑽滿天,"NT$2,000",2000,7277
5054,歡樂鑽滿天,"NT$1,500",1500,22747
5054,歡樂鑽滿天,"NT$1,000",1000,146658
5054,歡樂鑽滿天,NT$500,500,145043
5054,歡樂鑽滿天,NT$300,300,859343
5054,歡樂鑽滿天,NT$200,200,929293
5053,獎金樂翻倍,"NT$2,000,000",2000000,5
5053,獎金樂翻倍,"NT$100,000",100000,20
5053,獎金樂翻倍,"NT$10,000",10000,77
5053,獎金樂翻倍,"NT$5,000",5000,737
5053,獎金樂翻倍,"NT$3,000",3000,1206
5053,獎金樂翻倍,"NT$2,000",2000,10875
5053,獎金樂翻倍,"NT$1,000",1000,292338
5053,獎金樂翻倍,NT$500,500,158657
5053,獎金樂翻倍,NT$300,300,573634
5053,獎金樂翻倍,NT$200,200,854406
5052,哈樂贏,"NT$2,000,000",2000000,5
5052,哈樂贏,"NT$100,000",100000,97
5052,哈樂贏,"NT$10,000",10000,730
5052,哈樂贏,"NT$5,000",5000,2437
5052,哈樂贏,"NT$3,000",3000,3928
5052,哈樂贏,"NT$2,000",2000,11767
5052,哈樂贏,"NT$1,000",1000,226398
5052,哈樂贏,NT$500,500,161540
5052,哈樂贏,NT$300,300,541947
5052,哈樂贏,NT$200,200,1071017
5051,10來添金,"NT$5,000,000",5000000,3
5051,10來添金,"NT$100,000",100000,36
5051,10來添金,"NT$50,000",50000,90
5051,10來添金,"NT$10,000",10000,1020
5051,10來添金,"NT$5,000",5000,60480
5051,10來添金,"NT$2,000",2000,25200
5051,10來添金,"NT$1,000",1000,74400
5051,10來添金,NT$600,600,250080
5051,10來添金,NT$500,500,818760
5050,萬勝大吉,"NT$500,000",500000,5
5050,萬勝大吉,"NT$50,000",50000,18
5050,萬勝大吉,"NT$5,000",5000,219
5050,萬勝大吉,"NT$3,000",3000,830
5050,萬勝大吉,"NT$2,000",2000,1659
5050,萬勝大吉,"NT$1,000",1000,2995
5050,萬勝大吉,NT$800,800,5744
5050,萬勝大吉,NT$500,500,212995
5050,萬勝大吉,NT$200,200,656604
5050,萬勝大吉,NT$100,100,807939
5049,必勝派對,"NT$2,000,000",2000000,5
5049,必勝派對,"NT$50,000+12個必勝客大比薩",50000,100
5049,必勝派對,"NT$10,000",10000,225
5049,必勝派對,"NT$5,000",5000,548
5049,必勝派對,"NT$3,000",3000,1594
5049,必勝派對,"NT$2,000",2000,10098
5049,必勝派對,"NT$1,500",1500,36445
5049,必勝派對,"NT$1,000",1000,141300
5049,必勝派對,NT$500,500,168174
5049,必勝派對,NT$300,300,605965
5049,必勝派對,NT$200,200,942862
5048,一路發,"NT$2,000,000",2000000,6
5048,一路發,"NT$80,000",80000,20
5048,一路發,"NT$16,000",16000,128
5048,一路發,"NT$8,000",8000,996
5048,一路發,"NT$2,000",2000,17940
5048,一路發,"NT$1,600",1600,85306
5048,一路發,"NT$1,000",1000,112157
5048,一路發,NT$800,800,120580
5048,一路發,NT$500,500,40471
5048,一路發,NT$300,300,403903
5048,一路發,NT$200,200,915515
5047,金愛台灣,"NT$2,000,000",2000000,5
5047,金愛台灣,"NT$100,000",100000,25
5047,金愛台灣,"NT$10,000",10000,217
5047,金愛台灣,"NT$5,000",5000,895
5047,金愛台灣,"NT$3,000",3000,1784
5047,金愛台灣,"NT$2,000",2000,11255
5047,金愛台灣,"NT$1,000",1000,210890
5047,金愛台灣,NT$500,500,258114
5047,金愛台灣,NT$300,300,459278
5047,金愛台灣,NT$200,200,852700
5046,加倍旺,"NT$2,000,000",2000000,4
5046,加倍旺,"NT$50,000",50000,60
5046,加倍旺,"NT$10,000",10000,182
5046,加倍旺,"NT$5,000",5000,2022
5046,加倍旺,"NT$3,000",3000,6745
5046,加倍旺,"NT$2,000",2000,15689
5046,加倍旺,"NT$1,500",1500,26898
5046,加倍旺,"NT$1,200",1200,30410
5046,加倍旺,"NT$1,000",1000,218740
5046,加倍旺,NT$600,600,33644
5046,加倍旺,NT$400,400,401693
5046,加倍旺,NT$200,200,890860
5045,無敵威力,"NT$3,000,000",3000000,3
5045,無敵威力,"NT$100,000",100000,12
5045,無敵威力,"NT$30,000",30000,46
5045,無敵威力,"NT$5,000",5000,1110
5045,無敵威力,"NT$3,000",3000,6100
5045,無敵威力,"NT$2,000",2000,13435
5045,無敵威力,"NT$1,500",1500,40664
5045,無敵威力,"NT$1,000",1000,428427
5045,無敵威力,NT$500,500,636442
5045,無敵威力,NT$300,300,1077158
5044,金喜圓滿,"NT$2,000,000",2000000,5
5044,金喜圓滿,"NT$50,000",50000,12
5044,金喜圓滿,"NT$10,000",10000,62
5044,金喜圓滿,"NT$5,000",5000,329
5044,金喜圓滿,"NT$3,000",3000,1803
5044,金喜圓滿,"NT$2,000",2000,7442
5044,金喜圓滿,"NT$1,500",1500,26917
5044,金喜圓滿,"NT$1,000",1000,245121
5044,金喜圓滿,NT$500,500,44803
5044,金喜圓滿,NT$300,300,493717
5044,金喜圓滿,NT$200,200,1031162
5043,"1,000萬大富翁","NT$10,000,000",10000000,3
5043,"1,000萬大富翁","NT$1,000,000",1000000,5
5043,"1,000萬大富翁","NT$10,000",10000,1250
5043,"1,000萬大富翁","NT$5,000",5000,9000
5043,"1,000萬大富翁","NT$2,000",2000,502500
5043,"1,000萬大富翁","NT$1,000",1000,536400
5043,"1,000萬大富翁",NT$500,500,451100
5042,錢進888,"NT$800,000",800000,4
5042,錢進888,"NT$80,000",80000,10
5042,錢進888,"NT$8,000",8000,171
5042,錢進888,"NT$1,600",1600,6817
5042,錢進888,"NT$1,000",1000,9552
5042,錢進888,NT$800,800,44936
5042,錢進888,NT$500,500,122439
5042,錢進888,NT$400,400,52653
5042,錢進888,NT$300,300,98049
5042,錢進888,NT$200,200,429462
5042,錢進888,NT$100,100,1077831
5041,點食成金,"NT$2,000,000",2000000,5
5041,點食成金,"NT$50,000",50000,150
5041,點食成金,"NT$10,000",10000,217
5041,點食成金,"NT$5,000",5000,1480
5041,點食成金,"NT$3,000",3000,3383
5041,點食成金,"NT$2,000",2000,13495
5041,點食成金,"NT$1,500",1500,35850
5041,點食成金,"NT$1,000",1000,172681
5041,點食成金,NT$500,500,159940
5041,點食成金,NT$300,300,541921
5041,點食成金,NT$200,200,810077
5040,喜八啦,"NT$2,000,000",2000000,4
5040,喜八啦,"NT$50,000",50000,50
5040,喜八啦,"NT$10,000",10000,308
5040,喜八啦,"NT$5,000",5000,3586
5040,喜八啦,"NT$3,000",3000,10958
5040,喜八啦,"NT$2,000",2000,12113
5040,喜八啦,"NT$1,200",1200,36347
5040,喜八啦,"NT$1,000",1000,178555
5040,喜八啦,NT$800,800,24205
5040,喜八啦,NT$500,500,48205
5040,喜八啦,NT$300,300,591972
5040,喜八啦,NT$200,200,1087912
5039,麻將賓果,"NT$2,000,000",2000000,5
5039,麻將賓果,"NT$100,000",100000,10
5039,麻將賓果,"NT$10,000",10000,18
5039,麻將賓果,"NT$5,000",5000,1001
5039,麻將賓果,"NT$2,000",2000,14488
5039,麻將賓果,"NT$1,000",1000,198959
5039,麻將賓果,NT$500,500,676683
5039,麻將賓果,NT$200,200,1075430
5038,雙寵好運,"NT$2,000,000",2000000,6
5038,雙寵好運,"NT$30,000",30000,72
5038,雙寵好運,"NT$10,000",10000,233
5038,雙寵好運,"NT$5,000",5000,2177
5038,雙寵好運,"NT$3,000",3000,3623
5038,雙寵好運,"NT$2,000",2000,7233
5038,雙寵好運,"NT$1,500",1500,22690
5038,雙寵好運,"NT$1,000",1000,146513
5038,雙寵好運,NT$500,500,145070
5038,雙寵好運,NT$300,300,858457
5038,雙寵好運,NT$200,200,928486
5037,尋寶派對,"NT$2,000,000",2000000,5
5037,尋寶派對,"NT$100,000",100000,36
5037,尋寶派對,"NT$10,000",10000,235
5037,尋寶派對,"NT$5,000",5000,964
5037,尋寶派對,"NT$3,000",3000,1909
5037,尋寶派對,"NT$2,000",2000,12020
5037,尋寶派對,"NT$1,000",1000,226258
5037,尋寶派對,NT$500,500,276821
5037,尋寶派對,NT$300,300,492771
5037,尋寶派對,NT$200,200,914360
5036,刮刮金樂透,"NT$2,000,000",2000000,7
5036,刮刮金樂透,"NT$100,000",100000,13
5036,刮刮金樂透,"NT$10,000",10000,249
5036,刮刮金樂透,"NT$5,000",5000,1962
5036,刮刮金樂透,"NT$2,000",2000,22061
5036,刮刮金樂透,"NT$1,000",1000,237430
5036,刮刮金樂透,NT$500,500,587543
5036,刮刮金樂透,NT$200,200,1084459
5035,幸運10倍,"NT$300,000",300000,3
5035,幸運10倍,"NT$10,000",10000,60
5035,幸運10倍,"NT$5,000",5000,117
5035,幸運10倍,"NT$2,000",2000,1090
5035,幸運10倍,"NT$1,500",1500,3647
5035,幸運10倍,"NT$1,000",1000,59557
5035,幸運10倍,NT$500,500,304752
5035,幸運10倍,NT$300,300,44076
5035,幸運10倍,NT$200,200,205844
5035,幸運10倍,NT$100,100,910922
5034,超級20倍,"NT$2,000,000",2000000,3
5034,超級20倍,"NT$30,000",30000,40
5034,超級20倍,"NT$10,000",10000,202
5034,超級20倍,"NT$5,000",5000,483
5034,超級20倍,"NT$3,000",3000,1222
5034,超級20倍,"NT$2,000",2000,5649
5034,超級20倍,"NT$1,500",1500,7351
5034,超級20倍,"NT$1,000",1000,413699
5034,超級20倍,NT$500,500,97888
5034,超級20倍,NT$300,300,210475
5034,超級20倍,NT$200,200,976486
5033,無敵30倍,"NT$3,000,000",3000000,3
5033,無敵30倍,"NT$100,000",100000,15
5033,無敵30倍,"NT$30,000",30000,99
5033,無敵30倍,"NT$15,000",15000,618
5033,無敵30倍,"NT$9,000",9000,1010
5033,無敵30倍,"NT$5,000",5000,2450
5033,無敵30倍,"NT$3,000",3000,4921
5033,無敵30倍,"NT$2,000",2000,4869
5033,無敵30倍,"NT$1,500",1500,358467
5033,無敵30倍,"NT$1,000",1000,45268
5033,無敵30倍,NT$600,600,62562
5033,無敵30倍,NT$500,500,394053
5033,無敵30倍,NT$300,300,1023192
5032,金喜連連,"NT$500,000",500000,6
5032,金喜連連,"NT$10,000",10000,240
5032,金喜連連,"NT$5,000",5000,487
5032,金喜連連,"NT$3,000",3000,739
5032,金喜連連,"NT$2,000",2000,1234
5032,金喜連連,"NT$1,500",1500,11004
5032,金喜連連,"NT$1,000",1000,14688
5032,金喜連連,NT$800,800,17524
5032,金喜連連,NT$500,500,137920
5032,金喜連連,NT$300,300,127297
5032,金喜連連,NT$200,200,423508
5032,金喜連連,NT$100,100,1175157
5031,"樂刮$2,000","NT$1,000,000",1000000,5
5031,"樂刮$2,000","NT$100,000",100000,13
5031,"樂刮$2,000","NT$5,000",5000,606
5031,"樂刮$2,000","NT$2,000",2000,241708
5031,"樂刮$2,000",NT$500,500,169204
5031,"樂刮$2,000",NT$300,300,120857
5031,"樂刮$2,000",NT$200,200,984494
5030,歡喜慶端午,"NT$2,000,000",2000000,5
5030,歡喜慶端午,"NT$50,000",50000,50
5030,歡喜慶端午,"NT$10,000",10000,214
5030,歡喜慶端午,"NT$5,000",5000,1218
5030,歡喜慶端午,"NT$3,000",3000,2923
5030,歡喜慶端午,"NT$2,000",2000,7919
5030,歡喜慶端午,"NT$1,500",1500,48623
5030,歡喜慶端午,"NT$1,000",1000,182491
5030,歡喜慶端午,NT$500,500,131820
5030,歡喜慶端午,NT$300,300,607947
5030,歡喜慶端午,NT$200,200,1023319
5029,財氣爆棚,"NT$5,000,000",5000000,3
5029,財氣爆棚,"NT$100,000",100000,50
5029,財氣爆棚,"NT$50,000",50000,110
5029,財氣爆棚,"NT$10,000",10000,2760
5029,財氣爆棚,"NT$5,000",5000,59760
5029,財氣爆棚,"NT$2,000",2000,19200
5029,財氣爆棚,"NT$1,000",1000,98160
5029,財氣爆棚,NT$600,600,216000
5029,財氣爆棚,NT$500,500,864000
5028,歡樂向錢衝,"NT$2,000,000",2000000,6
5028,歡樂向錢衝,"NT$50,000",50000,144
5028,歡樂向錢衝,"NT$10,000",10000,246
5028,歡樂向錢衝,"NT$5,000",5000,1580
5028,歡樂向錢衝,"NT$3,000",3000,3667
5028,歡樂向錢衝,"NT$2,000",2000,14694
5028,歡樂向錢衝,"NT$1,500",1500,39181
5028,歡樂向錢衝,"NT$1,000",1000,188484
5028,歡樂向錢衝,NT$500,500,174328
5028,歡樂向錢衝,NT$300,300,591202
5028,歡樂向錢衝,NT$200,200,883812
5027,獎金嘉年華,"NT$2,000,000",2000000,4
5027,獎金嘉年華,"NT$100,000",100000,48
5027,獎金嘉年華,"NT$10,000",10000,537
5027,獎金嘉年華,"NT$5,000",5000,975
5027,獎金嘉年華,"NT$3,000",3000,1466
5027,獎金嘉年華,"NT$2,000",2000,14665
5027,獎金嘉年華,"NT$1,000",1000,195032
5027,獎金嘉年華,NT$500,500,333958
5027,獎金嘉年華,NT$300,300,1294231
5026,幸運投籃機,"NT$300,000",300000,6
5026,幸運投籃機,"NT$10,000",10000,720
5026,幸運投籃機,"NT$3,000",3000,2442
5026,幸運投籃機,"NT$1,500",1500,7370
5026,幸運投籃機,"NT$1,000",1000,20300
5026,幸運投籃機,NT$500,500,227646
5026,幸運投籃機,NT$200,200,416076
5026,幸運投籃機,NT$100,100,1222875
5025,轉出好運,"NT$2,000,000",2000000,5
5025,轉出好運,"NT$50,000",50000,20
5025,轉出好運,"NT$10,000",10000,96
5025,轉出好運,"NT$5,000",5000,1486
5025,轉出好運,"NT$3,000",3000,7289
5025,轉出好運,"NT$2,000",2000,9595
5025,轉出好運,"NT$1,500",1500,36724
5025,轉出好運,"NT$1,000",1000,251452
5025,轉出好運,NT$500,500,48935
5025,轉出好運,NT$300,300,467196
5025,轉出好運,NT$200,200,1135870
5024,瘋狂跳舞機,"NT$600,000",600000,6
5024,瘋狂跳舞機,"NT$10,000",10000,60
5024,瘋狂跳舞機,"NT$5,000",5000,844
5024,瘋狂跳舞機,"NT$3,000",3000,2433
5024,瘋狂跳舞機,"NT$2,000",2000,4872
5024,瘋狂跳舞機,"NT$1,500",1500,11067
5024,瘋狂跳舞機,"NT$1,000",1000,31847
5024,瘋狂跳舞機,NT$800,800,32269
5024,瘋狂跳舞機,NT$500,500,110214
5024,瘋狂跳舞機,NT$300,300,95992
5024,瘋狂跳舞機,NT$200,200,342658
5024,瘋狂跳舞機,NT$100,100,1210063
5023,幸運拉霸,"NT$2,000,000",2000000,6
5023,幸運拉霸,"NT$100,000",100000,96
5023,幸運拉霸,"NT$10,000",10000,248
5023,幸運拉霸,"NT$5,000",5000,1953
5023,幸運拉霸,"NT$3,000",3000,7891
5023,幸運拉霸,"NT$2,000",2000,15885
5023,幸運拉霸,"NT$1,000",1000,220872
5023,幸運拉霸,NT$500,500,97886
5023,幸運拉霸,NT$300,300,766379
5023,幸運拉霸,NT$200,200,908068
5022,鈔票滿天飛,"NT$2,000,000",2000000,7
5022,鈔票滿天飛,"NT$50,000",50000,30
5022,鈔票滿天飛,"NT$10,000",10000,166
5022,鈔票滿天飛,"NT$5,000",5000,2023
5022,鈔票滿天飛,"NT$2,000",2000,29333
5022,鈔票滿天飛,"NT$1,500",1500,60243
5022,鈔票滿天飛,"NT$1,000",1000,295876
5022,鈔票滿天飛,NT$500,500,48982
5022,鈔票滿天飛,NT$300,300,440748
5022,鈔票滿天飛,NT$200,200,835913
5021,海底大尋寶,"NT$3,000,000",3000000,3
5021,海底大尋寶,"NT$100,000",100000,26
5021,海底大尋寶,"NT$10,000",10000,35
5021,海底大尋寶,"NT$5,000",5000,1558
5021,海底大尋寶,"NT$2,000",2000,16824
5021,海底大尋寶,"NT$1,500",1500,44611
5021,海底大尋寶,"NT$1,000",1000,422543
5021,海底大尋寶,NT$600,600,224996
5021,海底大尋寶,NT$500,500,467870
5021,海底大尋寶,NT$300,300,989561
5020,超級777,"NT$2,000,000",2000000,6
5020,超級777,"NT$70,000",70000,24
5020,超級777,"NT$14,000",14000,192
5020,超級777,"NT$5,000",5000,3049
5020,超級777,"NT$2,000",2000,61250
5020,超級777,"NT$1,400",1400,63033
5020,超級777,"NT$1,000",1000,122146
5020,超級777,NT$700,700,24355
5020,超級777,NT$400,400,308987
5020,超級777,NT$300,300,339588
5020,超級777,NT$200,200,904579
5019,釣魚高手,"NT$2,000,000",2000000,6
5019,釣魚高手,"NT$50,000",50000,48
5019,釣魚高手,"NT$10,000",10000,194
5019,釣魚高手,"NT$5,000",5000,1934
5019,釣魚高手,"NT$3,000",3000,7394
5019,釣魚高手,"NT$2,000",2000,14710
5019,釣魚高手,"NT$1,500",1500,62274
5019,釣魚高手,"NT$1,000",1000,166466
5019,釣魚高手,NT$500,500,127315
5019,釣魚高手,NT$300,300,660939
5019,釣魚高手,NT$200,200,979251
5018,超級麻將,"NT$5,000,000",5000000,5
5018,超級麻將,"NT$100,000",100000,16
5018,超級麻將,"NT$50,000",50000,60
5018,超級麻將,"NT$10,000",10000,720
5018,超級麻將,"NT$5,000",5000,85200
5018,超級麻將,"NT$2,000",2000,39040
5018,超級麻將,"NT$1,000",1000,160000
5018,超級麻將,NT$600,600,344000
5018,超級麻將,NT$500,500,997600
5017,良橙吉時,"NT$300,000",300000,7
5017,良橙吉時,"NT$10,000",10000,80
5017,良橙吉時,"NT$3,000",3000,1642
5017,良橙吉時,"NT$1,500",1500,12155
5017,良橙吉時,"NT$1,000",1000,31005
5017,良橙吉時,NT$800,800,30362
5017,良橙吉時,NT$500,500,181188
5017,良橙吉時,NT$300,300,163204
5017,良橙吉時,NT$200,200,652743
5017,良橙吉時,NT$100,100,1632104
5016,龍年行大運,"NT$50,000",50000,150
5016,龍年行大運,"NT$5,000",5000,200
5016,龍年行大運,"NT$2,000",2000,3199
5016,龍年行大運,"NT$1,500",1500,5910
5016,龍年行大運,"NT$1,000",1000,9822
5016,龍年行大運,NT$800,800,17920
5016,龍年行大運,NT$500,500,78283
5016,龍年行大運,NT$300,300,52226
5016,龍年行大運,NT$200,200,111157
5016,龍年行大運,NT$100,100,3808815
5015,龍來發,"NT$2,000,000",2000000,8
5015,龍來發,"NT$80,000",80000,27
5015,龍來發,"NT$16,000",16000,156
5015,龍來發,"NT$8,000",8000,1303
5015,龍來發,"NT$2,000",2000,26128
5015,龍來發,"NT$1,600",1600,116194
5015,龍來發,"NT$1,000",1000,163173
5015,龍來發,NT$800,800,179665
5015,龍來發,NT$500,500,55492
5015,龍來發,NT$300,300,587589
5015,龍來發,NT$200,200,1400223
5014,恭喜發財,"NT$2,000,000",2000000,8
5014,恭喜發財,"NT$100,000",100000,160
5014,恭喜發財,"NT$10,000",10000,648
5014,恭喜發財,"NT$5,000",5000,6520
5014,恭喜發財,"NT$3,000",3000,13036
5014,恭喜發財,"NT$2,000",2000,26116
5014,恭喜發財,"NT$1,500",1500,52217
5014,恭喜發財,"NT$1,000",1000,163192
5014,恭喜發財,NT$500,500,169744
5014,恭喜發財,NT$300,300,1109744
5014,恭喜發財,NT$200,200,1273443
5013,五路財神,"NT$5,000,000",5000000,8
5013,五路財神,"NT$100,000",100000,42
5013,五路財神,"NT$50,000",50000,165
5013,五路財神,"NT$10,000",10000,672
5013,五路財神,"NT$5,000",5000,127920
5013,五路財神,"NT$2,000",2000,57600
5013,五路財神,"NT$1,000",1000,220800
5013,五路財神,NT$600,600,480000
5013,五路財神,NT$500,500,1555920
5012,"1,200萬大吉利","NT$12,000,000",12000000,5
5012,"1,200萬大吉利","NT$1,000,000",1000000,150
5012,"1,200萬大吉利","NT$100,000",100000,210
5012,"1,200萬大吉利","NT$50,000",50000,384
5012,"1,200萬大吉利","NT$10,000",10000,2400
5012,"1,200萬大吉利","NT$5,000",5000,48000
5012,"1,200萬大吉利","NT$2,000",2000,531120
5012,"1,200萬大吉利","NT$1,500",1500,364800
5012,"1,200萬大吉利","NT$1,200",1200,196800
5012,"1,200萬大吉利","NT$1,000",1000,1104000
5012,"1,200萬大吉利",NT$500,500,1952400
5011,攏好運,"NT$300,000",300000,7
5011,攏好運,"NT$10,000",10000,80
5011,攏好運,"NT$3,000",3000,1604
5011,攏好運,"NT$1,500",1500,11995
5011,攏好運,"NT$1,000",1000,30478
5011,攏好運,NT$800,800,29909
5011,攏好運,NT$500,500,178510
5011,攏好運,NT$300,300,160749
5011,攏好運,NT$200,200,642867
5011,攏好運,NT$100,100,1607373
5010,幸運紅包,"NT$2,000,000",2000000,6
5010,幸運紅包,"NT$100,000",100000,48
5010,幸運紅包,"NT$10,000",10000,615
5010,幸運紅包,"NT$5,000",5000,1305
5010,幸運紅包,"NT$3,000",3000,2597
5010,幸運紅包,"NT$2,000",2000,19609
5010,幸運紅包,"NT$1,000",1000,233338
5010,幸運紅包,NT$500,500,470008
5010,幸運紅包,NT$300,300,913922
5010,幸運紅包,NT$200,200,1133110
5009,金龍報喜,"NT$100,000",100000,600
5009,金龍報喜,"NT$10,000",10000,500
5009,金龍報喜,"NT$5,000",5000,809
5009,金龍報喜,"NT$2,000",2000,11193
5009,金龍報喜,"NT$1,000",1000,16236
5009,金龍報喜,NT$500,500,114232
5009,金龍報喜,NT$300,300,1018109
5009,金龍報喜,NT$200,200,2946353
5008,金龍獎,"NT$3,000,000",3000000,13
5008,金龍獎,"NT$50,000",50000,47
5008,金龍獎,"NT$10,000",10000,140
5008,金龍獎,"NT$5,000",5000,3496
5008,金龍獎,"NT$2,000",2000,43400
5008,金龍獎,"NT$1,500",1500,78400
5008,金龍獎,"NT$1,000",1000,658364
5008,金龍獎,NT$800,800,84000
5008,金龍獎,NT$600,600,142800
5008,金龍獎,NT$500,500,1680000
5008,金龍獎,NT$300,300,53200
5008,金龍獎,NT$200,200,224000
5008,金龍獎,NT$100,100,4032140
5007,"2,000萬超級紅包","NT$20,000,000",20000000,8
5007,"2,000萬超級紅包","NT$2,000,000與賓士休旅車乙部(註)",2000000,10
5007,"2,000萬超級紅包","NT$1,000,000",1000000,1000
5007,"2,000萬超級紅包","NT$100,000",100000,5120
5007,"2,000萬超級紅包","NT$30,000",30000,4200
5007,"2,000萬超級紅包","NT$10,000",10000,55400
5007,"2,000萬超級紅包","NT$5,000",5000,963800
5007,"2,000萬超級紅包","NT$2,000",2000,1903600
5007,"2,000萬超級紅包","NT$1,000",1000,4000000
5006,柿柿如意,"NT$300,000",300000,8
5006,柿柿如意,"NT$10,000",10000,96
5006,柿柿如意,"NT$3,000",3000,1636
5006,柿柿如意,"NT$1,500",1500,12231
5006,柿柿如意,"NT$1,000",1000,30967
5006,柿柿如意,NT$800,800,30384
5006,柿柿如意,NT$500,500,181089
5006,柿柿如意,NT$300,300,163268
5006,柿柿如意,NT$200,200,652761
5006,柿柿如意,NT$100,100,1538852
5005,聚寶盆,"NT$500,000",500000,8
5005,聚寶盆,"NT$50,000",50000,16
5005,聚寶盆,"NT$10,000",10000,36
5005,聚寶盆,"NT$5,000",5000,65
5005,聚寶盆,"NT$2,000",2000,126
5005,聚寶盆,"NT$1,500",1500,263
5005,聚寶盆,"NT$1,000",1000,813
5005,聚寶盆,NT$800,800,1497
5005,聚寶盆,NT$700,700,1303
5005,聚寶盆,NT$600,600,4878
5005,聚寶盆,NT$500,500,267134
5005,聚寶盆,NT$200,200,1177727
5005,聚寶盆,NT$100,100,1238106
5004,招財進寶,"NT$2,000,000",2000000,6
5004,招財進寶,"NT$100,000",100000,48
5004,招財進寶,"NT$10,000",10000,629
5004,招財進寶,"NT$5,000",5000,1332
5004,招財進寶,"NT$3,000",3000,2768
5004,招財進寶,"NT$2,000",2000,21289
5004,招財進寶,"NT$1,000",1000,264350
5004,招財進寶,NT$500,500,434029
5004,招財進寶,NT$300,300,886122
5004,招財進寶,NT$200,200,1081917
5003,百萬年終獎金,"NT$1,000,000",1000000,120
5003,百萬年終獎金,"NT$100,000",100000,32
5003,百萬年終獎金,"NT$10,000",10000,34
5003,百萬年終獎金,"NT$5,000",5000,8207
5003,百萬年終獎金,"NT$2,000",2000,22828
5003,百萬年終獎金,"NT$1,500",1500,27711
5003,百萬年終獎金,"NT$1,000",1000,189178
5003,百萬年終獎金,NT$500,500,163181
5003,百萬年終獎金,NT$300,300,936818
5003,百萬年終獎金,NT$200,200,1403443
5002,無敵開獎機,"NT$3,000,000",3000000,5
5002,無敵開獎機,"NT$100,000",100000,48
5002,無敵開獎機,"NT$10,000",10000,157
5002,無敵開獎機,"NT$5,000",5000,2259
5002,無敵開獎機,"NT$2,000",2000,11739
5002,無敵開獎機,"NT$1,500",1500,69858
5002,無敵開獎機,"NT$1,000",1000,429066
5002,無敵開獎機,NT$800,800,200619
5002,無敵開獎機,NT$500,500,850932
5002,無敵開獎機,NT$300,300,1523906
5001,大發利市,"NT$5,000,000",5000000,4
5001,大發利市,"NT$100,000",100000,100
5001,大發利市,"NT$50,000",50000,200
5001,大發利市,"NT$10,000",10000,5200
5001,大發利市,"NT$5,000",5000,100000
5001,大發利市,"NT$2,000",2000,32000
5001,大發利市,"NT$1,000",1000,163600
5001,大發利市,NT$600,600,360000
5001,大發利市,NT$500,500,1440000
4647,金多謝,"NT$2,000,000",2000000,3
4647,金多謝,"NT$50,000",50000,14
4647,金多謝,"NT$5,000",5000,144
4647,金多謝,"NT$2,000",2000,984
4647,金多謝,"NT$1,000",1000,358419
4647,金多謝,NT$500,500,29734
4647,金多謝,NT$300,300,148291
4647,金多謝,NT$200,200,534692
4646,歡樂大集合,"NT$5,000,000",5000000,3
4646,歡樂大集合,"NT$100,000",100000,40
4646,歡樂大集合,"NT$50,000",50000,90
4646,歡樂大集合,"NT$10,000",10000,1050
4646,歡樂大集合,"NT$5,000",5000,53840
4646,歡樂大集合,"NT$2,000",2000,46800
4646,歡樂大集合,"NT$1,000",1000,100000
4646,歡樂大集合,NT$600,600,215000
4646,歡樂大集合,NT$500,500,623300
4645,金骰子,"NT$500,000",500000,3
4645,金骰子,"NT$50,000",50000,12
4645,金骰子,"NT$10,000",10000,15
4645,金骰子,"NT$5,000",5000,18
4645,金骰子,"NT$2,000",2000,93
4645,金骰子,"NT$1,000",1000,358
4645,金骰子,NT$800,800,644
4645,金骰子,NT$500,500,114232
4645,金骰子,NT$200,200,508678
4645,金骰子,NT$100,100,590454
4644,加倍旺,"NT$2,000,000",2000000,3
4644,加倍旺,"NT$50,000",50000,35
4644,加倍旺,"NT$10,000",10000,120
4644,加倍旺,"NT$5,000",5000,1280
4644,加倍旺,"NT$3,000",3000,4265
4644,加倍旺,"NT$2,000",2000,9939
4644,加倍旺,"NT$1,500",1500,17019
4644,加倍旺,"NT$1,200",1200,19192
4644,加倍旺,"NT$1,000",1000,138429
4644,加倍旺,NT$600,600,21285
4644,加倍旺,NT$400,400,254047
4644,加倍旺,NT$200,200,563626
4643,金磚疊疊樂,"NT$2,000,000",2000000,3
4643,金磚疊疊樂,"NT$100,000",100000,84
4643,金磚疊疊樂,"NT$10,000",10000,285
4643,金磚疊疊樂,"NT$5,000",5000,1411
4643,金磚疊疊樂,"NT$3,000",3000,2862
4643,金磚疊疊樂,"NT$2,000",2000,7152
4643,金磚疊疊樂,"NT$1,000",1000,135912
4643,金磚疊疊樂,NT$500,500,99997
4643,金磚疊疊樂,NT$300,300,374121
4643,金磚疊疊樂,NT$200,200,627620
4642,好運輪盤,"NT$2,000,000",2000000,4
4642,好運輪盤,"NT$100,000",100000,34
4642,好運輪盤,"NT$10,000",10000,162
4642,好運輪盤,"NT$2,000",2000,22534
4642,好運輪盤,"NT$1,000",1000,147997
4642,好運輪盤,NT$800,800,72667
4642,好運輪盤,NT$500,500,210887
4642,好運輪盤,NT$200,200,762626
4641,錢進888,"NT$800,000",800000,3
4641,錢進888,"NT$80,000",80000,8
4641,錢進888,"NT$8,000",8000,96
4641,錢進888,"NT$1,600",1600,4280
4641,錢進888,"NT$1,000",1000,5761
4641,錢進888,NT$800,800,26229
4641,錢進888,NT$500,500,72115
4641,錢進888,NT$400,400,39915
4641,錢進888,NT$300,300,57132
4641,錢進888,NT$200,200,252753
4641,錢進888,NT$100,100,616307
4640,無敵777,"NT$3,000,000",3000000,3
4640,無敵777,"NT$70,000",70000,35
4640,無敵777,"NT$14,000",14000,163
4640,無敵777,"NT$5,000",5000,199
4640,無敵777,"NT$4,200",4200,873
4640,無敵777,"NT$3,500",3500,2422
4640,無敵777,"NT$2,100",2100,85664
4640,無敵777,"NT$1,400",1400,25012
4640,無敵777,"NT$1,000",1000,47126
4640,無敵777,NT$700,700,22842
4640,無敵777,NT$500,500,410567
4640,無敵777,NT$300,300,690207
4639,"樂刮$2,000","NT$1,000,000",1000000,3
4639,"樂刮$2,000","NT$100,000",100000,7
4639,"樂刮$2,000","NT$5,000",5000,358
4639,"樂刮$2,000","NT$2,000",2000,142800
4639,"樂刮$2,000",NT$500,500,99939
4639,"樂刮$2,000",NT$300,300,71449
4639,"樂刮$2,000",NT$200,200,581609
4638,麻將,"NT$2,000,000",2000000,5
4638,麻將,"NT$100,000",100000,8
4638,麻將,"NT$10,000",10000,109
4638,麻將,"NT$5,000",5000,7094
4638,麻將,"NT$1,700",1700,14993
4638,麻將,"NT$1,500",1500,42199
4638,麻將,"NT$1,200",1200,16719
4638,麻將,"NT$1,000",1000,95947
4638,麻將,NT$800,800,75480
4638,麻將,NT$500,500,116279
4638,麻將,NT$400,400,142760
4638,麻將,NT$300,300,306028
4638,麻將,NT$200,200,717243
4637,歡樂賓果,"NT$300,000",300000,4
4637,歡樂賓果,"NT$10,000",10000,640
4637,歡樂賓果,"NT$2,000",2000,8169
4637,歡樂賓果,"NT$1,000",1000,14662
4637,歡樂賓果,NT$500,500,133513
4637,歡樂賓果,NT$200,200,326400
4637,歡樂賓果,NT$100,100,862828
4636,黃金連線,"NT$2,000,000",2000000,5
4636,黃金連線,"NT$100,000",100000,10
4636,黃金連線,"NT$10,000",10000,161
4636,黃金連線,"NT$5,000",5000,1288
4636,黃金連線,"NT$2,000",2000,15722
4636,黃金連線,"NT$1,000",1000,186874
4636,黃金連線,NT$500,500,465642
4636,黃金連線,NT$200,200,911871
4635,萬事大吉,"NT$2,000,000",2000000,3
4635,萬事大吉,"NT$50,000",50000,14
4635,萬事大吉,"NT$10,000",10000,146
4635,萬事大吉,"NT$5,000",5000,2143
4635,萬事大吉,"NT$2,000",2000,11402
4635,萬事大吉,"NT$1,500",1500,62822
4635,萬事大吉,"NT$1,000",1000,54704
4635,萬事大吉,NT$800,800,14278
4635,萬事大吉,NT$600,600,21422
4635,萬事大吉,NT$500,500,59033
4635,萬事大吉,NT$300,300,358458
4635,萬事大吉,NT$200,200,631306
4634,至尊撲克,"NT$2,000,000",2000000,4
4634,至尊撲克,"NT$100,000",100000,7
4634,至尊撲克,"NT$10,000",10000,145
4634,至尊撲克,"NT$5,000",5000,1436
4634,至尊撲克,"NT$2,000",2000,35700
4634,至尊撲克,"NT$1,000",1000,141380
4634,至尊撲克,NT$500,500,106373
4634,至尊撲克,NT$300,300,314543
4634,至尊撲克,NT$200,200,478381
4633,幸運777,"NT$700,000",700000,4
4633,幸運777,"NT$70,000",70000,16
4633,幸運777,"NT$5,000",5000,230
4633,幸運777,"NT$1,400",1400,9450
4633,幸運777,"NT$1,000",1000,29007
4633,幸運777,NT$700,700,60044
4633,幸運777,NT$300,300,130578
4633,幸運777,NT$200,200,285587
4633,幸運777,NT$100,100,713363
4632,瘋狂彈珠台,"NT$3,000,000",3000000,3
4632,瘋狂彈珠台,"NT$50,000",50000,31
4632,瘋狂彈珠台,"NT$10,000",10000,71
4632,瘋狂彈珠台,"NT$5,000",5000,992
4632,瘋狂彈珠台,"NT$3,000",3000,1727
4632,瘋狂彈珠台,"NT$2,000",2000,2553
4632,瘋狂彈珠台,"NT$1,500",1500,30730
4632,瘋狂彈珠台,"NT$1,000",1000,185542
4632,瘋狂彈珠台,NT$800,800,88061
4632,瘋狂彈珠台,NT$500,500,373848
4632,瘋狂彈珠台,NT$300,300,672878
4631,獎金倍倍樂,"NT$2,000,000",2000000,3
4631,獎金倍倍樂,"NT$50,000",50000,30
4631,獎金倍倍樂,"NT$10,000",10000,71
4631,獎金倍倍樂,"NT$5,000",5000,1081
4631,獎金倍倍樂,"NT$3,000",3000,2120
4631,獎金倍倍樂,"NT$2,500",2500,3791
4631,獎金倍倍樂,"NT$2,000",2000,4204
4631,獎金倍倍樂,"NT$1,500",1500,28114
4631,獎金倍倍樂,"NT$1,000",1000,158990
4631,獎金倍倍樂,NT$500,500,33711
4631,獎金倍倍樂,NT$300,300,295342
4631,獎金倍倍樂,NT$200,200,562595
4630,鑽很大,"NT$5,000,000",5000000,3
4630,鑽很大,"NT$100,000",100000,12
4630,鑽很大,"NT$50,000",50000,48
4630,鑽很大,"NT$10,000",10000,480
4630,鑽很大,"NT$5,000",5000,63240
4630,鑽很大,"NT$2,000",2000,20700
4630,鑽很大,"NT$1,000",1000,120000
4630,鑽很大,NT$600,600,258000
4630,鑽很大,NT$500,500,741600
4629,刮呱幸運星,"NT$300,000",300000,4
4629,刮呱幸運星,"NT$10,000",10000,14
4629,刮呱幸運星,"NT$3,000",3000,291
4629,刮呱幸運星,"NT$1,500",1500,4274
4629,刮呱幸運星,"NT$1,000",1000,28561
4629,刮呱幸運星,NT$800,800,9729
4629,刮呱幸運星,NT$500,500,85677
4629,刮呱幸運星,NT$300,300,50004
4629,刮呱幸運星,NT$200,200,221352
4629,刮呱幸運星,NT$100,100,778248
4628,黃金滿屋,"NT$2,000,000",2000000,4
4628,黃金滿屋,"NT$100,000",100000,42
4628,黃金滿屋,"NT$10,000",10000,286
4628,黃金滿屋,"NT$5,000",5000,7134
4628,黃金滿屋,"NT$2,500",2500,4250
4628,黃金滿屋,"NT$2,000",2000,14317
4628,黃金滿屋,"NT$1,500",1500,4298
4628,黃金滿屋,"NT$1,200",1200,4276
4628,黃金滿屋,"NT$1,000",1000,74972
4628,黃金滿屋,NT$500,500,71392
4628,黃金滿屋,NT$300,300,428405
4628,黃金滿屋,NT$200,200,579626
4627,大麻將,"NT$10,000,000",10000000,3
4627,大麻將,"NT$1,000,000",1000000,20
4627,大麻將,"NT$100,000",100000,95
4627,大麻將,"NT$50,000",50000,140
4627,大麻將,"NT$10,000",10000,2100
4627,大麻將,"NT$5,000",5000,41860
4627,大麻將,"NT$2,000",2000,195300
4627,大麻將,"NT$1,500",1500,557200
4627,大麻將,"NT$1,000",1000,482160
4627,大麻將,NT$500,500,1176000
4626,好運起舞,"NT$2,000,000",2000000,3
4626,好運起舞,"NT$50,000",50000,10
4626,好運起舞,"NT$10,000",10000,208
4626,好運起舞,"NT$5,000",5000,370
4626,好運起舞,"NT$3,000",3000,2124
4626,好運起舞,"NT$2,000",2000,2005
4626,好運起舞,"NT$1,000",1000,116289
4626,好運起舞,NT$500,500,145949
4626,好運起舞,NT$300,300,247013
4626,好運起舞,NT$200,200,544324
4625,刮刮金樂透,"NT$2,000,000",2000000,6
4625,刮刮金樂透,"NT$100,000",100000,10
4625,刮刮金樂透,"NT$10,000",10000,177
4625,刮刮金樂透,"NT$5,000",5000,1624
4625,刮刮金樂透,"NT$2,000",2000,18312
4625,刮刮金樂透,"NT$1,000",1000,197979
4625,刮刮金樂透,NT$500,500,489524
4625,刮刮金樂透,NT$200,200,903794
4624,歡樂888,"NT$1,000,000",1000000,30
4624,歡樂888,"NT$88,000",88000,88
4624,歡樂888,"NT$5,000",5000,5032
4624,歡樂888,"NT$2,000",2000,9985
4624,歡樂888,"NT$1,500",1500,14279
4624,歡樂888,NT$800,800,85772
4624,歡樂888,NT$500,500,99968
4624,歡樂888,NT$300,300,407002
4624,歡樂888,NT$200,200,627562
4623,鈔票一把抓,"NT$3,000,000",3000000,4
4623,鈔票一把抓,"NT$100,000",100000,20
4623,鈔票一把抓,"NT$15,000",15000,3243
4623,鈔票一把抓,"NT$4,500",4500,30718
4623,鈔票一把抓,"NT$1,500",1500,50638
4623,鈔票一把抓,"NT$1,000",1000,47300
4623,鈔票一把抓,NT$500,500,408064
4623,鈔票一把抓,NT$300,300,971200
4622,荷包滿滿,"NT$500,000",500000,3
4622,荷包滿滿,"NT$10,000",10000,120
4622,荷包滿滿,"NT$5,000",5000,654
4622,荷包滿滿,"NT$1,500",1500,5417
4622,荷包滿滿,"NT$1,000",1000,12063
4622,荷包滿滿,NT$800,800,24473
4622,荷包滿滿,NT$500,500,120551
4622,荷包滿滿,NT$300,300,40800
4622,荷包滿滿,NT$200,200,285600
4622,荷包滿滿,NT$100,100,816000
4621,麻將賓果,"NT$2,000,000",2000000,4
4621,麻將賓果,"NT$100,000",100000,11
4621,麻將賓果,"NT$10,000",10000,29
4621,麻將賓果,"NT$5,000",5000,1105
4621,麻將賓果,"NT$2,000",2000,13436
4621,麻將賓果,"NT$1,000",1000,184685
4621,麻將賓果,NT$500,500,628058
4621,麻將賓果,NT$200,200,998328
4620,獎金嘉年華,"NT$2,000,000",2000000,3
4620,獎金嘉年華,"NT$100,000",100000,30
4620,獎金嘉年華,"NT$10,000",10000,305
4620,獎金嘉年華,"NT$5,000",5000,642
4620,獎金嘉年華,"NT$3,000",3000,980
4620,獎金嘉年華,"NT$2,000",2000,9817
4620,獎金嘉年華,"NT$1,000",1000,130053
4620,獎金嘉年華,NT$500,500,222736
4620,獎金嘉年華,NT$300,300,863358
4619,一路發,"NT$2,000,000",2000000,4
4619,一路發,"NT$80,000",80000,10
4619,一路發,"NT$16,000",16000,72
4619,一路發,"NT$8,000",8000,624
4619,一路發,"NT$2,000",2000,11455
4619,一路發,"NT$1,600",1600,54236
4619,一路發,"NT$1,000",1000,71363
4619,一路發,NT$800,800,76799
4619,一路發,NT$500,500,25702
4619,一路發,NT$300,300,257027
4619,一路發,NT$200,200,582617
4618,雙重好運,"NT$2,000,000",2000000,4
4618,雙重好運,"NT$30,000",30000,50
4618,雙重好運,"NT$10,000",10000,155
4618,雙重好運,"NT$5,000",5000,1123
4618,雙重好運,"NT$3,000",3000,4650
4618,雙重好運,"NT$2,000",2000,9282
4618,雙重好運,"NT$1,000",1000,98610
4618,雙重好運,NT$500,500,74247
4618,雙重好運,NT$300,300,566905
4618,雙重好運,NT$200,200,544337
4617,海底大尋寶,"NT$3,000,000",3000000,3
4617,海底大尋寶,"NT$100,000",100000,22
4617,海底大尋寶,"NT$10,000",10000,30
4617,海底大尋寶,"NT$5,000",5000,1339
4617,海底大尋寶,"NT$2,000",2000,14268
4617,海底大尋寶,"NT$1,500",1500,37743
4617,海底大尋寶,"NT$1,000",1000,357827
4617,海底大尋寶,NT$600,600,190593
4617,海底大尋寶,NT$500,500,396035
4617,海底大尋寶,NT$300,300,838045
4616,獎金紅不讓,"NT$2,000,000",2000000,3
4616,獎金紅不讓,"NT$50,000",50000,18
4616,獎金紅不讓,"NT$10,000",10000,100
4616,獎金紅不讓,"NT$5,000",5000,1441
4616,獎金紅不讓,"NT$3,000",3000,2845
4616,獎金紅不讓,"NT$2,000",2000,5282
4616,獎金紅不讓,"NT$1,500",1500,28569
4616,獎金紅不讓,"NT$1,000",1000,107189
4616,獎金紅不讓,NT$500,500,77374
4616,獎金紅不讓,NT$300,300,356978
4616,獎金紅不讓,NT$200,200,669704
4615,大富大貴,"NT$5,000,000",5000000,2
4615,大富大貴,"NT$100,000",100000,50
4615,大富大貴,"NT$50,000",50000,100
4615,大富大貴,"NT$10,000",10000,2600
4615,大富大貴,"NT$5,000",5000,50000
4615,大富大貴,"NT$2,000",2000,16000
4615,大富大貴,"NT$1,000",1000,81800
4615,大富大貴,NT$600,600,180000
4615,大富大貴,NT$500,500,720000
4614,甜蜜蜜,"NT$600,000",600000,3
4614,甜蜜蜜,"NT$10,000",10000,42
4614,甜蜜蜜,"NT$3,000",3000,360
4614,甜蜜蜜,"NT$1,500",1500,7156
4614,甜蜜蜜,"NT$1,000",1000,7107
4614,甜蜜蜜,NT$800,800,21437
4614,甜蜜蜜,NT$500,500,71400
4614,甜蜜蜜,NT$300,300,68537
4614,甜蜜蜜,NT$200,200,301037
4614,甜蜜蜜,NT$100,100,701117
4613,超級777,"NT$2,000,000",2000000,5
4613,超級777,"NT$70,000",70000,22
4613,超級777,"NT$14,000",14000,186
4613,超級777,"NT$5,000",5000,3212
4613,超級777,"NT$2,000",2000,56552
4613,超級777,"NT$1,400",1400,58410
4613,超級777,"NT$1,000",1000,112912
4613,超級777,NT$700,700,22369
4613,超級777,NT$400,400,283156
4613,超級777,NT$300,300,314132
4613,超級777,NT$200,200,840148
4612,獎金獵人,"NT$2,000,000",2000000,5
4612,獎金獵人,"NT$100,000",100000,10
4612,獎金獵人,"NT$10,000",10000,144
4612,獎金獵人,"NT$5,000",5000,1639
4612,獎金獵人,"NT$2,000",2000,18355
4612,獎金獵人,"NT$1,000",1000,245050
4612,獎金獵人,NT$500,500,203858
4612,獎金獵人,NT$300,300,464464
4612,獎金獵人,NT$200,200,596659
4611,超速777,"NT$700,000",700000,4
4611,超速777,"NT$70,000",70000,25
4611,超速777,"NT$5,000",5000,287
4611,超速777,"NT$2,000",2000,1497
4611,超速777,"NT$1,400",1400,8142
4611,超速777,"NT$1,200",1200,8593
4611,超速777,"NT$1,000",1000,17096
4611,超速777,NT$700,700,74470
4611,超速777,NT$500,500,47044
4611,超速777,NT$300,300,204907
4611,超速777,NT$200,200,204001
4611,超速777,NT$100,100,862763
4610,吉福開運,"NT$2,000,000",2000000,4
4610,吉福開運,"NT$50,000",50000,16
4610,吉福開運,"NT$10,000",10000,162
4610,吉福開運,"NT$5,000",5000,2455
4610,吉福開運,"NT$2,000",2000,13063
4610,吉福開運,"NT$1,500",1500,71787
4610,吉福開運,"NT$1,000",1000,62601
4610,吉福開運,NT$800,800,16313
4610,吉福開運,NT$600,600,24487
4610,吉福開運,NT$500,500,65328
4610,吉福開運,NT$300,300,409528
4610,吉福開運,NT$200,200,721438
4609,超級麻將,"NT$5,000,000",5000000,5
4609,超級麻將,"NT$100,000",100000,16
4609,超級麻將,"NT$50,000",50000,60
4609,超級麻將,"NT$10,000",10000,720
4609,超級麻將,"NT$5,000",5000,85200
4609,超級麻將,"NT$2,000",2000,39040
4609,超級麻將,"NT$1,000",1000,160000
4609,超級麻將,NT$600,600,344000
4609,超級麻將,NT$500,500,997600
4608,招財兔,"NT$800,000",800000,6
4608,招財兔,"NT$10,000",10000,48
4608,招財兔,"NT$5,000",5000,108
4608,招財兔,"NT$2,000",2000,4901
4608,招財兔,"NT$1,500",1500,11032
4608,招財兔,"NT$1,200",1200,11462
4608,招財兔,"NT$1,000",1000,19561
4608,招財兔,NT$800,800,32280
4608,招財兔,NT$600,600,25646
4608,招財兔,NT$500,500,83284
4608,招財兔,NT$300,300,96140
4608,招財兔,NT$200,200,342480
4608,招財兔,NT$100,100,1271530
4607,好運旺來,"NT$300,000",300000,5
4607,好運旺來,"NT$10,000",10000,60
4607,好運旺來,"NT$3,000",3000,1211
4607,好運旺來,"NT$1,500",1500,9168
4607,好運旺來,"NT$1,000",1000,23253
4607,好運旺來,NT$800,800,22786
4607,好運旺來,NT$500,500,135848
4607,好運旺來,NT$300,300,122394
4607,好運旺來,NT$200,200,489654
4607,好運旺來,NT$100,100,1223988
4606,恭喜發財,"NT$2,000,000",2000000,6
4606,恭喜發財,"NT$100,000",100000,120
4606,恭喜發財,"NT$10,000",10000,484
4606,恭喜發財,"NT$5,000",5000,4878
4606,恭喜發財,"NT$3,000",3000,9781
4606,恭喜發財,"NT$2,000",2000,19582
4606,恭喜發財,"NT$1,500",1500,39164
4606,恭喜發財,"NT$1,000",1000,122395
4606,恭喜發財,NT$500,500,127286
4606,恭喜發財,NT$300,300,832324
4606,恭喜發財,NT$200,200,955164
4605,金兔報喜,"NT$100,000",100000,500
4605,金兔報喜,"NT$10,000",10000,150
4605,金兔報喜,"NT$5,000",5000,203
4605,金兔報喜,"NT$2,000",2000,8329
4605,金兔報喜,"NT$1,000",1000,12207
4605,金兔報喜,NT$500,500,85724
4605,金兔報喜,NT$300,300,763757
4605,金兔報喜,NT$200,200,2209856
4604,無敵開獎機,"NT$3,000,000",3000000,4
4604,無敵開獎機,"NT$100,000",100000,36
4604,無敵開獎機,"NT$10,000",10000,141
4604,無敵開獎機,"NT$5,000",5000,1535
4604,無敵開獎機,"NT$2,000",2000,8811
4604,無敵開獎機,"NT$1,500",1500,52680
4604,無敵開獎機,"NT$1,000",1000,323062
4604,無敵開獎機,NT$800,800,151050
4604,無敵開獎機,NT$500,500,640750
4604,無敵開獎機,NT$300,300,1147656
4603,五路財神,"NT$5,000,000",5000000,8
4603,五路財神,"NT$100,000",100000,42
4603,五路財神,"NT$50,000",50000,165
4603,五路財神,"NT$10,000",10000,672
4603,五路財神,"NT$5,000",5000,127920
4603,五路財神,"NT$2,000",2000,57600
4603,五路財神,"NT$1,000",1000,220800
4603,五路財神,NT$600,600,480000
4603,五路財神,NT$500,500,1555920
4602,"1,200萬大吉利","NT$12,000,000",12000000,6
4602,"1,200萬大吉利","NT$1,000,000",1000000,175
4602,"1,200萬大吉利","NT$100,000",100000,225
4602,"1,200萬大吉利","NT$50,000",50000,448
4602,"1,200萬大吉利","NT$10,000",10000,2800
4602,"1,200萬大吉利","NT$5,000",5000,56000
4602,"1,200萬大吉利","NT$2,000",2000,619640
4602,"1,200萬大吉利","NT$1,500",1500,425600
4602,"1,200萬大吉利","NT$1,200",1200,229600
4602,"1,200萬大吉利","NT$1,000",1000,1288000
4602,"1,200萬大吉利",NT$500,500,2277800
4601,財神迎春,"NT$500,000",500000,5
4601,財神迎春,"NT$50,000",50000,20
4601,財神迎春,"NT$10,000",10000,29
4601,財神迎春,"NT$5,000",5000,37
4601,財神迎春,"NT$2,000",2000,157
4601,財神迎春,"NT$1,000",1000,610
4601,財神迎春,NT$800,800,1093
4601,財神迎春,NT$500,500,195893
4601,財神迎春,NT$200,200,871873
4601,財神迎春,NT$100,100,1012235
4600,兔年行大運,"NT$50,000",50000,100
4600,兔年行大運,"NT$5,000",5000,200
4600,兔年行大運,"NT$2,000",2000,2555
4600,兔年行大運,"NT$1,500",1500,4417
4600,兔年行大運,"NT$1,000",1000,7346
4600,兔年行大運,NT$800,800,13445
4600,兔年行大運,NT$500,500,58747
4600,兔年行大運,NT$300,300,39171
4600,兔年行大運,NT$200,200,83377
4600,兔年行大運,NT$100,100,2856747
4599,好運連發,"NT$2,000,000",2000000,6
4599,好運連發,"NT$50,000",50000,20
4599,好運連發,"NT$10,000",10000,149
4599,好運連發,"NT$5,000",5000,2452
4599,好運連發,"NT$2,000",2000,22047
4599,好運連發,"NT$1,500",1500,73402
4599,好運連發,"NT$1,000",1000,146911
4599,好運連發,NT$500,500,141981
4599,好運連發,NT$300,300,577742
4599,好運連發,NT$200,200,1238673
4598,大三元,"NT$2,000,000",2000000,6
4598,大三元,"NT$50,000",50000,24
4598,大三元,"NT$10,000",10000,243
4598,大三元,"NT$5,000",5000,3655
4598,大三元,"NT$2,000",2000,19564
4598,大三元,"NT$1,500",1500,107742
4598,大三元,"NT$1,000",1000,93751
4598,大三元,NT$800,800,24471
4598,大三元,NT$600,600,36738
4598,大三元,NT$500,500,97926
4598,大三元,NT$300,300,614398
4598,大三元,NT$200,200,1082304
4597,金兔獎,"NT$3,000,000",3000000,14
4597,金兔獎,"NT$50,000",50000,50
4597,金兔獎,"NT$10,000",10000,150
4597,金兔獎,"NT$5,000",5000,3746
4597,金兔獎,"NT$2,000",2000,46500
4597,金兔獎,"NT$1,500",1500,84000
4597,金兔獎,"NT$1,000",1000,705390
4597,金兔獎,NT$800,800,90000
4597,金兔獎,NT$600,600,153000
4597,金兔獎,NT$500,500,1800000
4597,金兔獎,NT$300,300,57000
4597,金兔獎,NT$200,200,240000
4597,金兔獎,NT$100,100,4320150
4596,"2,000萬超級紅包","NT$20,000,000",20000000,7
4596,"2,000萬超級紅包","NT$2,000,000(註)",2000000,10
4596,"2,000萬超級紅包","NT$1,000,000",1000000,850
4596,"2,000萬超級紅包","NT$100,000",100000,4352
4596,"2,000萬超級紅包","NT$30,000",30000,3366
4596,"2,000萬超級紅包","NT$10,000",10000,47090
4596,"2,000萬超級紅包","NT$5,000",5000,819230
4596,"2,000萬超級紅包","NT$2,000",2000,1618060
4596,"2,000萬超級紅包","NT$1,000",1000,3400000
4595,加倍旺,"NT$2,000,000",2000000,3
4595,加倍旺,"NT$50,000",50000,40
4595,加倍旺,"NT$10,000",10000,133
4595,加倍旺,"NT$5,000",5000,1438
4595,加倍旺,"NT$3,000",3000,4906
4595,加倍旺,"NT$2,000",2000,11426
4595,加倍旺,"NT$1,500",1500,19568
4595,加倍旺,"NT$1,200",1200,22044
4595,加倍旺,"NT$1,000",1000,159150
4595,加倍旺,NT$600,600,24473
4595,加倍旺,NT$400,400,292091
4595,加倍旺,NT$200,200,647889
4594,無敵777,"NT$3,000,000",3000000,4
4594,無敵777,"NT$70,000",70000,40
4594,無敵777,"NT$14,000",14000,214
4594,無敵777,"NT$5,000",5000,259
4594,無敵777,"NT$4,200",4200,1112
4594,無敵777,"NT$3,500",3500,3152
4594,無敵777,"NT$2,100",2100,110188
4594,無敵777,"NT$1,400",1400,32058
4594,無敵777,"NT$1,000",1000,60643
4594,無敵777,NT$700,700,29374
4594,無敵777,NT$500,500,527839
4594,無敵777,NT$300,300,887436
4593,金鑽寶盒,"NT$2,000,000",2000000,3
4593,金鑽寶盒,"NT$50,000",50000,128
4593,金鑽寶盒,"NT$10,000",10000,178
4593,金鑽寶盒,"NT$5,000",5000,993
4593,金鑽寶盒,"NT$3,000",3000,2441
4593,金鑽寶盒,"NT$2,000",2000,12730
4593,金鑽寶盒,"NT$1,500",1500,32637
4593,金鑽寶盒,"NT$1,000",1000,106086
4593,金鑽寶盒,NT$500,500,122394
4593,金鑽寶盒,NT$300,300,440650
4593,金鑽寶盒,NT$200,200,669105
4592,百萬年終獎金,"NT$1,000,000",1000000,60
4592,百萬年終獎金,"NT$100,000",100000,16
4592,百萬年終獎金,"NT$10,000",10000,15
4592,百萬年終獎金,"NT$5,000",5000,4067
4592,百萬年終獎金,"NT$2,000",2000,11457
4592,百萬年終獎金,"NT$1,500",1500,13857
4592,百萬年終獎金,"NT$1,000",1000,94680
4592,百萬年終獎金,NT$500,500,81631
4592,百萬年終獎金,NT$300,300,468338
4592,百萬年終獎金,NT$200,200,701727
4591,黃金大連線,"NT$5,000,000",5000000,5
4591,黃金大連線,"NT$100,000",100000,20
4591,黃金大連線,"NT$50,000",50000,64
4591,黃金大連線,"NT$10,000",10000,720
4591,黃金大連線,"NT$5,000",5000,85200
4591,黃金大連線,"NT$2,000",2000,74880
4591,黃金大連線,"NT$1,000",1000,160000
4591,黃金大連線,NT$600,600,344000
4591,黃金大連線,NT$500,500,997600
4590,歡樂賓果,"NT$300,000",300000,5
4590,歡樂賓果,"NT$10,000",10000,800
4590,歡樂賓果,"NT$2,000",2000,10091
4590,歡樂賓果,"NT$1,000",1000,18189
4590,歡樂賓果,NT$500,500,165262
4590,歡樂賓果,NT$200,200,404048
4590,歡樂賓果,NT$100,100,1068183
4589,"樂刮$2,000","NT$1,000,000",1000000,3
4589,"樂刮$2,000","NT$100,000",100000,7
4589,"樂刮$2,000","NT$5,000",5000,362
4589,"樂刮$2,000","NT$2,000",2000,142800
4589,"樂刮$2,000",NT$500,500,99932
4589,"樂刮$2,000",NT$300,300,71358
4589,"樂刮$2,000",NT$200,200,581717
4588,金磚疊疊樂,"NT$2,000,000",2000000,3
4588,金磚疊疊樂,"NT$100,000",100000,84
4588,金磚疊疊樂,"NT$10,000",10000,286
4588,金磚疊疊樂,"NT$5,000",5000,1442
4588,金磚疊疊樂,"NT$3,000",3000,2854
4588,金磚疊疊樂,"NT$2,000",2000,7146
4588,金磚疊疊樂,"NT$1,000",1000,135933
4588,金磚疊疊樂,NT$500,500,99968
4588,金磚疊疊樂,NT$300,300,374163
4588,金磚疊疊樂,NT$200,200,627585
4587,麻將,"NT$2,000,000",2000000,8
4587,麻將,"NT$100,000",100000,13
4587,麻將,"NT$10,000",10000,180
4587,麻將,"NT$5,000",5000,11403
4587,麻將,"NT$1,700",1700,24000
4587,麻將,"NT$1,500",1500,67534
4587,麻將,"NT$1,200",1200,26741
4587,麻將,"NT$1,000",1000,153391
4587,麻將,NT$800,800,120811
4587,麻將,NT$500,500,186051
4587,麻將,NT$400,400,228544
4587,麻將,NT$300,300,489603
4587,麻將,NT$200,200,1143138
4586,推金幣,"NT$500,000",500000,4
4586,推金幣,"NT$50,000",50000,16
4586,推金幣,"NT$5,000",5000,208
4586,推金幣,"NT$3,000",3000,821
4586,推金幣,"NT$2,000",2000,1649
4586,推金幣,"NT$1,000",1000,2996
4586,推金幣,NT$800,800,5716
4586,推金幣,NT$500,500,163176
4586,推金幣,NT$200,200,492882
4586,推金幣,NT$100,100,556280
4585,台灣金讚,"NT$2,000,000",2000000,3
4585,台灣金讚,"NT$50,000",50000,20
4585,台灣金讚,"NT$5,000",5000,155
4585,台灣金讚,"NT$3,000",3000,2217
4585,台灣金讚,"NT$1,000",1000,390110
4585,台灣金讚,NT$500,500,32670
4585,台灣金讚,NT$300,300,205163
4585,台灣金讚,NT$200,200,646278
4584,寵麻吉,"NT$2,000,000",2000000,3
4584,寵麻吉,"NT$100,000",100000,24
4584,寵麻吉,"NT$10,000",10000,306
4584,寵麻吉,"NT$5,000",5000,649
4584,寵麻吉,"NT$3,000",3000,1301
4584,寵麻吉,"NT$2,000",2000,9811
4584,寵麻吉,"NT$1,000",1000,131349
4584,寵麻吉,NT$500,500,220338
4584,寵麻吉,NT$300,300,456958
4584,寵麻吉,NT$200,200,566537
4583,鑽很大,"NT$5,000,000",5000000,3
4583,鑽很大,"NT$100,000",100000,12
4583,鑽很大,"NT$50,000",50000,48
4583,鑽很大,"NT$10,000",10000,480
4583,鑽很大,"NT$5,000",5000,63240
4583,鑽很大,"NT$2,000",2000,20700
4583,鑽很大,"NT$1,000",1000,120000
4583,鑽很大,NT$600,600,258000
4583,鑽很大,NT$500,500,741600
4582,幸運777,"NT$700,000",700000,5
4582,幸運777,"NT$70,000",70000,20
4582,幸運777,"NT$5,000",5000,282
4582,幸運777,"NT$1,400",1400,11681
4582,幸運777,"NT$1,000",1000,36216
4582,幸運777,NT$700,700,75237
4582,幸運777,NT$300,300,162640
4582,幸運777,NT$200,200,355612
4582,幸運777,NT$100,100,885847
4581,連線派對,"NT$2,000,000",2000000,5
4581,連線派對,"NT$100,000",100000,15
4581,連線派對,"NT$10,000",10000,161
4581,連線派對,"NT$5,000",5000,1559
4581,連線派對,"NT$2,000",2000,17730
4581,連線派對,"NT$1,000",1000,202276
4581,連線派對,NT$500,500,505885
4581,連線派對,NT$200,200,991932
4580,獎金倍倍樂,"NT$2,000,000",2000000,3
4580,獎金倍倍樂,"NT$50,000",50000,30
4580,獎金倍倍樂,"NT$10,000",10000,74
4580,獎金倍倍樂,"NT$5,000",5000,1106
4580,獎金倍倍樂,"NT$3,000",3000,2173
4580,獎金倍倍樂,"NT$2,500",2500,3839
4580,獎金倍倍樂,"NT$2,000",2000,4250
4580,獎金倍倍樂,"NT$1,500",1500,28625
4580,獎金倍倍樂,"NT$1,000",1000,161314
4580,獎金倍倍樂,NT$500,500,34324
4580,獎金倍倍樂,NT$300,300,299843
4580,獎金倍倍樂,NT$200,200,571232
4579,贏家爭霸,"NT$1,000,000",1000000,4
4579,贏家爭霸,"NT$100,000",100000,90
4579,贏家爭霸,"NT$10,000",10000,426
4579,贏家爭霸,"NT$5,000",5000,1957
4579,贏家爭霸,"NT$3,000",3000,2794
4579,贏家爭霸,"NT$2,000",2000,8361
4579,贏家爭霸,"NT$1,000",1000,161905
4579,贏家爭霸,NT$500,500,76763
4579,贏家爭霸,NT$300,300,283688
4579,贏家爭霸,NT$200,200,580627
4578,刮刮金樂透,"NT$2,000,000",2000000,6
4578,刮刮金樂透,"NT$100,000",100000,10
4578,刮刮金樂透,"NT$10,000",10000,178
4578,刮刮金樂透,"NT$5,000",5000,1612
4578,刮刮金樂透,"NT$2,000",2000,18349
4578,刮刮金樂透,"NT$1,000",1000,197851
4578,刮刮金樂透,NT$500,500,489714
4578,刮刮金樂透,NT$200,200,903637
4577,好運圓滿,"NT$10,000",10000,100
4577,好運圓滿,"NT$2,000",2000,70
4577,好運圓滿,"NT$1,500",1500,518
4577,好運圓滿,"NT$1,000",1000,1301
4577,好運圓滿,NT$500,500,18531
4577,好運圓滿,NT$300,300,57140
4577,好運圓滿,NT$200,200,207077
4577,好運圓滿,NT$100,100,1503716
4576,"1,000萬大富翁","NT$10,000,000",10000000,3
4576,"1,000萬大富翁","NT$1,000,000",1000000,5
4576,"1,000萬大富翁","NT$10,000",10000,1250
4576,"1,000萬大富翁","NT$5,000",5000,9000
4576,"1,000萬大富翁","NT$2,000",2000,502500
4576,"1,000萬大富翁","NT$1,000",1000,536400
4576,"1,000萬大富翁",NT$500,500,451100
4575,金喜滿天,"NT$500,000",500000,3
4575,金喜滿天,"NT$50,000",50000,16
4575,金喜滿天,"NT$10,000",10000,20
4575,金喜滿天,"NT$5,000",5000,23
4575,金喜滿天,"NT$2,000",2000,105
4575,金喜滿天,"NT$1,000",1000,399
4575,金喜滿天,NT$800,800,732
4575,金喜滿天,NT$500,500,129795
4575,金喜滿天,NT$200,200,577716
4575,金喜滿天,NT$100,100,670858
4574,獎金大本贏,"NT$2,000,000",2000000,3
4574,獎金大本贏,"NT$100,000",100000,36
4574,獎金大本贏,"NT$10,000",10000,320
4574,獎金大本贏,"NT$5,000",5000,746
4574,獎金大本贏,"NT$3,000",3000,1479
4574,獎金大本贏,"NT$2,000",2000,10960
4574,獎金大本贏,"NT$1,000",1000,146975
4574,獎金大本贏,NT$500,500,247820
4574,獎金大本贏,NT$300,300,973063
4573,撲克對對樂,"NT$2,000,000",2000000,3
4573,撲克對對樂,"NT$50,000",50000,20
4573,撲克對對樂,"NT$10,000",10000,102
4573,撲克對對樂,"NT$5,000",5000,1079
4573,撲克對對樂,"NT$2,000",2000,9694
4573,撲克對對樂,"NT$1,600",1600,21458
4573,撲克對對樂,"NT$1,200",1200,18607
4573,撲克對對樂,"NT$1,000",1000,96691
4573,撲克對對樂,NT$600,600,14294
4573,撲克對對樂,NT$500,500,77462
4573,撲克對對樂,NT$300,300,356961
4573,撲克對對樂,NT$200,200,617686
4572,瘋狂888,"NT$800,000",800000,3
4572,瘋狂888,"NT$80,000",80000,45
4572,瘋狂888,"NT$5,000",5000,466
4572,瘋狂888,"NT$1,600",1600,7131
4572,瘋狂888,"NT$1,000",1000,28714
4572,瘋狂888,NT$800,800,42836
4572,瘋狂888,NT$400,400,39997
4572,瘋狂888,NT$300,300,64249
4572,瘋狂888,NT$200,200,107265
4572,瘋狂888,NT$100,100,782521
4571,麻將賓果,"NT$2,000,000",2000000,4
4571,麻將賓果,"NT$100,000",100000,8
4571,麻將賓果,"NT$10,000",10000,17
4571,麻將賓果,"NT$5,000",5000,893
4571,麻將賓果,"NT$2,000",2000,12250
4571,麻將賓果,"NT$1,000",1000,167864
4571,麻將賓果,NT$500,500,571177
4571,麻將賓果,NT$200,200,907820
4570,三星樂,"NT$2,000,000",2000000,3
4570,三星樂,"NT$50,000",50000,21
4570,三星樂,"NT$10,000",10000,110
4570,三星樂,"NT$5,000",5000,1306
4570,三星樂,"NT$3,600",3600,2084
4570,三星樂,"NT$2,000",2000,4903
4570,三星樂,"NT$1,600",1600,12665
4570,三星樂,"NT$1,200",1200,13982
4570,三星樂,"NT$1,000",1000,175341
4570,三星樂,NT$500,500,70130
4570,三星樂,NT$300,300,238400
4570,三星樂,NT$200,200,532994
4569,幸運輪盤,"NT$2,000,000",2000000,3
4569,幸運輪盤,"NT$50,000",50000,28
4569,幸運輪盤,"NT$10,000",10000,289
4569,幸運輪盤,"NT$5,000",5000,1074
4569,幸運輪盤,"NT$2,000",2000,23432
4569,幸運輪盤,"NT$1,500",1500,14351
4569,幸運輪盤,"NT$1,200",1200,14335
4569,幸運輪盤,"NT$1,000",1000,51538
4569,幸運輪盤,NT$800,800,28627
4569,幸運輪盤,NT$600,600,73556
4569,幸運輪盤,NT$300,300,285704
4569,幸運輪盤,NT$200,200,721153
4568,海底大尋寶,"NT$3,000,000",3000000,3
4568,海底大尋寶,"NT$100,000",100000,22
4568,海底大尋寶,"NT$10,000",10000,30
4568,海底大尋寶,"NT$5,000",5000,1331
4568,海底大尋寶,"NT$2,000",2000,14305
4568,海底大尋寶,"NT$1,500",1500,37714
4568,海底大尋寶,"NT$1,000",1000,357825
4568,海底大尋寶,NT$600,600,190489
4568,海底大尋寶,NT$500,500,396248
4568,海底大尋寶,NT$300,300,837964
4567,金鑽999,"NT$2,000,000",2000000,3
4567,金鑽999,"NT$90,000",90000,7
4567,金鑽999,"NT$10,000",10000,17
4567,金鑽999,"NT$5,000",5000,1399
4567,金鑽999,"NT$2,000",2000,70306
4567,金鑽999,NT$900,900,115359
4567,金鑽999,NT$500,500,75710
4567,金鑽999,NT$300,300,171345
4567,金鑽999,NT$200,200,549350
4566,金好中,"NT$550,000",550000,50
4566,金好中,"NT$55,000",55000,56
4566,金好中,"NT$10,000",10000,145
4566,金好中,"NT$5,000",5000,1560
4566,金好中,"NT$3,000",3000,2854
4566,金好中,"NT$2,000",2000,8595
4566,金好中,"NT$1,000",1000,42802
4566,金好中,NT$500,500,14330
4566,金好中,NT$300,300,42819
4566,金好中,NT$200,200,1675321
4565,喜從天降,"NT$300,000",300000,7
4565,喜從天降,"NT$10,000",10000,27
4565,喜從天降,"NT$5,000",5000,356
4565,喜從天降,"NT$1,500",1500,4315
4565,喜從天降,"NT$1,000",1000,17115
4565,喜從天降,NT$800,800,12900
4565,喜從天降,NT$600,600,14270
4565,喜從天降,NT$500,500,74399
4565,喜從天降,NT$300,300,49971
4565,喜從天降,NT$200,200,219990
4565,喜從天降,NT$100,100,785400
4564,超級麻將,"NT$5,000,000",5000000,3
4564,超級麻將,"NT$100,000",100000,12
4564,超級麻將,"NT$50,000",50000,40
4564,超級麻將,"NT$10,000",10000,450
4564,超級麻將,"NT$5,000",5000,53250
4564,超級麻將,"NT$2,000",2000,24400
4564,超級麻將,"NT$1,000",1000,100000
4564,超級麻將,NT$600,600,215000
4564,超級麻將,NT$500,500,623500
4563,雙重好運,"NT$2,000,000",2000000,4
4563,雙重好運,"NT$30,000",30000,50
4563,雙重好運,"NT$10,000",10000,156
4563,雙重好運,"NT$5,000",5000,1146
4563,雙重好運,"NT$3,000",3000,4651
4563,雙重好運,"NT$2,000",2000,9276
4563,雙重好運,"NT$1,000",1000,98534
4563,雙重好運,NT$500,500,74232
4563,雙重好運,NT$300,300,567033
4563,雙重好運,NT$200,200,544488
4562,一路發,"NT$2,000,000",2000000,4
4562,一路發,"NT$80,000",80000,10
4562,一路發,"NT$16,000",16000,73
4562,一路發,"NT$8,000",8000,621
4562,一路發,"NT$2,000",2000,11425
4562,一路發,"NT$1,600",1600,54279
4562,一路發,"NT$1,000",1000,71367
4562,一路發,NT$800,800,76795
4562,一路發,NT$500,500,25676
4562,一路發,NT$300,300,257043
4562,一路發,NT$200,200,582589
4561,加倍鑽,"NT$1,000,000",1000000,4
4561,加倍鑽,"NT$50,000",50000,200
4561,加倍鑽,"NT$10,000",10000,405
4561,加倍鑽,"NT$5,000",5000,819
4561,加倍鑽,"NT$2,000",2000,5722
4561,加倍鑽,"NT$1,500",1500,6129
4561,加倍鑽,"NT$1,200",1200,6102
4561,加倍鑽,"NT$1,000",1000,46180
4561,加倍鑽,NT$800,800,20437
4561,加倍鑽,NT$500,500,88734
4561,加倍鑽,NT$300,300,36685
4561,加倍鑽,NT$200,200,346847
4561,加倍鑽,NT$100,100,734358
4560,獎金獵人,"NT$2,000,000",2000000,5
4560,獎金獵人,"NT$100,000",100000,10
4560,獎金獵人,"NT$10,000",10000,142
4560,獎金獵人,"NT$5,000",5000,1630
4560,獎金獵人,"NT$2,000",2000,18370
4560,獎金獵人,"NT$1,000",1000,245003
4560,獎金獵人,NT$500,500,204011
4560,獎金獵人,NT$300,300,464142
4560,獎金獵人,NT$200,200,596729
4559,釣魚高手,"NT$2,000,000",2000000,4
4559,釣魚高手,"NT$50,000",50000,32
4559,釣魚高手,"NT$10,000",10000,127
4559,釣魚高手,"NT$5,000",5000,1288
4559,釣魚高手,"NT$3,000",3000,2278
4559,釣魚高手,"NT$2,000",2000,9780
4559,釣魚高手,"NT$1,500",1500,41539
4559,釣魚高手,"NT$1,000",1000,110971
4559,釣魚高手,NT$500,500,84897
4559,釣魚高手,NT$300,300,440604
4559,釣魚高手,NT$200,200,652824
4558,瘋狂吐鈔機,"NT$2,000,000",2000000,4
4558,瘋狂吐鈔機,"NT$50,000",50000,96
4558,瘋狂吐鈔機,"NT$10,000",10000,323
4558,瘋狂吐鈔機,"NT$5,000",5000,1140
4558,瘋狂吐鈔機,"NT$2,000",2000,21222
4558,瘋狂吐鈔機,"NT$1,500",1500,16322
4558,瘋狂吐鈔機,"NT$1,200",1200,95043
4558,瘋狂吐鈔機,"NT$1,000",1000,39195
4558,瘋狂吐鈔機,NT$500,500,65229
4558,瘋狂吐鈔機,NT$300,300,411315
4558,瘋狂吐鈔機,NT$200,200,742550
4557,好事成雙,"NT$300,000",300000,6
4557,好事成雙,"NT$10,000",10000,32
4557,好事成雙,"NT$5,000",5000,244
4557,好事成雙,"NT$1,500",1500,6506
4557,好事成雙,"NT$1,000",1000,24471
4557,好事成雙,NT$700,700,19646
4557,好事成雙,NT$500,500,116176
4557,好事成雙,NT$200,200,293498
4557,好事成雙,NT$100,100,888654
4556,黃金滿屋,"NT$2,000,000",2000000,5
4556,黃金滿屋,"NT$100,000",100000,60
4556,黃金滿屋,"NT$10,000",10000,340
4556,黃金滿屋,"NT$5,000",5000,9195
4556,黃金滿屋,"NT$2,500",2500,5512
4556,黃金滿屋,"NT$2,000",2000,18348
4556,黃金滿屋,"NT$1,500",1500,5493
4556,黃金滿屋,"NT$1,200",1200,5514
4556,黃金滿屋,"NT$1,000",1000,96408
4556,黃金滿屋,NT$500,500,91769
4556,黃金滿屋,NT$300,300,550728
4556,黃金滿屋,NT$200,200,744876
4555,好神保庇,"NT$2,000,000",2000000,3
4555,好神保庇,"NT$50,000",50000,30
4555,好神保庇,"NT$10,000",10000,152
4555,好神保庇,"NT$5,000",5000,1585
4555,好神保庇,"NT$3,000",3000,3144
4555,好神保庇,"NT$2,000",2000,5819
4555,好神保庇,"NT$1,500",1500,31501
4555,好神保庇,"NT$1,000",1000,118189
4555,好神保庇,NT$500,500,85409
4555,好神保庇,NT$300,300,393762
4555,好神保庇,NT$200,200,738586
4554,吃角子老虎,"NT$3,000,000",3000000,3
4554,吃角子老虎,"NT$100,000",100000,18
4554,吃角子老虎,"NT$15,000",15000,4296
4554,吃角子老虎,"NT$5,000",5000,27179
4554,吃角子老虎,"NT$1,500",1500,63410
4554,吃角子老虎,"NT$1,000",1000,58921
4554,吃角子老虎,NT$500,500,468114
4554,吃角子老虎,NT$300,300,1076300
4553,虎年行大運,"NT$50,000",50000,100
4553,虎年行大運,"NT$5,000",5000,200
4553,虎年行大運,"NT$2,000",2000,2544
4553,虎年行大運,"NT$1,500",1500,4397
4553,虎年行大運,"NT$1,000",1000,7349
4553,虎年行大運,NT$800,800,13413
4553,虎年行大運,NT$500,500,58872
4553,虎年行大運,NT$300,300,39129
4553,虎年行大運,NT$200,200,83382
4553,虎年行大運,NT$100,100,2856760
4552,財神報到,"NT$800,000",800000,6
4552,財神報到,"NT$10,000",10000,48
4552,財神報到,"NT$5,000",5000,114
4552,財神報到,"NT$2,000",2000,4880
4552,財神報到,"NT$1,500",1500,11026
4552,財神報到,"NT$1,200",1200,11511
4552,財神報到,"NT$1,000",1000,19584
4552,財神報到,NT$800,800,32326
4552,財神報到,NT$600,600,25676
4552,財神報到,NT$500,500,83389
4552,財神報到,NT$300,300,96272
4552,財神報到,NT$200,200,342612
4552,財神報到,NT$100,100,1272966
4551,筊好運,"NT$2,000,000",2000000,6
4551,筊好運,"NT$50,000",50000,20
4551,筊好運,"NT$10,000",10000,144
4551,筊好運,"NT$5,000",5000,2438
4551,筊好運,"NT$2,000",2000,22002
4551,筊好運,"NT$1,500",1500,73519
4551,筊好運,"NT$1,000",1000,146835
4551,筊好運,NT$500,500,141968
4551,筊好運,NT$300,300,577729
4551,筊好運,NT$200,200,1238700
4550,無敵開獎機,"NT$3,000,000",3000000,5
4550,無敵開獎機,"NT$100,000",100000,48
4550,無敵開獎機,"NT$10,000",10000,159
4550,無敵開獎機,"NT$5,000",5000,2278
4550,無敵開獎機,"NT$2,000",2000,11755
4550,無敵開獎機,"NT$1,500",1500,70174
4550,無敵開獎機,"NT$1,000",1000,430807
4550,無敵開獎機,NT$800,800,201453
4550,無敵開獎機,NT$500,500,854283
4550,無敵開獎機,NT$300,300,1530189
4549,五路財神,"NT$5,000,000",5000000,7
4549,五路財神,"NT$100,000",100000,40
4549,五路財神,"NT$50,000",50000,160
4549,五路財神,"NT$10,000",10000,660
4549,五路財神,"NT$5,000",5000,117260
4549,五路財神,"NT$2,000",2000,52800
4549,五路財神,"NT$1,000",1000,202400
4549,五路財神,NT$600,600,440000
4549,五路財神,NT$500,500,1426260
4548,超速777,"NT$700,000",700000,5
4548,超速777,"NT$70,000",70000,28
4548,超速777,"NT$5,000",5000,340
4548,超速777,"NT$2,000",2000,1771
4548,超速777,"NT$1,400",1400,9837
4548,超速777,"NT$1,200",1200,10271
4548,超速777,"NT$1,000",1000,20527
4548,超速777,NT$700,700,89381
4548,超速777,NT$500,500,56359
4548,超速777,NT$300,300,245982
4548,超速777,NT$200,200,244822
4548,超速777,NT$100,100,1035288
4547,金骰子,"NT$500,000",500000,5
4547,金骰子,"NT$50,000",50000,20
4547,金骰子,"NT$10,000",10000,32
4547,金骰子,"NT$5,000",5000,37
4547,金骰子,"NT$2,000",2000,156
4547,金骰子,"NT$1,000",1000,614
4547,金骰子,NT$800,800,1104
4547,金骰子,NT$500,500,195836
4547,金骰子,NT$200,200,871951
4547,金骰子,NT$100,100,1012210
4546,鴻運當頭,"NT$2,000,000",2000000,6
4546,鴻運當頭,"NT$50,000",50000,24
4546,鴻運當頭,"NT$10,000",10000,120
4546,鴻運當頭,"NT$5,000",5000,2477
4546,鴻運當頭,"NT$2,000",2000,22127
4546,鴻運當頭,"NT$1,500",1500,73285
4546,鴻運當頭,"NT$1,000",1000,151808
4546,鴻運當頭,NT$500,500,154347
4546,鴻運當頭,NT$300,300,624136
4546,鴻運當頭,NT$200,200,1113825
4545,虎來旺,"NT$100,000",100000,500
4545,虎來旺,"NT$10,000",10000,150
4545,虎來旺,"NT$5,000",5000,200
4545,虎來旺,"NT$2,000",2000,8162
4545,虎來旺,"NT$1,000",1000,12070
4545,虎來旺,NT$600,600,14527
4545,虎來旺,NT$500,500,84643
4545,虎來旺,NT$300,300,725163
4545,虎來旺,NT$200,200,2181417
4544,好運爆棚,"NT$5,000,000",5000000,5
4544,好運爆棚,"NT$100,000",100000,30
4544,好運爆棚,"NT$50,000",50000,140
4544,好運爆棚,"NT$10,000",10000,800
4544,好運爆棚,"NT$5,000",5000,82640
4544,好運爆棚,"NT$2,000",2000,59600
4544,好運爆棚,"NT$1,000",1000,80000
4544,好運爆棚,NT$600,600,361600
4544,好運爆棚,NT$500,500,1055360
4543,"1,200萬大吉利","NT$12,000,000",12000000,5
4543,"1,200萬大吉利","NT$1,000,000",1000000,150
4543,"1,200萬大吉利","NT$100,000",100000,210
4543,"1,200萬大吉利","NT$50,000",50000,384
4543,"1,200萬大吉利","NT$10,000",10000,2400
4543,"1,200萬大吉利","NT$5,000",5000,48000
4543,"1,200萬大吉利","NT$2,000",2000,531120
4543,"1,200萬大吉利","NT$1,500",1500,364800
4543,"1,200萬大吉利","NT$1,200",1200,196800
4543,"1,200萬大吉利","NT$1,000",1000,1104000
4543,"1,200萬大吉利",NT$500,500,1952400
4542,金鼓開運,"NT$300,000",300000,5
4542,金鼓開運,"NT$10,000",10000,60
4542,金鼓開運,"NT$3,000",3000,1234
4542,金鼓開運,"NT$1,500",1500,9197
4542,金鼓開運,"NT$1,000",1000,23249
4542,金鼓開運,NT$800,800,22757
4542,金鼓開運,NT$500,500,135860
4542,金鼓開運,NT$300,300,122400
4542,金鼓開運,NT$200,200,489621
4542,金鼓開運,NT$100,100,1223934
4541,萬事大吉,"NT$2,000,000",2000000,6
4541,萬事大吉,"NT$50,000",50000,24
4541,萬事大吉,"NT$10,000",10000,240
4541,萬事大吉,"NT$5,000",5000,3665
4541,萬事大吉,"NT$2,000",2000,19511
4541,萬事大吉,"NT$1,500",1500,107426
4541,萬事大吉,"NT$1,000",1000,93448
4541,萬事大吉,NT$800,800,24408
4541,萬事大吉,NT$600,600,36612
4541,萬事大吉,NT$500,500,97609
4541,萬事大吉,NT$300,300,612644
4541,萬事大吉,NT$200,200,1079118
4540,超級777,"NT$2,000,000",2000000,6
4540,超級777,"NT$70,000",70000,24
4540,超級777,"NT$14,000",14000,192
4540,超級777,"NT$5,000",5000,3102
4540,超級777,"NT$2,000",2000,61838
4540,超級777,"NT$1,400",1400,63674
4540,超級777,"NT$1,000",1000,123202
4540,超級777,NT$700,700,24551
4540,超級777,NT$400,400,311994
4540,超級777,NT$300,300,342765
4540,超級777,NT$200,200,913117
4539,金虎獎,"NT$3,000,000",3000000,12
4539,金虎獎,"NT$50,000",50000,40
4539,金虎獎,"NT$10,000",10000,120
4539,金虎獎,"NT$5,000",5000,3390
4539,金虎獎,"NT$2,000",2000,40300
4539,金虎獎,"NT$1,500",1500,72800
4539,金虎獎,"NT$1,000",1000,611338
4539,金虎獎,NT$800,800,78000
4539,金虎獎,NT$600,600,132600
4539,金虎獎,NT$500,500,1560000
4539,金虎獎,NT$300,300,49400
4539,金虎獎,NT$200,200,208000
4539,金虎獎,NT$100,100,3744000
4538,"2,000萬超級紅包","NT$20,000,000",20000000,5
4538,"2,000萬超級紅包","NT$2,000,000(註)",2000000,9
4538,"2,000萬超級紅包","NT$1,000,000",1000000,650
4538,"2,000萬超級紅包","NT$100,000",100000,3367
4538,"2,000萬超級紅包","NT$30,000",30000,2574
4538,"2,000萬超級紅包","NT$10,000",10000,36010
4538,"2,000萬超級紅包","NT$5,000",5000,626470
4538,"2,000萬超級紅包","NT$2,000",2000,1237340
4538,"2,000萬超級紅包","NT$1,000",1000,2600000
4537,歡樂賓果,"NT$300,000",300000,5
4537,歡樂賓果,"NT$10,000",10000,800
4537,歡樂賓果,"NT$2,000",2000,10212
4537,歡樂賓果,"NT$1,000",1000,18373
4537,歡樂賓果,NT$500,500,166842
4537,歡樂賓果,NT$200,200,408000
4537,歡樂賓果,NT$100,100,1078414
4536,百萬年終獎金,"NT$1,000,000",1000000,60
4536,百萬年終獎金,"NT$100,000",100000,16
4536,百萬年終獎金,"NT$10,000",10000,17
4536,百萬年終獎金,"NT$5,000",5000,4072
4536,百萬年終獎金,"NT$2,000",2000,11435
4536,百萬年終獎金,"NT$1,500",1500,13846
4536,百萬年終獎金,"NT$1,000",1000,94710
4536,百萬年終獎金,NT$500,500,81627
4536,百萬年終獎金,NT$300,300,468333
4536,百萬年終獎金,NT$200,200,701783
4535,台灣金讚,"NT$2,000,000",2000000,3
4535,台灣金讚,"NT$50,000",50000,20
4535,台灣金讚,"NT$5,000",5000,156
4535,台灣金讚,"NT$3,000",3000,2192
4535,台灣金讚,"NT$1,000",1000,390100
4535,台灣金讚,NT$500,500,32681
4535,台灣金讚,NT$300,300,205184
4535,台灣金讚,NT$200,200,646280
4534,迎向2022,"NT$5,000,000",5000000,3
4534,迎向2022,"NT$100,000",100000,30
4534,迎向2022,"NT$50,000",50000,120
4534,迎向2022,"NT$10,000",10000,2400
4534,迎向2022,"NT$5,000",5000,60000
4534,迎向2022,"NT$2,000",2000,21600
4534,迎向2022,"NT$1,000",1000,96000
4534,迎向2022,NT$600,600,216000
4534,迎向2022,NT$500,500,866400
4533,辦桌,"NT$10,000",10000,120
4533,辦桌,"NT$2,000",2000,80
4533,辦桌,"NT$1,500",1500,664
4533,辦桌,"NT$1,000",1000,1495
4533,辦桌,NT$500,500,21248
4533,辦桌,NT$300,300,65148
4533,辦桌,NT$200,200,236674
4533,辦桌,NT$100,100,1718514
4532,魔術金塊,"NT$3,000,000",3000000,3
4532,魔術金塊,"NT$50,000",50000,50
4532,魔術金塊,"NT$10,000",10000,88
4532,魔術金塊,"NT$5,000",5000,1217
4532,魔術金塊,"NT$3,000",3000,1967
4532,魔術金塊,"NT$2,500",2500,2939
4532,魔術金塊,"NT$1,500",1500,14681
4532,魔術金塊,"NT$1,000",1000,215438
4532,魔術金塊,NT$600,600,156655
4532,魔術金塊,NT$500,500,427211
4532,魔術金塊,NT$300,300,815159
4531,幸運777,"NT$700,000",700000,5
4531,幸運777,"NT$70,000",70000,20
4531,幸運777,"NT$7,000",7000,205
4531,幸運777,"NT$1,400",1400,11767
4531,幸運777,"NT$1,000",1000,36299
4531,幸運777,NT$700,700,75530
4531,幸運777,NT$300,300,163171
4531,幸運777,NT$200,200,356984
4531,幸運777,NT$100,100,888964
4530,獎金倍倍樂,"NT$2,000,000",2000000,3
4530,獎金倍倍樂,"NT$50,000",50000,40
4530,獎金倍倍樂,"NT$10,000",10000,116
4530,獎金倍倍樂,"NT$5,000",5000,1279
4530,獎金倍倍樂,"NT$3,000",3000,2429
4530,獎金倍倍樂,"NT$2,500",2500,4356
4530,獎金倍倍樂,"NT$2,000",2000,4850
4530,獎金倍倍樂,"NT$1,500",1500,32235
4530,獎金倍倍樂,"NT$1,000",1000,181876
4530,獎金倍倍樂,NT$500,500,38695
4530,獎金倍倍樂,NT$300,300,338157
4530,獎金倍倍樂,NT$200,200,644082
4529,哞力四射,"NT$2,000,000",2000000,3
4529,哞力四射,"NT$50,000(註)",50000,100
4529,哞力四射,"NT$10,000",10000,139
4529,哞力四射,"NT$5,000",5000,845
4529,哞力四射,"NT$3,000",3000,2143
4529,哞力四射,"NT$2,000",2000,11171
4529,哞力四射,"NT$1,500",1500,28534
4529,哞力四射,"NT$1,000",1000,92794
4529,哞力四射,NT$500,500,107124
4529,哞力四射,NT$300,300,385536
4529,哞力四射,NT$200,200,585466
4528,刮刮金樂透,"NT$2,000,000",2000000,7
4528,刮刮金樂透,"NT$100,000",100000,12
4528,刮刮金樂透,"NT$10,000",10000,161
4528,刮刮金樂透,"NT$5,000",5000,1761
4528,刮刮金樂透,"NT$2,000",2000,19869
4528,刮刮金樂透,"NT$1,000",1000,213821
4528,刮刮金樂透,NT$500,500,530350
4528,刮刮金樂透,NT$200,200,978923
4527,金喜大禮包,"NT$1,000,000",1000000,50
4527,金喜大禮包,"NT$100,000",100000,100
4527,金喜大禮包,"NT$10,000",10000,405
4527,金喜大禮包,"NT$5,000",5000,6554
4527,金喜大禮包,"NT$2,000",2000,13021
4527,金喜大禮包,"NT$1,500",1500,16325
4527,金喜大禮包,"NT$1,000",1000,56243
4527,金喜大禮包,NT$800,800,32592
4527,金喜大禮包,NT$500,500,81520
4527,金喜大禮包,NT$300,300,468423
4527,金喜大禮包,NT$200,200,691625
4526,烤肉趣,"NT$800,000",800000,3
4526,烤肉趣,"NT$10,000",10000,80
4526,烤肉趣,"NT$5,000",5000,168
4526,烤肉趣,"NT$3,000",3000,327
4526,烤肉趣,"NT$1,500",1500,1474
4526,烤肉趣,"NT$1,000",1000,11420
4526,烤肉趣,NT$500,500,150132
4526,烤肉趣,NT$200,200,328048
4526,烤肉趣,NT$100,100,936340
4525,小精靈,"NT$2,000,000",2000000,4
4525,小精靈,"NT$50,000",50000,80
4525,小精靈,"NT$10,000",10000,246
4525,小精靈,"NT$5,000",5000,2134
4525,小精靈,"NT$2,000",2000,23166
4525,小精靈,"NT$1,200",1200,48931
4525,小精靈,"NT$1,000",1000,99344
4525,小精靈,NT$500,500,65319
4525,小精靈,NT$300,300,300462
4525,小精靈,NT$200,200,846498
4524,大麻將,"NT$10,000,000",10000000,3
4524,大麻將,"NT$1,000,000",1000000,15
4524,大麻將,"NT$100,000",100000,60
4524,大麻將,"NT$50,000",50000,120
4524,大麻將,"NT$10,000",10000,1800
4524,大麻將,"NT$5,000",5000,35880
4524,大麻將,"NT$2,000",2000,167400
4524,大麻將,"NT$1,500",1500,477600
4524,大麻將,"NT$1,000",1000,413280
4524,大麻將,NT$500,500,1008000
4523,單雙樂,"NT$300,000",300000,3
4523,單雙樂,"NT$10,000",10000,120
4523,單雙樂,"NT$5,000",5000,301
4523,單雙樂,"NT$3,000",3000,1801
4523,單雙樂,"NT$1,500",1500,5122
4523,單雙樂,"NT$1,000",1000,11397
4523,單雙樂,NT$500,500,148537
4523,單雙樂,NT$200,200,326471
4523,單雙樂,NT$100,100,853066
4522,獎金大本贏,"NT$2,000,000",2000000,3
4522,獎金大本贏,"NT$100,000",100000,45
4522,獎金大本贏,"NT$10,000",10000,380
4522,獎金大本贏,"NT$5,000",5000,809
4522,獎金大本贏,"NT$3,000",3000,1632
4522,獎金大本贏,"NT$2,000",2000,12186
4522,獎金大本贏,"NT$1,000",1000,162708
4522,獎金大本贏,NT$500,500,274453
4522,獎金大本贏,NT$300,300,1077766
4521,金爆888,"NT$1,000,000",1000000,30
4521,金爆888,"NT$88,000",88000,88
4521,金爆888,"NT$5,000",5000,4948
4521,金爆888,"NT$2,000",2000,9772
4521,金爆888,"NT$1,500",1500,13947
4521,金爆888,NT$800,800,83589
4521,金爆888,NT$500,500,97532
4521,金爆888,NT$300,300,397394
4521,金爆888,NT$200,200,612883
4520,無敵777,"NT$3,000,000",3000000,5
4520,無敵777,"NT$70,000",70000,44
4520,無敵777,"NT$14,000",14000,263
4520,無敵777,"NT$5,000",5000,313
4520,無敵777,"NT$4,200",4200,1348
4520,無敵777,"NT$3,500",3500,3789
4520,無敵777,"NT$2,100",2100,133920
4520,無敵777,"NT$1,400",1400,39063
4520,無敵777,"NT$1,000",1000,73688
4520,無敵777,NT$700,700,35717
4520,無敵777,NT$500,500,641773
4520,無敵777,NT$300,300,1078922
4519,推金幣,"NT$500,000",500000,4
4519,推金幣,"NT$50,000",50000,16
4519,推金幣,"NT$5,000",5000,202
4519,推金幣,"NT$3,000",3000,814
4519,推金幣,"NT$2,000",2000,1621
4519,推金幣,"NT$1,000",1000,2994
4519,推金幣,NT$800,800,5740
4519,推金幣,NT$500,500,163197
4519,推金幣,NT$200,200,492861
4519,推金幣,NT$100,100,556345
4518,金澎湃,"NT$2,000,000",2000000,4
4518,金澎湃,"NT$100,000",100000,100
4518,金澎湃,"NT$10,000",10000,491
4518,金澎湃,"NT$5,000",5000,1635
4518,金澎湃,"NT$3,000",3000,3287
4518,金澎湃,"NT$2,000",2000,9765
4518,金澎湃,"NT$1,500",1500,22814
4518,金澎湃,"NT$1,000",1000,76762
4518,金澎湃,NT$500,500,88938
4518,金澎湃,NT$300,300,587680
4518,金澎湃,NT$200,200,693611
4517,"樂刮$2,000","NT$1,000,000",1000000,3
4517,"樂刮$2,000","NT$100,000",100000,8
4517,"樂刮$2,000","NT$5,000",5000,478
4517,"樂刮$2,000","NT$2,000",2000,160000
4517,"樂刮$2,000",NT$500,500,112020
4517,"樂刮$2,000",NT$300,300,79985
4517,"樂刮$2,000",NT$200,200,651658
4516,黃金連線,"NT$2,000,000",2000000,6
4516,黃金連線,"NT$100,000",100000,15
4516,黃金連線,"NT$10,000",10000,235
4516,黃金連線,"NT$5,000",5000,1635
4516,黃金連線,"NT$2,000",2000,18979
4516,黃金連線,"NT$1,000",1000,212124
4516,黃金連線,NT$500,500,544889
4516,黃金連線,NT$200,200,1059502
4515,66大順,"NT$600,000",600000,4
4515,66大順,"NT$60,000",60000,18
4515,66大順,"NT$5,000",5000,200
4515,66大順,"NT$1,800",1800,6191
4515,66大順,"NT$1,200",1200,7364
4515,66大順,NT$600,600,89938
4515,66大順,NT$500,500,25268
4515,66大順,NT$300,300,75114
4515,66大順,NT$200,200,293709
4515,66大順,NT$100,100,848591
4514,雙贏輪盤,"NT$2,000,000",2000000,3
4514,雙贏輪盤,"NT$100,000",100000,15
4514,雙贏輪盤,"NT$10,000",10000,154
4514,雙贏輪盤,"NT$5,000",5000,1635
4514,雙贏輪盤,"NT$3,000",3000,3242
4514,雙贏輪盤,"NT$2,000",2000,5993
4514,雙贏輪盤,"NT$1,500",1500,32686
4514,雙贏輪盤,"NT$1,000",1000,122536
4514,雙贏輪盤,NT$500,500,88390
4514,雙贏輪盤,NT$300,300,408039
4514,雙贏輪盤,NT$200,200,765376
4513,一路發,"NT$2,000,000",2000000,4
4513,一路發,"NT$80,000",80000,16
4513,一路發,"NT$16,000",16000,84
4513,一路發,"NT$8,000",8000,821
4513,一路發,"NT$2,000",2000,13115
4513,一路發,"NT$1,600",1600,61952
4513,一路發,"NT$1,000",1000,81551
4513,一路發,NT$800,800,87744
4513,一路發,NT$500,500,29444
4513,一路發,NT$300,300,293728
4513,一路發,NT$200,200,665875
4512,鑽很大,"NT$5,000,000",5000000,3
4512,鑽很大,"NT$100,000",100000,10
4512,鑽很大,"NT$50,000",50000,40
4512,鑽很大,"NT$10,000",10000,400
4512,鑽很大,"NT$5,000",5000,52150
4512,鑽很大,"NT$2,000",2000,17250
4512,鑽很大,"NT$1,000",1000,100000
4512,鑽很大,NT$600,600,215000
4512,鑽很大,NT$500,500,618600
4511,端出好事,"NT$55,000",55000,55
4511,端出好事,"NT$10,000",10000,100
4511,端出好事,"NT$5,000",5000,246
4511,端出好事,"NT$2,000",2000,404
4511,端出好事,"NT$1,500",1500,1279
4511,端出好事,"NT$1,000",1000,4838
4511,端出好事,NT$500,500,12865
4511,端出好事,NT$300,300,32124
4511,端出好事,NT$200,200,281398
4511,端出好事,NT$100,100,1680653
4510,幸運出擊,"NT$2,000,000",2000000,4
4510,幸運出擊,"NT$50,000",50000,30
4510,幸運出擊,"NT$10,000",10000,63
4510,幸運出擊,"NT$5,000",5000,1948
4510,幸運出擊,"NT$3,000",3000,1634
4510,幸運出擊,"NT$2,000",2000,10626
4510,幸運出擊,"NT$1,500",1500,16387
4510,幸運出擊,"NT$1,000",1000,160970
4510,幸運出擊,NT$800,800,40788
4510,幸運出擊,NT$500,500,65245
4510,幸運出擊,NT$300,300,73473
4510,幸運出擊,NT$200,200,1015932
4509,黃金寶藏,"NT$2,000,000",2000000,4
4509,黃金寶藏,"NT$50,000",50000,32
4509,黃金寶藏,"NT$10,000",10000,157
4509,黃金寶藏,"NT$5,000",5000,1315
4509,黃金寶藏,"NT$3,000",3000,4896
4509,黃金寶藏,"NT$2,000",2000,9783
4509,黃金寶藏,"NT$1,500",1500,42430
4509,黃金寶藏,"NT$1,000",1000,109358
4509,黃金寶藏,NT$500,500,84858
4509,黃金寶藏,NT$300,300,440637
4509,黃金寶藏,NT$200,200,652825
4508,瘋狂彈珠台,"NT$3,000,000",3000000,3
4508,瘋狂彈珠台,"NT$50,000",50000,40
4508,瘋狂彈珠台,"NT$10,000",10000,91
4508,瘋狂彈珠台,"NT$5,000",5000,1295
4508,瘋狂彈珠台,"NT$3,000",3000,2205
4508,瘋狂彈珠台,"NT$2,000",2000,3290
4508,瘋狂彈珠台,"NT$1,500",1500,39442
4508,瘋狂彈珠台,"NT$1,000",1000,242416
4508,瘋狂彈珠台,NT$800,800,113263
4508,瘋狂彈珠台,NT$500,500,480579
4508,瘋狂彈珠台,NT$300,300,861623
4507,釣魚高手,"NT$2,000,000",2000000,4
4507,釣魚高手,"NT$50,000",50000,32
4507,釣魚高手,"NT$10,000",10000,123
4507,釣魚高手,"NT$5,000",5000,1308
4507,釣魚高手,"NT$3,000",3000,4893
4507,釣魚高手,"NT$2,000",2000,9790
4507,釣魚高手,"NT$1,500",1500,41566
4507,釣魚高手,"NT$1,000",1000,110933
4507,釣魚高手,NT$500,500,84896
4507,釣魚高手,NT$300,300,440596
4507,釣魚高手,NT$200,200,652839
4506,幸運開獎機,"NT$2,000,000",2000000,4
4506,幸運開獎機,"NT$100,000",100000,34
4506,幸運開獎機,"NT$10,000",10000,1410
4506,幸運開獎機,"NT$5,000",5000,5501
4506,幸運開獎機,"NT$1,500",1500,15350
4506,幸運開獎機,"NT$1,200",1200,22339
4506,幸運開獎機,"NT$1,000",1000,132539
4506,幸運開獎機,NT$700,700,122458
4506,幸運開獎機,NT$500,500,122002
4506,幸運開獎機,NT$400,400,294297
4506,幸運開獎機,NT$200,200,815488
4505,一起愛地球,"NT$300,000",300000,3
4505,一起愛地球,"NT$10,000",10000,480
4505,一起愛地球,"NT$3,000",3000,1804
4505,一起愛地球,"NT$1,500",1500,5060
4505,一起愛地球,"NT$1,000",1000,12196
4505,一起愛地球,NT$500,500,151806
4505,一起愛地球,NT$200,200,326433
4505,一起愛地球,NT$100,100,848599
4504,喜八啦,"NT$2,000,000",2000000,3
4504,喜八啦,"NT$50,000",50000,30
4504,喜八啦,"NT$10,000",10000,155
4504,喜八啦,"NT$5,000",5000,2433
4504,喜八啦,"NT$3,000",3000,7286
4504,喜八啦,"NT$2,000",2000,8091
4504,喜八啦,"NT$1,200",1200,24317
4504,喜八啦,"NT$1,000",1000,128159
4504,喜八啦,NT$800,800,32094
4504,喜八啦,NT$500,500,81092
4504,喜八啦,NT$300,300,324348
4504,喜八啦,NT$200,200,697268
4503,樂迎贏,"NT$300,000",300000,5
4503,樂迎贏,"NT$10,000",10000,36
4503,樂迎贏,"NT$5,000",5000,280
4503,樂迎贏,"NT$2,000",2000,5159
4503,樂迎贏,"NT$1,000",1000,18342
4503,樂迎贏,NT$500,500,129623
4503,樂迎贏,NT$300,300,91813
4503,樂迎贏,NT$200,200,380120
4503,樂迎贏,NT$100,100,889422
4502,獎金獵人,"NT$2,000,000",2000000,5
4502,獎金獵人,"NT$100,000",100000,10
4502,獎金獵人,"NT$10,000",10000,141
4502,獎金獵人,"NT$5,000",5000,1616
4502,獎金獵人,"NT$2,000",2000,18393
4502,獎金獵人,"NT$1,000",1000,244899
4502,獎金獵人,NT$500,500,204084
4502,獎金獵人,NT$300,300,464200
4502,獎金獵人,NT$200,200,596693
4501,加倍旺,"NT$2,000,000",2000000,3
4501,加倍旺,"NT$50,000",50000,40
4501,加倍旺,"NT$10,000",10000,126
4501,加倍旺,"NT$5,000",5000,1446
4501,加倍旺,"NT$3,000",3000,4907
4501,加倍旺,"NT$2,000",2000,11419
4501,加倍旺,"NT$1,500",1500,19572
4501,加倍旺,"NT$1,200",1200,22042
4501,加倍旺,"NT$1,000",1000,159143
4501,加倍旺,NT$600,600,24480
4501,加倍旺,NT$400,400,292111
4501,加倍旺,NT$200,200,647895
4500,寵麻吉,"NT$2,000,000",2000000,3
4500,寵麻吉,"NT$100,000",100000,40
4500,寵麻吉,"NT$10,000",10000,430
4500,寵麻吉,"NT$5,000",5000,806
4500,寵麻吉,"NT$3,000",3000,1633
4500,寵麻吉,"NT$2,000",2000,12245
4500,寵麻吉,"NT$1,000",1000,164231
4500,寵麻吉,NT$500,500,275342
4500,寵麻吉,NT$300,300,571216
4500,寵麻吉,NT$200,200,708695
4441,海底大尋寶,"NT$3,000,000",3000000,3
4441,海底大尋寶,"NT$100,000",100000,16
4441,海底大尋寶,"NT$10,000",10000,27
4441,海底大尋寶,"NT$5,000",5000,1062
4441,海底大尋寶,"NT$2,000",2000,11357
4441,海底大尋寶,"NT$1,500",1500,30166
4441,海底大尋寶,"NT$1,000",1000,285603
4441,海底大尋寶,NT$600,600,152110
4441,海底大尋寶,NT$500,500,316308
4441,海底大尋寶,NT$300,300,668921
4440,大富大貴,"NT$5,000,000",5000000,2
4440,大富大貴,"NT$100,000",100000,50
4440,大富大貴,"NT$50,000",50000,100
4440,大富大貴,"NT$10,000",10000,2600
4440,大富大貴,"NT$5,000",5000,50000
4440,大富大貴,"NT$2,000",2000,16000
4440,大富大貴,"NT$1,000",1000,81800
4440,大富大貴,NT$600,600,180000
4440,大富大貴,NT$500,500,720000
4439,牛運當紅,"NT$50,000",50000,100
4439,牛運當紅,"NT$5,000",5000,200
4439,牛運當紅,"NT$2,000",2000,2549
4439,牛運當紅,"NT$1,500",1500,4364
4439,牛運當紅,"NT$1,000",1000,7338
4439,牛運當紅,NT$800,800,13441
4439,牛運當紅,NT$500,500,58539
4439,牛運當紅,NT$300,300,39043
4439,牛運當紅,NT$200,200,83091
4439,牛運當紅,NT$100,100,2847788
4438,財神報到,"NT$800,000",800000,6
4438,財神報到,"NT$10,000",10000,48
4438,財神報到,"NT$5,000",5000,110
4438,財神報到,"NT$2,000",2000,4859
4438,財神報到,"NT$1,500",1500,10948
4438,財神報到,"NT$1,200",1200,11457
4438,財神報到,"NT$1,000",1000,19504
4438,財神報到,NT$800,800,32210
4438,財神報到,NT$600,600,25575
4438,財神報到,NT$500,500,82895
4438,財神報到,NT$300,300,95876
4438,財神報到,NT$200,200,341082
4438,財神報到,NT$100,100,1267057
4437,招財進寶,"NT$100,000",100000,500
4437,招財進寶,"NT$10,000",10000,150
4437,招財進寶,"NT$5,000",5000,206
4437,招財進寶,"NT$2,000",2000,8312
4437,招財進寶,"NT$1,000",1000,12243
4437,招財進寶,NT$600,600,14642
4437,招財進寶,NT$500,500,85724
4437,招財進寶,NT$300,300,734411
4437,招財進寶,NT$200,200,2209868
4436,超級777,"NT$2,000,000",2000000,6
4436,超級777,"NT$70,000",70000,24
4436,超級777,"NT$14,000",14000,191
4436,超級777,"NT$5,000",5000,3066
4436,超級777,"NT$2,000",2000,61371
4436,超級777,"NT$1,400",1400,63173
4436,超級777,"NT$1,000",1000,122319
4436,超級777,NT$700,700,24278
4436,超級777,NT$400,400,309765
4436,超級777,NT$300,300,340129
4436,超級777,NT$200,200,906154
4435,超級麻將,"NT$5,000,000",5000000,7
4435,超級麻將,"NT$100,000",100000,20
4435,超級麻將,"NT$50,000",50000,80
4435,超級麻將,"NT$10,000",10000,900
4435,超級麻將,"NT$5,000",5000,106500
4435,超級麻將,"NT$2,000",2000,48800
4435,超級麻將,"NT$1,000",1000,200000
4435,超級麻將,NT$600,600,430000
4435,超級麻將,NT$500,500,1247000
4433,好運到,"NT$300,000",300000,5
4433,好運到,"NT$10,000",10000,80
4433,好運到,"NT$3,000",3000,5493
4433,好運到,"NT$2,000",2000,3639
4433,好運到,"NT$1,000",1000,20835
4433,好運到,NT$500,500,214334
4433,好運到,NT$200,200,489632
4433,好運到,NT$100,100,1298151
4432,大三元,"NT$2,000,000",2000000,6
4432,大三元,"NT$50,000",50000,24
4432,大三元,"NT$10,000",10000,236
4432,大三元,"NT$5,000",5000,3640
4432,大三元,"NT$2,000",2000,19388
4432,大三元,"NT$1,500",1500,106578
4432,大三元,"NT$1,000",1000,92762
4432,大三元,NT$800,800,24252
4432,大三元,NT$600,600,36327
4432,大三元,NT$500,500,96796
4432,大三元,NT$300,300,608119
4432,大三元,NT$200,200,1070885
4431,刮刮金樂透,"NT$2,000,000",2000000,8
4431,刮刮金樂透,"NT$100,000",100000,12
4431,刮刮金樂透,"NT$10,000",10000,167
4431,刮刮金樂透,"NT$5,000",5000,1948
4431,刮刮金樂透,"NT$2,000",2000,21970
4431,刮刮金樂透,"NT$1,000",1000,236889
4431,刮刮金樂透,NT$500,500,587607
4431,刮刮金樂透,NT$200,200,1084487
4430,金牛獎,"NT$3,000,000",3000000,10
4430,金牛獎,"NT$50,000",50000,40
4430,金牛獎,"NT$10,000",10000,120
4430,金牛獎,"NT$5,000",5000,3190
4430,金牛獎,"NT$2,000",2000,39840
4430,金牛獎,"NT$1,500",1500,67200
4430,金牛獎,"NT$1,000",1000,561600
4430,金牛獎,NT$800,800,72000
4430,金牛獎,NT$600,600,122400
4430,金牛獎,NT$500,500,1440000
4430,金牛獎,NT$300,300,45600
4430,金牛獎,NT$200,200,192000
4430,金牛獎,NT$100,100,3456000
4429,"1,000萬行大運","NT$10,000,000",10000000,5
4429,"1,000萬行大運","NT$1,000,000",1000000,150
4429,"1,000萬行大運","NT$200,000(註)",200000,20
4429,"1,000萬行大運","NT$100,000",100000,250
4429,"1,000萬行大運","NT$50,000",50000,600
4429,"1,000萬行大運","NT$10,000",10000,3000
4429,"1,000萬行大運","NT$5,000",5000,60000
4429,"1,000萬行大運","NT$2,000",2000,663900
4429,"1,000萬行大運","NT$1,500",1500,456000
4429,"1,000萬行大運","NT$1,200",1200,322500
4429,"1,000萬行大運","NT$1,000",1000,1380000
4429,"1,000萬行大運",NT$500,500,2363700
4428,金喜滿天,"NT$500,000",500000,5
4428,金喜滿天,"NT$50,000",50000,20
4428,金喜滿天,"NT$10,000",10000,25
4428,金喜滿天,"NT$5,000",5000,37
4428,金喜滿天,"NT$2,000",2000,150
4428,金喜滿天,"NT$1,000",1000,599
4428,金喜滿天,NT$800,800,1055
4428,金喜滿天,NT$500,500,191080
4428,金喜滿天,NT$200,200,851417
4428,金喜滿天,NT$100,100,987660
4427,拉斯維加斯,"NT$2,000,000",2000000,6
4427,拉斯維加斯,"NT$50,000",50000,24
4427,拉斯維加斯,"NT$10,000",10000,151
4427,拉斯維加斯,"NT$5,000",5000,2402
4427,拉斯維加斯,"NT$2,000",2000,21917
4427,拉斯維加斯,"NT$1,500",1500,73573
4427,拉斯維加斯,"NT$1,000",1000,151343
4427,拉斯維加斯,NT$500,500,154282
4427,拉斯維加斯,NT$300,300,623947
4427,拉斯維加斯,NT$200,200,1112452
4426,鈔票一把抓,"NT$3,000,000",3000000,6
4426,鈔票一把抓,"NT$100,000",100000,30
4426,鈔票一把抓,"NT$15,000",15000,4910
4426,鈔票一把抓,"NT$4,500",4500,46163
4426,鈔票一把抓,"NT$1,500",1500,75845
4426,鈔票一把抓,"NT$1,000",1000,70937
4426,鈔票一把抓,NT$500,500,611650
4426,鈔票一把抓,NT$300,300,1456914
4425,2021賺翻天,"NT$5,000,000",5000000,3
4425,2021賺翻天,"NT$100,000",100000,80
4425,2021賺翻天,"NT$50,000",50000,160
4425,2021賺翻天,"NT$10,000",10000,4352
4425,2021賺翻天,"NT$5,000",5000,79168
4425,2021賺翻天,"NT$2,000",2000,25600
4425,2021賺翻天,"NT$1,000",1000,128000
4425,2021賺翻天,NT$600,600,288000
4425,2021賺翻天,NT$500,500,1155200
4424,"2,000萬超級紅包","NT$20,000,000",20000000,3
4424,"2,000萬超級紅包","NT$2,000,000(註)",2000000,7
4424,"2,000萬超級紅包","NT$1,000,000",1000000,520
4424,"2,000萬超級紅包","NT$100,000",100000,2550
4424,"2,000萬超級紅包","NT$30,000",30000,2000
4424,"2,000萬超級紅包","NT$10,000",10000,27700
4424,"2,000萬超級紅包","NT$5,000",5000,481900
4424,"2,000萬超級紅包","NT$2,000",2000,951800
4424,"2,000萬超級紅包","NT$1,000",1000,2000000
4423,歡樂賓果,"NT$300,000",300000,5
4423,歡樂賓果,"NT$10,000",10000,800
4423,歡樂賓果,"NT$2,000",2000,10244
4423,歡樂賓果,"NT$1,000",1000,18305
4423,歡樂賓果,NT$500,500,166820
4423,歡樂賓果,NT$200,200,408000
4423,歡樂賓果,NT$100,100,1078447
4422,魔術金塊,"NT$3,000,000",3000000,3
4422,魔術金塊,"NT$50,000",50000,50
4422,魔術金塊,"NT$10,000",10000,80
4422,魔術金塊,"NT$5,000",5000,1230
4422,魔術金塊,"NT$3,000",3000,1968
4422,魔術金塊,"NT$2,000",2000,2928
4422,魔術金塊,"NT$1,500",1500,14715
4422,魔術金塊,"NT$1,000",1000,215370
4422,魔術金塊,NT$600,600,156695
4422,魔術金塊,NT$500,500,427162
4422,魔術金塊,NT$300,300,815214
4421,連線派對,"NT$2,000,000",2000000,5
4421,連線派對,"NT$100,000",100000,10
4421,連線派對,"NT$10,000",10000,97
4421,連線派對,"NT$5,000",5000,1432
4421,連線派對,"NT$2,000",2000,16273
4421,連線派對,"NT$1,000",1000,185965
4421,連線派對,NT$500,500,465159
4421,連線派對,NT$200,200,912021
4420,"5,000再慶","NT$5,000,000",5000000,2
4420,"5,000再慶","NT$5,000",5000,70008
4420,"5,000再慶","NT$3,000",3000,31200
4420,"5,000再慶","NT$2,000",2000,60000
4420,"5,000再慶","NT$1,000",1000,139200
4420,"5,000再慶",NT$500,500,745800
4419,加倍鑽,"NT$1,000,000",1000000,3
4419,加倍鑽,"NT$50,000",50000,160
4419,加倍鑽,"NT$10,000",10000,330
4419,加倍鑽,"NT$5,000",5000,649
4419,加倍鑽,"NT$2,000",2000,4582
4419,加倍鑽,"NT$1,500",1500,4910
4419,加倍鑽,"NT$1,200",1200,4693
4419,加倍鑽,"NT$1,000",1000,36892
4419,加倍鑽,NT$800,800,16395
4419,加倍鑽,NT$500,500,70959
4419,加倍鑽,NT$300,300,29404
4419,加倍鑽,NT$200,200,277342
4419,加倍鑽,NT$100,100,587562
4418,三星樂,"NT$2,000,000",2000000,3
4418,三星樂,"NT$50,000",50000,30
4418,三星樂,"NT$10,000",10000,135
4418,三星樂,"NT$5,000",5000,1640
4418,三星樂,"NT$3,600",3600,2457
4418,三星樂,"NT$2,000",2000,5708
4418,三星樂,"NT$1,600",1600,14677
4418,三星樂,"NT$1,200",1200,16296
4418,三星樂,"NT$1,000",1000,204064
4418,三星樂,NT$500,500,81600
4418,三星樂,NT$300,300,277416
4418,三星樂,NT$200,200,620150
4416,金喜成雙,"NT$2,000,000",2000000,3
4416,金喜成雙,"NT$50,000",50000,30
4416,金喜成雙,"NT$10,000",10000,153
4416,金喜成雙,"NT$5,000",5000,1624
4416,金喜成雙,"NT$3,000",3000,3263
4416,金喜成雙,"NT$2,000",2000,6070
4416,金喜成雙,"NT$1,500",1500,32599
4416,金喜成雙,"NT$1,000",1000,122489
4416,金喜成雙,NT$500,500,88418
4416,金喜成雙,NT$300,300,407993
4416,金喜成雙,NT$200,200,765409
4415,獎金大本贏,"NT$2,000,000",2000000,3
4415,獎金大本贏,"NT$100,000",100000,24
4415,獎金大本贏,"NT$10,000",10000,297
4415,獎金大本贏,"NT$5,000",5000,642
4415,獎金大本贏,"NT$3,000",3000,1288
4415,獎金大本贏,"NT$2,000",2000,9673
4415,獎金大本贏,"NT$1,000",1000,129096
4415,獎金大本贏,NT$500,500,217752
4415,獎金大本贏,NT$300,300,855004
4414,單雙樂,"NT$300,000",300000,3
4414,單雙樂,"NT$10,000",10000,120
4414,單雙樂,"NT$5,000",5000,297
4414,單雙樂,"NT$3,000",3000,1791
4414,單雙樂,"NT$1,500",1500,5137
4414,單雙樂,"NT$1,000",1000,11403
4414,單雙樂,NT$500,500,148552
4414,單雙樂,NT$200,200,326413
4414,單雙樂,NT$100,100,853060
4412,順10中,"NT$1,000,000",1000000,30
4412,順10中,"NT$100,000",100000,50
4412,順10中,"NT$10,000",10000,96
4412,順10中,"NT$5,000",5000,1653
4412,順10中,"NT$2,000",2000,13083
4412,順10中,"NT$1,500",1500,32612
4412,順10中,"NT$1,000",1000,97890
4412,順10中,NT$500,500,97955
4412,順10中,NT$300,300,416157
4412,順10中,NT$200,200,734422
4411,生日快樂,"NT$20,000,000",20000000,4
4411,生日快樂,"NT$50,000(註)",50000,100
4411,生日快樂,"NT$10,000",10000,152
4411,生日快樂,"NT$5,000",5000,2790
4411,生日快樂,"NT$3,000",3000,6547
4411,生日快樂,"NT$2,000",2000,9442
4411,生日快樂,"NT$1,500",1500,13895
4411,生日快樂,"NT$1,000",1000,105872
4411,生日快樂,NT$500,500,87168
4411,生日快樂,NT$300,300,439795
4411,生日快樂,NT$200,200,719262
4410,麻將,"NT$2,000,000",2000000,5
4410,麻將,"NT$100,000",100000,8
4410,麻將,"NT$10,000",10000,113
4410,麻將,"NT$5,000",5000,7155
4410,麻將,"NT$1,700",1700,14984
4410,麻將,"NT$1,500",1500,42225
4410,麻將,"NT$1,200",1200,16726
4410,麻將,"NT$1,000",1000,95891
4410,麻將,NT$800,800,75502
4410,麻將,NT$500,500,116265
4410,麻將,NT$400,400,142795
4410,麻將,NT$300,300,305957
4410,麻將,NT$200,200,714511
4409,無敵777,"NT$3,000,000",3000000,4
4409,無敵777,"NT$70,000",70000,25
4409,無敵777,"NT$14,000",14000,147
4409,無敵777,"NT$5,000",5000,230
4409,無敵777,"NT$4,200",4200,980
4409,無敵777,"NT$3,500",3500,2779
4409,無敵777,"NT$2,100",2100,97890
4409,無敵777,"NT$1,400",1400,28611
4409,無敵777,"NT$1,000",1000,53854
4409,無敵777,NT$700,700,26086
4409,無敵777,NT$500,500,469233
4409,無敵777,NT$300,300,788856
4408,幸福好圓,"NT$100,000",100000,200
4408,幸福好圓,"NT$10,000",10000,100
4408,幸福好圓,"NT$5,000",5000,1131
4408,幸福好圓,"NT$3,000",3000,1433
4408,幸福好圓,"NT$2,000",2000,5137
4408,幸福好圓,"NT$1,200",1200,11869
4408,幸福好圓,"NT$1,000",1000,29999
4408,幸福好圓,NT$800,800,32834
4408,幸福好圓,NT$500,500,35700
4408,幸福好圓,NT$200,200,1670290
4407,"1,000萬大富翁","NT$10,000,000",10000000,2
4407,"1,000萬大富翁","NT$1,000,000",1000000,3
4407,"1,000萬大富翁","NT$10,000",10000,560
4407,"1,000萬大富翁","NT$5,000",5000,5400
4407,"1,000萬大富翁","NT$2,000",2000,301500
4407,"1,000萬大富翁","NT$1,000",1000,321840
4407,"1,000萬大富翁",NT$500,500,270660
4406,推金幣,"NT$500,000",500000,3
4406,推金幣,"NT$50,000",50000,14
4406,推金幣,"NT$5,000",5000,188
4406,推金幣,"NT$3,000",3000,730
4406,推金幣,"NT$2,000",2000,1434
4406,推金幣,"NT$1,000",1000,2838
4406,推金幣,NT$800,800,5000
4406,推金幣,NT$500,500,142784
4406,推金幣,NT$200,200,431313
4406,推金幣,NT$100,100,486865
4405,鑽石樂園,"NT$1,000,000",1000000,4
4405,鑽石樂園,"NT$100,000",100000,90
4405,鑽石樂園,"NT$10,000",10000,431
4405,鑽石樂園,"NT$5,000",5000,1434
4405,鑽石樂園,"NT$3,000",3000,2845
4405,鑽石樂園,"NT$2,000",2000,10033
4405,鑽石樂園,"NT$1,500",1500,21380
4405,鑽石樂園,"NT$1,000",1000,71504
4405,鑽石樂園,NT$500,500,77074
4405,鑽石樂園,NT$300,300,485490
4405,鑽石樂園,NT$200,200,579359
4404,台灣好棒,"NT$1,000,000",1000000,3
4404,台灣好棒,"NT$50,000",50000,15
4404,台灣好棒,"NT$5,000",5000,146
4404,台灣好棒,"NT$3,000",3000,2566
4404,台灣好棒,"NT$1,000",1000,342019
4404,台灣好棒,NT$500,500,28525
4404,台灣好棒,NT$300,300,179511
4404,台灣好棒,NT$200,200,565493
4403,黃金連線,"NT$2,000,000",2000000,5
4403,黃金連線,"NT$100,000",100000,10
4403,黃金連線,"NT$10,000",10000,91
4403,黃金連線,"NT$5,000",5000,1284
4403,黃金連線,"NT$2,000",2000,14727
4403,黃金連線,"NT$1,000",1000,164246
4403,黃金連線,NT$500,500,422147
4403,黃金連線,NT$200,200,820682
4402,幸運輪盤,"NT$2,000,000",2000000,3
4402,幸運輪盤,"NT$50,000",50000,28
4402,幸運輪盤,"NT$10,000",10000,278
4402,幸運輪盤,"NT$5,000",5000,1082
4402,幸運輪盤,"NT$2,000",2000,23510
4402,幸運輪盤,"NT$1,500",1500,14286
4402,幸運輪盤,"NT$1,200",1200,14247
4402,幸運輪盤,"NT$1,000",1000,51703
4402,幸運輪盤,NT$800,800,28529
4402,幸運輪盤,NT$600,600,73590
4402,幸運輪盤,NT$300,300,285543
4402,幸運輪盤,NT$200,200,721125
4401,一路發,"NT$2,000,000",2000000,4
4401,一路發,"NT$80,000",80000,14
4401,一路發,"NT$16,000",16000,46
4401,一路發,"NT$8,000",8000,648
4401,一路發,"NT$2,000",2000,11453
4401,一路發,"NT$1,600",1600,54232
4401,一路發,"NT$1,000",1000,71377
4401,一路發,NT$800,800,76777
4401,一路發,NT$500,500,25694
4401,一路發,NT$300,300,257062
4401,一路發,NT$200,200,582616
4400,幸運開獎機,"NT$2,000,000",2000000,3
4400,幸運開獎機,"NT$100,000",100000,31
4400,幸運開獎機,"NT$10,000",10000,1127
4400,幸運開獎機,"NT$5,000",5000,4337
4400,幸運開獎機,"NT$1,500",1500,12189
4400,幸運開獎機,"NT$1,200",1200,17851
4400,幸運開獎機,"NT$1,000",1000,105553
4400,幸運開獎機,NT$700,700,97389
4400,幸運開獎機,NT$500,500,97003
4400,幸運開獎機,NT$400,400,234310
4400,幸運開獎機,NT$200,200,648945
4399,幸運777,"NT$700,000",700000,4
4399,幸運777,"NT$70,000",70000,11
4399,幸運777,"NT$7,000",7000,150
4399,幸運777,"NT$1,400",1400,8123
4399,幸運777,"NT$1,000",1000,25425
4399,幸運777,NT$700,700,52843
4399,幸運777,NT$300,300,114257
4399,幸運777,NT$200,200,249908
4399,幸運777,NT$100,100,622299
4398,鑽很大,"NT$5,000,000",5000000,3
4398,鑽很大,"NT$100,000",100000,12
4398,鑽很大,"NT$50,000",50000,48
4398,鑽很大,"NT$10,000",10000,480
4398,鑽很大,"NT$5,000",5000,63240
4398,鑽很大,"NT$2,000",2000,20700
4398,鑽很大,"NT$1,000",1000,120000
4398,鑽很大,NT$600,600,258000
4398,鑽很大,NT$500,500,741600
4397,黃金滿屋,"NT$2,000,000",2000000,5
4397,黃金滿屋,"NT$100,000",100000,50
4397,黃金滿屋,"NT$10,000",10000,232
4397,黃金滿屋,"NT$5,000",5000,8181
4397,黃金滿屋,"NT$2,500",2500,4855
4397,黃金滿屋,"NT$2,000",2000,16272
4397,黃金滿屋,"NT$1,500",1500,4881
4397,黃金滿屋,"NT$1,200",1200,4862
4397,黃金滿屋,"NT$1,000",1000,85260
4397,黃金滿屋,NT$500,500,81322
4397,黃金滿屋,NT$300,300,487963
4397,黃金滿屋,NT$200,200,659871
4396,金好中,"NT$550,000",550000,55
4396,金好中,"NT$55,000",55000,70
4396,金好中,"NT$10,000",10000,163
4396,金好中,"NT$5,000",5000,1952
4396,金好中,"NT$3,000",3000,3230
4396,金好中,"NT$2,000",2000,9700
4396,金好中,"NT$1,000",1000,48638
4396,金好中,NT$500,500,16181
4396,金好中,NT$300,300,48625
4396,金好中,NT$200,200,1900022
4395,海底大尋寶,"NT$3,000,000",3000000,3
4395,海底大尋寶,"NT$100,000",100000,22
4395,海底大尋寶,"NT$10,000",10000,29
4395,海底大尋寶,"NT$5,000",5000,1326
4395,海底大尋寶,"NT$2,000",2000,14277
4395,海底大尋寶,"NT$1,500",1500,37741
4395,海底大尋寶,"NT$1,000",1000,357827
4395,海底大尋寶,NT$600,600,190527
4395,海底大尋寶,NT$500,500,396138
4395,海底大尋寶,NT$300,300,838025
4394,2020520,"NT$200,000",200000,100
4394,2020520,"NT$50,000",50000,50
4394,2020520,"NT$20,000",20000,47
4394,2020520,"NT$5,000",5000,8169
4394,2020520,"NT$2,000",2000,17965
4394,2020520,"NT$1,000",1000,122174
4394,2020520,NT$500,500,162973
4394,2020520,NT$300,300,208221
4394,2020520,NT$200,200,815107
4393,寵麻吉,"NT$2,000,000",2000000,3
4393,寵麻吉,"NT$100,000",100000,24
4393,寵麻吉,"NT$10,000",10000,309
4393,寵麻吉,"NT$5,000",5000,656
4393,寵麻吉,"NT$3,000",3000,1296
4393,寵麻吉,"NT$2,000",2000,9800
4393,寵麻吉,"NT$1,000",1000,131336
4393,寵麻吉,NT$500,500,220349
4393,寵麻吉,NT$300,300,456986
4393,寵麻吉,NT$200,200,566923
4391,麻將賓果,"NT$2,000,000",2000000,4
4391,麻將賓果,"NT$100,000",100000,8
4391,麻將賓果,"NT$10,000",10000,16
4391,麻將賓果,"NT$5,000",5000,875
4391,麻將賓果,"NT$2,000",2000,12243
4391,麻將賓果,"NT$1,000",1000,167897
4391,麻將賓果,NT$500,500,571155
4391,麻將賓果,NT$200,200,907818
4389,轉運星盤,"NT$2,000,000",2000000,4
4389,轉運星盤,"NT$50,000",50000,32
4389,轉運星盤,"NT$10,000",10000,127
4389,轉運星盤,"NT$5,000",5000,1297
4389,轉運星盤,"NT$3,600",3600,4886
4389,轉運星盤,"NT$2,000",2000,9793
4389,轉運星盤,"NT$1,500",1500,41579
4389,轉運星盤,"NT$1,000",1000,110914
4389,轉運星盤,NT$500,500,84884
4389,轉運星盤,NT$300,300,440610
4389,轉運星盤,NT$200,200,652795
4387,棋開得勝,"NT$2,000,000",2000000,3
4387,棋開得勝,"NT$50,000",50000,30
4387,棋開得勝,"NT$10,000",10000,158
4387,棋開得勝,"NT$5,000",5000,2520
4387,棋開得勝,"NT$3,600",3600,2768
4387,棋開得勝,"NT$2,000",2000,5157
4387,棋開得勝,"NT$1,600",1600,24427
4387,棋開得勝,"NT$1,200",1200,21288
4387,棋開得勝,"NT$1,000",1000,107667
4387,棋開得勝,NT$500,500,88792
4387,棋開得勝,NT$300,300,408013
4387,棋開得勝,NT$200,200,705859
4385,贏向終點線,"NT$2,000,000",2000000,3
4385,贏向終點線,"NT$50,000",50000,30
4385,贏向終點線,"NT$10,000",10000,127
4385,贏向終點線,"NT$5,000",5000,1611
4385,贏向終點線,"NT$3,000",3000,2442
4385,贏向終點線,"NT$2,000",2000,6534
4385,贏向終點線,"NT$1,500",1500,16259
4385,贏向終點線,"NT$1,200",1200,24514
4385,贏向終點線,"NT$1,000",1000,97841
4385,贏向終點線,NT$500,500,81463
4385,贏向終點線,NT$300,300,356202
4385,贏向終點線,NT$200,200,884329
4384,幸福肥,"NT$300,000",300000,4
4384,幸福肥,"NT$10,000",10000,35
4384,幸福肥,"NT$3,000",3000,408
4384,幸福肥,"NT$1,500",1500,6209
4384,幸福肥,"NT$1,000",1000,15496
4384,幸福肥,NT$800,800,15193
4384,幸福肥,NT$500,500,90575
4384,幸福肥,NT$300,300,81577
4384,幸福肥,NT$200,200,337813
4384,幸福肥,NT$100,100,799664
4383,媽祖保庇,"NT$2,000,000",2000000,5
4383,媽祖保庇,"NT$50,000",50000,50
4383,媽祖保庇,"NT$10,000",10000,151
4383,媽祖保庇,"NT$5,000",5000,3238
4383,媽祖保庇,"NT$3,000",3000,8151
4383,媽祖保庇,"NT$2,000",2000,6985
4383,媽祖保庇,"NT$1,500",1500,13848
4383,媽祖保庇,"NT$1,000",1000,97550
4383,媽祖保庇,NT$600,600,16268
4383,媽祖保庇,NT$500,500,86855
4383,媽祖保庇,NT$300,300,438924
4383,媽祖保庇,NT$200,200,713489
4381,獎金獵人,"NT$2,000,000",2000000,5
4381,獎金獵人,"NT$100,000",100000,10
4381,獎金獵人,"NT$10,000",10000,145
4381,獎金獵人,"NT$5,000",5000,1648
4381,獎金獵人,"NT$2,000",2000,18383
4381,獎金獵人,"NT$1,000",1000,245019
4381,獎金獵人,NT$500,500,203954
4381,獎金獵人,NT$300,300,464157
4381,獎金獵人,NT$200,200,596761
4380,好運天天,"NT$1,000,000",1000000,4
4380,好運天天,"NT$50,000",50000,20
4380,好運天天,"NT$10,000",10000,81
4380,好運天天,"NT$5,000",5000,1299
4380,好運天天,"NT$2,000",2000,14660
4380,好運天天,"NT$1,500",1500,38028
4380,好運天天,"NT$1,000",1000,166420
4380,好運天天,NT$500,500,32637
4380,好運天天,NT$300,300,193070
4380,好運天天,NT$200,200,995494
4379,鼠年行大運,"NT$50,000",50000,100
4379,鼠年行大運,"NT$5,000",5000,200
4379,鼠年行大運,"NT$2,000",2000,2538
4379,鼠年行大運,"NT$1,500",1500,4408
4379,鼠年行大運,"NT$1,000",1000,7391
4379,鼠年行大運,NT$800,800,13434
4379,鼠年行大運,NT$500,500,58743
4379,鼠年行大運,NT$300,300,39172
4379,鼠年行大運,NT$200,200,83380
4379,鼠年行大運,NT$100,100,2856716
4378,好運鼠不完,"NT$300,000",300000,5
4378,好運鼠不完,"NT$10,000",10000,80
4378,好運鼠不完,"NT$3,000",3000,5651
4378,好運鼠不完,"NT$2,000",2000,3692
4378,好運鼠不完,"NT$1,000",1000,20755
4378,好運鼠不完,NT$500,500,214306
4378,好運鼠不完,NT$200,200,489521
4378,好運鼠不完,NT$100,100,1297415
4377,金鼠報喜,"NT$2,000,000",2000000,6
4377,金鼠報喜,"NT$50,000",50000,24
4377,金鼠報喜,"NT$10,000",10000,144
4377,金鼠報喜,"NT$5,000",5000,2444
4377,金鼠報喜,"NT$2,000",2000,21996
4377,金鼠報喜,"NT$1,500",1500,73498
4377,金鼠報喜,"NT$1,000",1000,151757
4377,金鼠報喜,NT$500,500,154273
4377,金鼠報喜,NT$300,300,624101
4377,金鼠報喜,NT$200,200,1113945
4376,金麻將,"NT$3,000,000",3000000,6
4376,金麻將,"NT$100,000",100000,20
4376,金麻將,"NT$15,000",15000,4866
4376,金麻將,"NT$7,500",7500,19625
4376,金麻將,"NT$4,500",4500,20734
4376,金麻將,"NT$2,000",2000,17047
4376,金麻將,"NT$1,500",1500,49409
4376,金麻將,"NT$1,000",1000,67136
4376,金麻將,NT$800,800,24469
4376,金麻將,NT$500,500,590943
4376,金麻將,NT$300,300,1343465
4375,金鼠獎,"NT$3,000,000",3000000,10
4375,金鼠獎,"NT$50,000",50000,40
4375,金鼠獎,"NT$10,000",10000,120
4375,金鼠獎,"NT$5,000",5000,3190
4375,金鼠獎,"NT$2,000",2000,39840
4375,金鼠獎,"NT$1,500",1500,67200
4375,金鼠獎,"NT$1,000",1000,561600
4375,金鼠獎,NT$800,800,72000
4375,金鼠獎,NT$600,600,122400
4375,金鼠獎,NT$500,500,1440000
4375,金鼠獎,NT$300,300,45600
4375,金鼠獎,NT$200,200,192000
4375,金鼠獎,NT$100,100,3456000
4374,發紅包,"NT$100,000",100000,500
4374,發紅包,"NT$10,000",10000,150
4374,發紅包,"NT$5,000",5000,207
4374,發紅包,"NT$2,000",2000,8309
4374,發紅包,"NT$1,000",1000,12235
4374,發紅包,NT$600,600,14708
4374,發紅包,NT$500,500,85729
4374,發紅包,NT$300,300,734420
4374,發紅包,NT$200,200,2209756
4373,超級777,"NT$2,000,000",2000000,6
4373,超級777,"NT$70,000",70000,24
4373,超級777,"NT$14,000",14000,192
4373,超級777,"NT$5,000",5000,3075
4373,超級777,"NT$2,000",2000,61855
4373,超級777,"NT$1,400",1400,63613
4373,超級777,"NT$1,000",1000,123256
4373,超級777,NT$700,700,24438
4373,超級777,NT$400,400,312216
4373,超級777,NT$300,300,342685
4373,超級777,NT$200,200,913136
4372,財神報到,"NT$800,000",800000,6
4372,財神報到,"NT$10,000",10000,48
4372,財神報到,"NT$5,000",5000,111
4372,財神報到,"NT$2,000",2000,4890
4372,財神報到,"NT$1,500",1500,11004
4372,財神報到,"NT$1,200",1200,11504
4372,財神報到,"NT$1,000",1000,19573
4372,財神報到,NT$800,800,32378
4372,財神報到,NT$600,600,25692
4372,財神報到,NT$500,500,83339
4372,財神報到,NT$300,300,96208
4372,財神報到,NT$200,200,342762
4372,財神報到,NT$100,100,1272939
4371,步步高升,"NT$500,000",500000,5
4371,步步高升,"NT$50,000",50000,20
4371,步步高升,"NT$10,000",10000,30
4371,步步高升,"NT$5,000",5000,36
4371,步步高升,"NT$2,000",2000,155
4371,步步高升,"NT$1,000",1000,615
4371,步步高升,NT$800,800,1111
4371,步步高升,NT$500,500,195806
4371,步步高升,NT$200,200,872057
4371,步步高升,NT$100,100,1012219
4370,五路財神,"NT$5,000,000",5000000,4
4370,五路財神,"NT$100,000",100000,20
4370,五路財神,"NT$50,000",50000,72
4370,五路財神,"NT$10,000",10000,360
4370,五路財神,"NT$5,000",5000,63960
4370,五路財神,"NT$2,000",2000,28800
4370,五路財神,"NT$1,000",1000,110400
4370,五路財神,NT$600,600,240000
4370,五路財神,NT$500,500,777960
4369,紅包一把抓,"NT$3,000,000",3000000,8
4369,紅包一把抓,"NT$100,000",100000,30
4369,紅包一把抓,"NT$15,000",15000,5993
4369,紅包一把抓,"NT$4,500",4500,49773
4369,紅包一把抓,"NT$1,500",1500,79173
4369,紅包一把抓,"NT$1,000",1000,70961
4369,紅包一把抓,NT$500,500,612087
4369,紅包一把抓,NT$300,300,1370868
4368,"1,200萬大吉利","NT$12,000,000",12000000,3
4368,"1,200萬大吉利","NT$1,000,000",1000000,80
4368,"1,200萬大吉利","NT$100,000",100000,140
4368,"1,200萬大吉利","NT$50,000",50000,256
4368,"1,200萬大吉利","NT$10,000",10000,1600
4368,"1,200萬大吉利","NT$8,000",8000,6400
4368,"1,200萬大吉利","NT$5,000",5000,27200
4368,"1,200萬大吉利","NT$2,000",2000,354080
4368,"1,200萬大吉利","NT$1,500",1500,243200
4368,"1,200萬大吉利","NT$1,200",1200,128000
4368,"1,200萬大吉利","NT$1,000",1000,736000
4368,"1,200萬大吉利",NT$500,500,1303040
4367,超速777,"NT$700,000",700000,5
4367,超速777,"NT$70,000",70000,28
4367,超速777,"NT$5,000",5000,345
4367,超速777,"NT$2,000",2000,1806
4367,超速777,"NT$1,400",1400,9821
4367,超速777,"NT$1,200",1200,10264
4367,超速777,"NT$1,000",1000,20544
4367,超速777,NT$700,700,89324
4367,超速777,NT$500,500,56291
4367,超速777,NT$300,300,246005
4367,超速777,NT$200,200,244715
4367,超速777,NT$100,100,1035610
4366,百萬年終獎金,"NT$1,000,000",1000000,100
4366,百萬年終獎金,"NT$100,000",100000,20
4366,百萬年終獎金,"NT$10,000",10000,21
4366,百萬年終獎金,"NT$5,000",5000,6145
4366,百萬年終獎金,"NT$2,000",2000,17095
4366,百萬年終獎金,"NT$1,500",1500,20822
4366,百萬年終獎金,"NT$1,000",1000,141969
4366,百萬年終獎金,NT$500,500,122339
4366,百萬年終獎金,NT$300,300,702551
4366,百萬年終獎金,NT$200,200,1052586
4365,刮刮金樂透,"NT$2,000,000",2000000,8
4365,刮刮金樂透,"NT$100,000",100000,12
4365,刮刮金樂透,"NT$10,000",10000,171
4365,刮刮金樂透,"NT$5,000",5000,1958
4365,刮刮金樂透,"NT$2,000",2000,22072
4365,刮刮金樂透,"NT$1,000",1000,236703
4365,刮刮金樂透,NT$500,500,587645
4365,刮刮金樂透,NT$200,200,1084414
4364,贏家對決,"NT$3,000,000",3000000,5
4364,贏家對決,"NT$100,000",100000,12
4364,贏家對決,"NT$50,000",50000,60
4364,贏家對決,"NT$10,000",10000,480
4364,贏家對決,"NT$5,000",5000,60000
4364,贏家對決,"NT$2,000",2000,59460
4364,贏家對決,"NT$1,000",1000,283680
4364,贏家對決,NT$600,600,539340
4363,"2,000萬超級紅包","NT$20,000,000",20000000,3
4363,"2,000萬超級紅包","NT$2,000,000(註)",2000000,7
4363,"2,000萬超級紅包","NT$1,000,000",1000000,400
4363,"2,000萬超級紅包","NT$100,000",100000,3780
4363,"2,000萬超級紅包","NT$30,000",30000,2000
4363,"2,000萬超級紅包","NT$10,000",10000,27700
4363,"2,000萬超級紅包","NT$5,000",5000,481900
4363,"2,000萬超級紅包","NT$2,000",2000,950500
4363,"2,000萬超級紅包","NT$1,000",1000,2000000
4362,新年快樂,"NT$3,000,000",3000000,4
4362,新年快樂,"NT$50,000",50000,75
4362,新年快樂,"NT$10,000",10000,160
4362,新年快樂,"NT$5,000",5000,7841
4362,新年快樂,"NT$2,000",2000,32016
4362,新年快樂,"NT$1,500",1500,32000
4362,新年快樂,"NT$1,000",1000,398400
4362,新年快樂,NT$800,800,48000
4362,新年快樂,NT$600,600,80000
4362,新年快樂,NT$500,500,960000
4362,新年快樂,NT$300,300,54400
4362,新年快樂,NT$200,200,115104
4362,新年快樂,NT$100,100,2272000
4361,大麻將,"NT$10,000,000",10000000,2
4361,大麻將,"NT$1,000,000",1000000,30
4361,大麻將,"NT$100,000",100000,67
4361,大麻將,"NT$50,000",50000,140
4361,大麻將,"NT$10,000",10000,2100
4361,大麻將,"NT$8,000",8000,4200
4361,大麻將,"NT$5,000",5000,35000
4361,大麻將,"NT$2,000",2000,195300
4361,大麻將,"NT$1,500",1500,557200
4361,大麻將,"NT$1,000",1000,482160
4361,大麻將,NT$500,500,1176000
4360,辦桌,"NT$10,000",10000,150
4360,辦桌,"NT$2,000",2000,100
4360,辦桌,"NT$1,500",1500,803
4360,辦桌,"NT$1,000",1000,1810
4360,辦桌,NT$500,500,26502
4360,辦桌,NT$300,300,81670
4360,辦桌,NT$200,200,295809
4360,辦桌,NT$100,100,2148124
4359,新北市歡樂耶誕城,"NT$2,000,000",2000000,3
4359,新北市歡樂耶誕城,"NT$50,000",50000,50
4359,新北市歡樂耶誕城,"NT$10,000",10000,104
4359,新北市歡樂耶誕城,"NT$5,000",5000,1304
4359,新北市歡樂耶誕城,"NT$2,000",2000,2855
4359,新北市歡樂耶誕城,"NT$1,500",1500,5868
4359,新北市歡樂耶誕城,"NT$1,000",1000,204188
4359,新北市歡樂耶誕城,NT$500,500,49988
4359,新北市歡樂耶誕城,NT$300,300,285580
4359,新北市歡樂耶誕城,NT$200,200,628296
4358,"5,000同慶","NT$5,000",5000,50000
4358,"5,000同慶","NT$3,000",3000,31500
4358,"5,000同慶","NT$2,000",2000,45000
4358,"5,000同慶","NT$1,000",1000,100080
4358,"5,000同慶",NT$500,500,558000
4357,歡樂賓果,"NT$300,000",300000,5
4357,歡樂賓果,"NT$10,000",10000,800
4357,歡樂賓果,"NT$2,000",2000,10096
4357,歡樂賓果,"NT$1,000",1000,18197
4357,歡樂賓果,NT$500,500,165619
4357,歡樂賓果,NT$200,200,404848
4357,歡樂賓果,NT$100,100,1070750
4356,連線派對,"NT$2,000,000",2000000,6
4356,連線派對,"NT$100,000",100000,12
4356,連線派對,"NT$10,000",10000,118
4356,連線派對,"NT$5,000",5000,1661
4356,連線派對,"NT$2,000",2000,19468
4356,連線派對,"NT$1,000",1000,216007
4356,連線派對,NT$500,500,552103
4356,連線派對,NT$200,200,1071966
4355,虎來寶,"NT$2,000,000",2000000,3
4355,虎來寶,"NT$50,000",50000,70
4355,虎來寶,"NT$10,000",10000,175
4355,虎來寶,"NT$5,000",5000,991
4355,虎來寶,"NT$2,000",2000,18868
4355,虎來寶,"NT$1,500",1500,11673
4355,虎來寶,"NT$1,000",1000,127612
4355,虎來寶,NT$500,500,38574
4355,虎來寶,NT$300,300,351788
4355,虎來寶,NT$200,200,699810
4354,2020向前行,"NT$1,000,000",1000000,50
4354,2020向前行,"NT$100,000",100000,150
4354,2020向前行,"NT$10,000",10000,496
4354,2020向前行,"NT$5,000",5000,1288
4354,2020向前行,"NT$2,000",2000,12900
4354,2020向前行,"NT$1,500",1500,12925
4354,2020向前行,"NT$1,000",1000,61274
4354,2020向前行,NT$800,800,28705
4354,2020向前行,NT$500,500,48362
4354,2020向前行,NT$300,300,516052
4354,2020向前行,NT$200,200,693400
4353,釣蝦趣,"NT$300,000",300000,3
4353,釣蝦趣,"NT$50,000",50000,20
4353,釣蝦趣,"NT$5,000",5000,630
4353,釣蝦趣,"NT$2,000",2000,1517
4353,釣蝦趣,"NT$1,000",1000,3218
4353,釣蝦趣,NT$800,800,5672
4353,釣蝦趣,NT$500,500,144364
4353,釣蝦趣,NT$200,200,488730
4353,釣蝦趣,NT$100,100,690663
4352,麻將,"NT$2,000,000",2000000,6
4352,麻將,"NT$100,000",100000,10
4352,麻將,"NT$10,000",10000,131
4352,麻將,"NT$5,000",5000,8547
4352,麻將,"NT$1,700",1700,17936
4352,麻將,"NT$1,500",1500,50516
4352,麻將,"NT$1,200",1200,20006
4352,麻將,"NT$1,000",1000,114702
4352,麻將,NT$800,800,90282
4352,麻將,NT$500,500,139102
4352,麻將,NT$400,400,170755
4352,麻將,NT$300,300,366004
4352,麻將,NT$200,200,854501
4351,台灣好麻吉,"NT$2,000,000",2000000,3
4351,台灣好麻吉,"NT$50,000",50000,50
4351,台灣好麻吉,"NT$10,000",10000,156
4351,台灣好麻吉,"NT$5,000",5000,5612
4351,台灣好麻吉,"NT$2,000",2000,6976
4351,台灣好麻吉,"NT$1,500",1500,13576
4351,台灣好麻吉,"NT$1,000",1000,136633
4351,台灣好麻吉,NT$600,600,15349
4351,台灣好麻吉,NT$500,500,87313
4351,台灣好麻吉,NT$300,300,439739
4351,台灣好麻吉,NT$200,200,681608
4350,加倍鑽,"NT$1,000,000",1000000,3
4350,加倍鑽,"NT$50,000",50000,140
4350,加倍鑽,"NT$10,000",10000,280
4350,加倍鑽,"NT$5,000",5000,560
4350,加倍鑽,"NT$2,000",2000,3920
4350,加倍鑽,"NT$1,500",1500,4200
4350,加倍鑽,"NT$1,200",1200,4032
4350,加倍鑽,"NT$1,000",1000,31710
4350,加倍鑽,NT$800,800,14000
4350,加倍鑽,NT$500,500,60900
4350,加倍鑽,NT$300,300,25200
4350,加倍鑽,NT$200,200,238000
4350,加倍鑽,NT$100,100,504000
4349,黃金拉霸機,"NT$3,000,000",3000000,3
4349,黃金拉霸機,"NT$100,000",100000,29
4349,黃金拉霸機,"NT$10,000",10000,5281
4349,黃金拉霸機,"NT$8,000",8000,8122
4349,黃金拉霸機,"NT$5,000",5000,16515
4349,黃金拉霸機,"NT$1,500",1500,63252
4349,黃金拉霸機,"NT$1,000",1000,58717
4349,黃金拉霸機,NT$500,500,468168
4349,黃金拉霸機,NT$300,300,1075075
4348,幸運開獎機,"NT$2,000,000",2000000,5
4348,幸運開獎機,"NT$100,000",100000,48
4348,幸運開獎機,"NT$10,000",10000,1845
4348,幸運開獎機,"NT$6,000",6000,1058
4348,幸運開獎機,"NT$5,000",5000,5821
4348,幸運開獎機,"NT$1,500",1500,19899
4348,幸運開獎機,"NT$1,200",1200,29158
4348,幸運開獎機,"NT$1,000",1000,172407
4348,幸運開獎機,NT$700,700,159139
4348,幸運開獎機,NT$500,500,158525
4348,幸運開獎機,NT$400,400,382735
4348,幸運開獎機,NT$200,200,1060154
4347,嫦娥發紅包,"NT$100,000",100000,200
4347,嫦娥發紅包,"NT$10,000",10000,100
4347,嫦娥發紅包,"NT$5,000",5000,1412
4347,嫦娥發紅包,"NT$2,000",2000,8568
4347,嫦娥發紅包,"NT$1,000",1000,67168
4347,嫦娥發紅包,NT$500,500,14200
4347,嫦娥發紅包,NT$300,300,42619
4347,嫦娥發紅包,NT$200,200,1643334
4346,10來運轉,"NT$1,000,000",1000000,10
4346,10來運轉,"NT$100,000",100000,80
4346,10來運轉,"NT$10,000",10000,402
4346,10來運轉,"NT$5,000",5000,6602
4346,10來運轉,"NT$2,000",2000,13027
4346,10來運轉,"NT$1,500",1500,16316
4346,10來運轉,"NT$1,200",1200,22935
4346,10來運轉,"NT$1,000",1000,75122
4346,10來運轉,NT$500,500,81517
4346,10來運轉,NT$300,300,468349
4346,10來運轉,NT$200,200,662064
4345,恰是傳奇,"NT$2,000,000",2000000,3
4345,恰是傳奇,"NT$50,000(註)",50000,100
4345,恰是傳奇,"NT$10,000",10000,214
4345,恰是傳奇,"NT$5,000",5000,1649
4345,恰是傳奇,"NT$2,000",2000,19377
4345,恰是傳奇,"NT$1,500",1500,7823
4345,恰是傳奇,"NT$1,200",1200,42824
4345,恰是傳奇,"NT$1,000",1000,59802
4345,恰是傳奇,NT$500,500,42804
4345,恰是傳奇,NT$400,400,258462
4345,恰是傳奇,NT$200,200,780663
4344,錢進888,"NT$800,000",800000,3
4344,錢進888,"NT$80,000",80000,10
4344,錢進888,"NT$8,000",8000,130
4344,錢進888,"NT$1,600",1600,6268
4344,錢進888,NT$800,800,35874
4344,錢進888,NT$500,500,81709
4344,錢進888,NT$400,400,45612
4344,錢進888,NT$300,300,63682
4344,錢進888,NT$200,200,286445
4344,錢進888,NT$100,100,704203
4343,"1,000萬大富翁","NT$10,000,000",10000000,2
4343,"1,000萬大富翁","NT$1,000,000",1000000,3
4343,"1,000萬大富翁","NT$10,000",10000,750
4343,"1,000萬大富翁","NT$5,000",5000,7200
4343,"1,000萬大富翁","NT$2,000",2000,402000
4343,"1,000萬大富翁","NT$1,000",1000,429120
4343,"1,000萬大富翁",NT$500,500,360880
4342,一路發,"NT$2,000,000",2000000,4
4342,一路發,"NT$80,000",80000,14
4342,一路發,"NT$16,000",16000,41
4342,一路發,"NT$8,000",8000,641
4342,一路發,"NT$2,000",2000,11408
4342,一路發,"NT$1,600",1600,54275
4342,一路發,"NT$1,000",1000,71426
4342,一路發,NT$800,800,76762
4342,一路發,NT$500,500,25647
4342,一路發,NT$300,300,257138
4342,一路發,NT$200,200,582690
0341,幸運777,"NT$700,000",700000,4
0341,幸運777,"NT$70,000",70000,11
0341,幸運777,"NT$7,000",7000,147
0341,幸運777,"NT$1,400",1400,8144
0341,幸運777,"NT$1,000",1000,25422
0341,幸運777,NT$700,700,52834
0341,幸運777,NT$300,300,114210
0341,幸運777,NT$200,200,249938
0341,幸運777,NT$100,100,622310
0340,麻將賓果,"NT$2,000,000",2000000,5
0340,麻將賓果,"NT$100,000",100000,10
0340,麻將賓果,"NT$10,000",10000,20
0340,麻將賓果,"NT$5,000",5000,990
0340,麻將賓果,"NT$2,000",2000,14569
0340,麻將賓果,"NT$1,000",1000,200007
0340,麻將賓果,NT$500,500,680280
0340,麻將賓果,NT$200,200,1081298
0339,數字派對,"NT$300,000",300000,3
0339,數字派對,"NT$10,000",10000,40
0339,數字派對,"NT$5,000",5000,219
0339,數字派對,"NT$2,000",2000,1134
0339,數字派對,"NT$1,500",1500,1842
0339,數字派對,"NT$1,000",1000,7157
0339,數字派對,NT$800,800,9389
0339,數字派對,NT$500,500,65624
0339,數字派對,NT$300,300,57164
0339,數字派對,NT$200,200,456978
0339,數字派對,NT$100,100,579062
0338,撲克對對樂,"NT$2,000,000",2000000,3
0338,撲克對對樂,"NT$50,000",50000,30
0338,撲克對對樂,"NT$10,000",10000,151
0338,撲克對對樂,"NT$5,000",5000,1216
0338,撲克對對樂,"NT$2,000",2000,11008
0338,撲克對對樂,"NT$1,600",1600,24339
0338,撲克對對樂,"NT$1,200",1200,21171
0338,撲克對對樂,"NT$1,000",1000,109939
0338,撲克對對樂,NT$600,600,16271
0338,撲克對對樂,NT$500,500,87919
0338,撲克對對樂,NT$300,300,405655
0338,撲克對對樂,NT$200,200,701805
0337,雙贏樂,"NT$100,000",100000,200
0337,雙贏樂,"NT$1,000",1000,80010
0337,雙贏樂,NT$200,200,239400
0337,雙贏樂,NT$100,100,728000
0336,超級麻將,"NT$5,000,000",5000000,4
0336,超級麻將,"NT$100,000",100000,11
0336,超級麻將,"NT$50,000",50000,44
0336,超級麻將,"NT$10,000",10000,495
0336,超級麻將,"NT$8,000",8000,1683
0336,超級麻將,"NT$5,000",5000,55715
0336,超級麻將,"NT$2,000",2000,26840
0336,超級麻將,"NT$1,000",1000,110000
0336,超級麻將,NT$600,600,236500
0336,超級麻將,NT$500,500,685850
0335,好運輪盤,"NT$2,000,000",2000000,4
0335,好運輪盤,"NT$100,000",100000,34
0335,好運輪盤,"NT$10,000",10000,166
0335,好運輪盤,"NT$2,000",2000,22763
0335,好運輪盤,"NT$1,000",1000,149298
0335,好運輪盤,NT$800,800,81600
0335,好運輪盤,NT$500,500,213809
0335,好運輪盤,NT$200,200,669088
0334,66大順,"NT$600,000",600000,4
0334,66大順,"NT$60,000",60000,14
0334,66大順,"NT$6,000",6000,146
0334,66大順,"NT$1,800",1800,5423
0334,66大順,"NT$1,200",1200,6434
0334,66大順,NT$600,600,78508
0334,66大順,NT$500,500,22183
0334,66大順,NT$300,300,65707
0334,66大順,NT$200,200,257010
0334,66大順,NT$100,100,742515
0333,真好中,"NT$55,000",55000,55
0333,真好中,"NT$10,000",10000,100
0333,真好中,"NT$5,000",5000,145
0333,真好中,"NT$2,000",2000,208
0333,真好中,"NT$1,500",1500,286
0333,真好中,"NT$1,000",1000,3479
0333,真好中,NT$500,500,9305
0333,真好中,NT$300,300,28557
0333,真好中,NT$200,200,247027
0333,真好中,NT$100,100,1531355
0332,海底大尋寶,"NT$3,000,000",3000000,3
0332,海底大尋寶,"NT$100,000",100000,22
0332,海底大尋寶,"NT$10,000",10000,32
0332,海底大尋寶,"NT$7,500",7500,199
0332,海底大尋寶,"NT$5,000",5000,1024
0332,海底大尋寶,"NT$2,000",2000,14133
0332,海底大尋寶,"NT$1,500",1500,37421
0332,海底大尋寶,"NT$1,000",1000,354604
0332,海底大尋寶,NT$600,600,188865
0332,海底大尋寶,NT$500,500,392653
0332,海底大尋寶,NT$300,300,830451
0331,"樂刮$2,000","NT$1,000,000",1000000,3
0331,"樂刮$2,000","NT$100,000",100000,7
0331,"樂刮$2,000","NT$5,000",5000,431
0331,"樂刮$2,000","NT$2,000",2000,141076
0331,"樂刮$2,000",NT$500,500,98788
0331,"樂刮$2,000",NT$300,300,70485
0331,"樂刮$2,000",NT$200,200,571376
0330,聖旨到,"NT$2,000,000",2000000,4
0330,聖旨到,"NT$50,000",50000,30
0330,聖旨到,"NT$10,000",10000,125
0330,聖旨到,"NT$8,000",8000,293
0330,聖旨到,"NT$5,000",5000,1707
0330,聖旨到,"NT$2,000",2000,10734
0330,聖旨到,"NT$1,500",1500,14409
0330,聖旨到,"NT$1,200",1200,28549
0330,聖旨到,"NT$1,000",1000,97123
0330,聖旨到,NT$800,800,44230
0330,聖旨到,NT$500,500,54282
0330,聖旨到,NT$300,300,57118
0330,聖旨到,NT$200,200,905323
0329,骰子樂,"NT$500,000",500000,3
0329,骰子樂,"NT$50,000",50000,10
0329,骰子樂,"NT$10,000",10000,15
0329,骰子樂,"NT$5,000",5000,19
0329,骰子樂,"NT$2,000",2000,52
0329,骰子樂,"NT$1,500",1500,122
0329,骰子樂,"NT$1,000",1000,365
0329,骰子樂,NT$800,800,641
0329,骰子樂,NT$700,700,565
0329,骰子樂,NT$600,600,2150
0329,骰子樂,NT$500,500,117104
0329,骰子樂,NT$200,200,516926
0329,骰子樂,NT$100,100,542627
0328,鈔票滿天飛,"NT$2,000,000",2000000,4
0328,鈔票滿天飛,"NT$50,000",50000,18
0328,鈔票滿天飛,"NT$10,000",10000,101
0328,鈔票滿天飛,"NT$5,000",5000,1329
0328,鈔票滿天飛,"NT$2,000",2000,17107
0328,鈔票滿天飛,"NT$1,500",1500,35106
0328,鈔票滿天飛,"NT$1,000",1000,172652
0328,鈔票滿天飛,NT$500,500,28538
0328,鈔票滿天飛,NT$300,300,257072
0328,鈔票滿天飛,NT$200,200,487667
0327,"樂刮$1,000","NT$300,000",300000,3
0327,"樂刮$1,000","NT$5,000",5000,140
0327,"樂刮$1,000","NT$1,000",1000,138796
0327,"樂刮$1,000",NT$500,500,12846
0327,"樂刮$1,000",NT$200,200,39281
0327,"樂刮$1,000",NT$100,100,701830
0326,打地鼠,"NT$300,000",300000,4
0326,打地鼠,"NT$10,000",10000,120
0326,打地鼠,"NT$5,000",5000,240
0326,打地鼠,"NT$2,000",2000,6509
0326,打地鼠,"NT$1,000",1000,11424
0326,打地鼠,NT$500,500,148543
0326,打地鼠,NT$200,200,326522
0326,打地鼠,NT$100,100,853401
0325,好運連連,"NT$300,000",300000,5
0325,好運連連,"NT$10,000",10000,50
0325,好運連連,"NT$5,000",5000,162
0325,好運連連,"NT$2,000",2000,2932
0325,好運連連,"NT$1,000",1000,16303
0325,好運連連,NT$500,500,75105
0325,好運連連,NT$300,300,65277
0325,好運連連,NT$200,200,522236
0325,好運連連,NT$100,100,664265
0324,獎金獵人,"NT$2,000,000",2000000,4
0324,獎金獵人,"NT$100,000",100000,9
0324,獎金獵人,"NT$10,000",10000,132
0324,獎金獵人,"NT$5,000",5000,1457
0324,獎金獵人,"NT$2,000",2000,16508
0324,獎金獵人,"NT$1,000",1000,221345
0324,獎金獵人,NT$500,500,183611
0324,獎金獵人,NT$300,300,417778
0324,獎金獵人,NT$200,200,537207
0323,神保庇,"NT$300,000",300000,5
0323,神保庇,"NT$10,000",10000,80
0323,神保庇,"NT$5,000",5000,400
0323,神保庇,"NT$1,500",1500,8200
0323,神保庇,"NT$1,000",1000,17091
0323,神保庇,NT$800,800,19742
0323,神保庇,NT$500,500,43289
0323,神保庇,NT$400,400,27693
0323,神保庇,NT$300,300,34259
0323,神保庇,NT$200,200,408011
0323,神保庇,NT$100,100,788302
0322,喜從天降,"NT$300,000",300000,8
0322,喜從天降,"NT$10,000",10000,30
0322,喜從天降,"NT$5,000",5000,412
0322,喜從天降,"NT$1,500",1500,4878
0322,喜從天降,"NT$1,000",1000,19579
0322,喜從天降,NT$800,800,14672
0322,喜從天降,NT$600,600,16302
0322,喜從天降,NT$500,500,85124
0322,喜從天降,NT$300,300,57063
0322,喜從天降,NT$200,200,251089
0322,喜從天降,NT$100,100,896763
0321,黃金連線,"NT$2,000,000",2000000,7
0321,黃金連線,"NT$100,000",100000,18
0321,黃金連線,"NT$10,000",10000,136
0321,黃金連線,"NT$5,000",5000,1831
0321,黃金連線,"NT$2,000",2000,21171
0321,黃金連線,"NT$1,000",1000,236396
0321,黃金連線,NT$500,500,607190
0321,黃金連線,NT$200,200,1180938
0320,好運10倍,"NT$1,000,000",1000000,3
0320,好運10倍,"NT$50,000",50000,160
0320,好運10倍,"NT$10,000",10000,324
0320,好運10倍,"NT$5,000",5000,645
0320,好運10倍,"NT$2,000",2000,4566
0320,好運10倍,"NT$1,500",1500,4882
0320,好運10倍,"NT$1,200",1200,4719
0320,好運10倍,"NT$1,000",1000,36876
0320,好運10倍,NT$800,800,16295
0320,好運10倍,NT$500,500,94525
0320,好運10倍,NT$300,300,29328
0320,好運10倍,NT$200,200,276836
0320,好運10倍,NT$100,100,553657
0319,好運20倍,"NT$2,000,000",2000000,3
0319,好運20倍,"NT$50,000",50000,14
0319,好運20倍,"NT$10,000",10000,29
0319,好運20倍,"NT$8,000",8000,105
0319,好運20倍,"NT$5,000",5000,1499
0319,好運20倍,"NT$2,000",2000,8571
0319,好運20倍,"NT$1,500",1500,14302
0319,好運20倍,"NT$1,000",1000,211817
0319,好運20倍,NT$800,800,47130
0319,好運20倍,NT$500,500,57049
0319,好運20倍,NT$300,300,57212
0319,好運20倍,NT$200,200,610001
0318,贏家對決,"NT$3,000,000",3000000,3
0318,贏家對決,"NT$100,000",100000,7
0318,贏家對決,"NT$50,000",50000,28
0318,贏家對決,"NT$10,000",10000,280
0318,贏家對決,"NT$5,000",5000,35000
0318,贏家對決,"NT$2,000",2000,34685
0318,贏家對決,"NT$1,000",1000,165480
0318,贏家對決,NT$600,600,314615
0317,財神報到,"NT$800,000",800000,5
0317,財神報到,"NT$10,000",10000,40
0317,財神報到,"NT$5,000",5000,85
0317,財神報到,"NT$2,000",2000,4076
0317,財神報到,"NT$1,500",1500,9168
0317,財神報到,"NT$1,200",1200,9567
0317,財神報到,"NT$1,000",1000,16338
0317,財神報到,NT$800,800,26964
0317,財神報到,NT$600,600,21418
0317,財神報到,NT$500,500,69505
0317,財神報到,NT$300,300,80160
0317,財神報到,NT$200,200,285530
0317,財神報到,NT$100,100,1060816
0316,刮刮金樂透,"NT$2,000,000",2000000,8
0316,刮刮金樂透,"NT$100,000",100000,12
0316,刮刮金樂透,"NT$10,000",10000,171
0316,刮刮金樂透,"NT$5,000",5000,1944
0316,刮刮金樂透,"NT$2,000",2000,21910
0316,刮刮金樂透,"NT$1,000",1000,236187
0316,刮刮金樂透,NT$500,500,585649
0316,刮刮金樂透,NT$200,200,1081028
0315,財神發紅包,"NT$3,000,000",3000000,3
0315,財神發紅包,"NT$50,000",50000,56
0315,財神發紅包,"NT$10,000",10000,120
0315,財神發紅包,"NT$7,000",7000,336
0315,財神發紅包,"NT$5,000",5000,5401
0315,財神發紅包,"NT$2,000",2000,24000
0315,財神發紅包,"NT$1,500",1500,24000
0315,財神發紅包,"NT$1,000",1000,298800
0315,財神發紅包,NT$800,800,36000
0315,財神發紅包,NT$600,600,60000
0315,財神發紅包,NT$500,500,720000
0315,財神發紅包,NT$300,300,40800
0315,財神發紅包,NT$200,200,86484
0315,財神發紅包,NT$100,100,1704000
0314,"$1,000萬大贏家","NT$10,000,000",10000000,1
0314,"$1,000萬大贏家","NT$1,000,000",1000000,8
0314,"$1,000萬大贏家","NT$100,000",100000,8
0314,"$1,000萬大贏家","NT$10,000",10000,640
0314,"$1,000萬大贏家","NT$5,000",5000,26120
0314,"$1,000萬大贏家","NT$2,000",2000,322960
0314,"$1,000萬大贏家","NT$1,500",1500,141600
0314,"$1,000萬大贏家","NT$1,200",1200,388160
0313,豬年行大運,"NT$50,000",50000,100
0313,豬年行大運,"NT$5,000",5000,150
0313,豬年行大運,"NT$2,000",2000,2032
0313,豬年行大運,"NT$1,500",1500,3670
0313,豬年行大運,"NT$1,000",1000,6127
0313,豬年行大運,NT$800,800,11226
0313,豬年行大運,NT$500,500,48863
0313,豬年行大運,NT$300,300,32678
0313,豬年行大運,NT$200,200,69541
0313,豬年行大運,NT$100,100,2375771
0312,賽金豬,"NT$500,000",500000,5
0312,賽金豬,"NT$50,000",50000,10
0312,賽金豬,"NT$10,000",10000,16
0312,賽金豬,"NT$5,000",5000,21
0312,賽金豬,"NT$2,000",2000,64
0312,賽金豬,"NT$1,500",1500,166
0312,賽金豬,"NT$1,000",1000,510
0312,賽金豬,NT$800,800,920
0312,賽金豬,NT$700,700,816
0312,賽金豬,NT$600,600,3031
0312,賽金豬,NT$500,500,167309
0312,賽金豬,NT$200,200,738461
0312,賽金豬,NT$100,100,775225
0311,金麻將,"NT$3,000,000",3000000,8
0311,金麻將,"NT$100,000",100000,26
0311,金麻將,"NT$15,000",15000,6463
0311,金麻將,"NT$7,500",7500,25834
0311,金麻將,"NT$4,500",4500,27444
0311,金麻將,"NT$2,000",2000,22698
0311,金麻將,"NT$1,500",1500,65604
0311,金麻將,"NT$1,000",1000,88925
0311,金麻將,NT$800,800,32341
0311,金麻將,NT$500,500,782131
0311,金麻將,NT$300,300,1777349
0310,金豬報喜,"NT$2,000,000",2000000,5
0310,金豬報喜,"NT$50,000",50000,20
0310,金豬報喜,"NT$10,000",10000,123
0310,金豬報喜,"NT$5,000",5000,2039
0310,金豬報喜,"NT$2,000",2000,18391
0310,金豬報喜,"NT$1,500",1500,61154
0310,金豬報喜,"NT$1,000",1000,126490
0310,金豬報喜,NT$500,500,128523
0310,金豬報喜,NT$300,300,520161
0310,金豬報喜,NT$200,200,928214
0309,超級777,"NT$2,000,000",2000000,6
0309,超級777,"NT$70,000",70000,24
0309,超級777,"NT$14,000",14000,200
0309,超級777,"NT$7,000",7000,2187
0309,超級777,"NT$2,000",2000,61853
0309,超級777,"NT$1,400",1400,63614
0309,超級777,"NT$1,000",1000,123273
0309,超級777,NT$700,700,24423
0309,超級777,NT$400,400,312217
0309,超級777,NT$300,300,342696
0309,超級777,NT$200,200,913064
0308,金豬疊疊樂,"NT$2,000,000",2000000,5
0308,金豬疊疊樂,"NT$50,000",50000,20
0308,金豬疊疊樂,"NT$10,000",10000,164
0308,金豬疊疊樂,"NT$5,000",5000,2757
0308,金豬疊疊樂,"NT$2,000",2000,20365
0308,金豬疊疊樂,"NT$1,500",1500,57826
0308,金豬疊疊樂,"NT$1,000",1000,154820
0308,金豬疊疊樂,NT$500,500,91688
0308,金豬疊疊樂,NT$300,300,468307
0308,金豬疊疊樂,NT$200,200,934581
0307,金豬獎,"NT$3,000,000",3000000,8
0307,金豬獎,"NT$50,000",50000,48
0307,金豬獎,"NT$10,000",10000,144
0307,金豬獎,"NT$7,000",7000,200
0307,金豬獎,"NT$5,000",5000,2400
0307,金豬獎,"NT$2,000",2000,33200
0307,金豬獎,"NT$1,500",1500,56000
0307,金豬獎,"NT$1,000",1000,468000
0307,金豬獎,NT$800,800,60000
0307,金豬獎,NT$600,600,102000
0307,金豬獎,NT$500,500,1200000
0307,金豬獎,NT$300,300,38000
0307,金豬獎,NT$200,200,160000
0307,金豬獎,NT$100,100,2880000
0306,超速777,"NT$700,000",700000,5
0306,超速777,"NT$70,000",70000,28
0306,超速777,"NT$7,000",7000,241
0306,超速777,"NT$2,000",2000,1225
0306,超速777,"NT$1,400",1400,9791
0306,超速777,"NT$1,200",1200,10298
0306,超速777,"NT$1,000",1000,20568
0306,超速777,NT$700,700,89326
0306,超速777,NT$500,500,56301
0306,超速777,NT$300,300,246026
0306,超速777,NT$200,200,244762
0306,超速777,NT$100,100,1035535
0305,辦桌,"NT$10,000",10000,150
0305,辦桌,"NT$2,000",2000,200
0305,辦桌,"NT$1,500",1500,1097
0305,辦桌,"NT$1,000",1000,2203
0305,辦桌,NT$500,500,31830
0305,辦桌,NT$300,300,97889
0305,辦桌,NT$200,200,354958
0305,辦桌,NT$100,100,2577806
0304,大三元,"NT$2,000,000",2000000,5
0304,大三元,"NT$50,000",50000,20
0304,大三元,"NT$10,000",10000,203
0304,大三元,"NT$5,000",5000,3030
0304,大三元,"NT$2,000",2000,16142
0304,大三元,"NT$1,500",1500,88761
0304,大三元,"NT$1,000",1000,77263
0304,大三元,NT$800,800,20169
0304,大三元,NT$600,600,30263
0304,大三元,NT$500,500,80756
0304,大三元,NT$300,300,506476
0304,大三元,NT$200,200,891759
0303,大富翁,"NT$5,000,000",5000000,3
0303,大富翁,"NT$100,000",100000,75
0303,大富翁,"NT$50,000",50000,160
0303,大富翁,"NT$10,000",10000,640
0303,大富翁,"NT$7,000",7000,4800
0303,大富翁,"NT$5,000",5000,80000
0303,大富翁,"NT$2,000",2000,25600
0303,大富翁,"NT$1,000",1000,128000
0303,大富翁,NT$600,600,288000
0303,大富翁,NT$500,500,1155200
0302,"$1,200萬大吉利","NT$12,000,000",12000000,3
0302,"$1,200萬大吉利","NT$1,000,000",1000000,70
0302,"$1,200萬大吉利","NT$100,000",100000,120
0302,"$1,200萬大吉利","NT$50,000",50000,140
0302,"$1,200萬大吉利","NT$10,000",10000,1400
0302,"$1,200萬大吉利","NT$8,000",8000,5600
0302,"$1,200萬大吉利","NT$5,000",5000,23800
0302,"$1,200萬大吉利","NT$2,000",2000,309820
0302,"$1,200萬大吉利","NT$1,500",1500,212800
0302,"$1,200萬大吉利","NT$1,200",1200,112000
0302,"$1,200萬大吉利","NT$1,000",1000,644000
0302,"$1,200萬大吉利",NT$500,500,1140160
0301,"2,000萬超級紅包","NT$20,000,000",20000000,3
0301,"2,000萬超級紅包","NT$2,000,000(註)",2000000,5
0301,"2,000萬超級紅包","NT$1,000,000",1000000,300
0301,"2,000萬超級紅包","NT$100,000",100000,3120
0301,"2,000萬超級紅包","NT$30,000",30000,1600
0301,"2,000萬超級紅包","NT$10,000",10000,22160
0301,"2,000萬超級紅包","NT$5,000",5000,385520
0301,"2,000萬超級紅包","NT$2,000",2000,760400
0301,"2,000萬超級紅包","NT$1,000",1000,1600000
0300,歡樂賓果,"NT$300,000",300000,10
0300,歡樂賓果,"NT$10,000",10000,1000
0300,歡樂賓果,"NT$2,000",2000,14231
0300,歡樂賓果,"NT$1,000",1000,25717
0300,歡樂賓果,NT$500,500,233917
0300,歡樂賓果,NT$200,200,571200
0300,歡樂賓果,NT$100,100,1510218
0299,開運密碼,"NT$2,000,000",2000000,3
0299,開運密碼,"NT$50,000",50000,40
0299,開運密碼,"NT$10,000",10000,414
0299,開運密碼,"NT$5,000",5000,1631
0299,開運密碼,"NT$2,000",2000,36887
0299,開運密碼,"NT$1,500",1500,24277
0299,開運密碼,"NT$1,200",1200,40657
0299,開運密碼,"NT$1,000",1000,102117
0299,開運密碼,NT$800,800,38921
0299,開運密碼,NT$500,500,40544
0299,開運密碼,NT$300,300,240000
0299,開運密碼,NT$200,200,690946
0298,金喜大禮包,"NT$1,000,000",1000000,50
0298,金喜大禮包,"NT$100,000",100000,100
0298,金喜大禮包,"NT$10,000",10000,504
0298,金喜大禮包,"NT$5,000",5000,8150
0298,金喜大禮包,"NT$2,000",2000,16299
0298,金喜大禮包,"NT$1,500",1500,20373
0298,金喜大禮包,"NT$1,200",1200,20396
0298,金喜大禮包,"NT$1,000",1000,61252
0298,金喜大禮包,NT$800,800,40749
0298,金喜大禮包,NT$500,500,101998
0298,金喜大禮包,NT$300,300,585467
0298,金喜大禮包,NT$200,200,864741
0297,娃娃機,"NT$300,000",300000,6
0297,娃娃機,"NT$10,000",10000,20
0297,娃娃機,"NT$5,000",5000,105
0297,娃娃機,"NT$2,000",2000,820
0297,娃娃機,"NT$1,000",1000,42606
0297,娃娃機,NT$500,500,85660
0297,娃娃機,NT$300,300,102804
0297,娃娃機,NT$200,200,414526
0297,娃娃機,NT$100,100,577575
0296,灌籃大帝,"NT$2,000,000",2000000,4
0296,灌籃大帝,"NT$50,000",50000,20
0296,灌籃大帝,"NT$10,000",10000,113
0296,灌籃大帝,"NT$5,000",5000,1500
0296,灌籃大帝,"NT$2,000",2000,19501
0296,灌籃大帝,"NT$1,500",1500,39972
0296,灌籃大帝,"NT$1,000",1000,165709
0296,灌籃大帝,NT$500,500,32459
0296,灌籃大帝,NT$300,300,292561
0296,灌籃大帝,NT$200,200,708680
0295,雙11好運到,"NT$1,111,000",1111000,3
0295,雙11好運到,"NT$111,000",111000,16
0295,雙11好運到,"NT$11,000",11000,166
0295,雙11好運到,"NT$5,000",5000,497
0295,雙11好運到,"NT$2,000",2000,3252
0295,雙11好運到,"NT$1,500",1500,7354
0295,雙11好運到,"NT$1,000",1000,46430
0295,雙11好運到,NT$800,800,14685
0295,雙11好運到,NT$500,500,35959
0295,雙11好運到,NT$300,300,29298
0295,雙11好運到,NT$200,200,496944
0295,雙11好運到,NT$100,100,416224
0294,黃金娛樂城,"NT$5,000,000",5000000,3
0294,黃金娛樂城,"NT$100,000",100000,24
0294,黃金娛樂城,"NT$50,000",50000,120
0294,黃金娛樂城,"NT$10,000",10000,1440
0294,黃金娛樂城,"NT$5,000",5000,70800
0294,黃金娛樂城,"NT$2,000",2000,43200
0294,黃金娛樂城,"NT$1,000",1000,59520
0294,黃金娛樂城,NT$500,500,1024800
0293,金喜扭蛋,"NT$300,000",300000,6
0293,金喜扭蛋,"NT$10,000",10000,20
0293,金喜扭蛋,"NT$5,000",5000,106
0293,金喜扭蛋,"NT$2,000",2000,815
0293,金喜扭蛋,"NT$1,000",1000,42602
0293,金喜扭蛋,NT$500,500,85661
0293,金喜扭蛋,NT$300,300,102843
0293,金喜扭蛋,NT$200,200,414477
0293,金喜扭蛋,NT$100,100,577591
0292,台灣味,"NT$2,000,000",2000000,4
0292,台灣味,"NT$50,000",50000,50
0292,台灣味,"NT$10,000",10000,203
0292,台灣味,"NT$5,000",5000,6410
0292,台灣味,"NT$2,000",2000,8150
0292,台灣味,"NT$1,500",1500,22703
0292,台灣味,"NT$1,000",1000,117045
0292,台灣味,NT$600,600,16223
0292,台灣味,NT$500,500,87905
0292,台灣味,NT$300,300,454335
0292,台灣味,NT$200,200,707502
0291,幸運777,"NT$700,000",700000,4
0291,幸運777,"NT$70,000",70000,12
0291,幸運777,"NT$7,000",7000,163
0291,幸運777,"NT$1,400",1400,9636
0291,幸運777,"NT$1,000",1000,29058
0291,幸運777,NT$700,700,53513
0291,幸運777,NT$300,300,130560
0291,幸運777,NT$200,200,285609
0291,幸運777,NT$100,100,718027
0290,吃角子老虎,"NT$3,000,000",3000000,3
0290,吃角子老虎,"NT$100,000",100000,16
0290,吃角子老虎,"NT$15,000",15000,3808
0290,吃角子老虎,"NT$7,500",7500,7137
0290,吃角子老虎,"NT$4,500",4500,14690
0290,吃角子老虎,"NT$1,500",1500,56079
0290,吃角子老虎,"NT$1,000",1000,51927
0290,吃角子老虎,NT$500,500,414680
0290,吃角子老虎,NT$300,300,952910
0289,一路發,"NT$2,000,000",2000000,4
0289,一路發,"NT$80,000",80000,16
0289,一路發,"NT$16,000",16000,79
0289,一路發,"NT$8,000",8000,816
0289,一路發,"NT$2,000",2000,12971
0289,一路發,"NT$1,600",1600,61550
0289,一路發,"NT$1,000",1000,81035
0289,一路發,NT$800,800,87081
0289,一路發,NT$500,500,29164
0289,一路發,NT$300,300,291659
0289,一路發,NT$200,200,661140
0288,傳說對決,"NT$500,000",500000,50
0288,傳說對決,"NT$50,000",50000,80
0288,傳說對決,"NT$10,000",10000,79
0288,傳說對決,"NT$5,000",5000,802
0288,傳說對決,"NT$2,000",2000,9649
0288,傳說對決,"NT$1,500",1500,22349
0288,傳說對決,"NT$1,000",1000,48288
0288,傳說對決,NT$500,500,16095
0288,傳說對決,NT$300,300,48259
0288,傳說對決,NT$200,200,1866153
0285,2、4、6、8、10,"NT$300,000",300000,4
0285,2、4、6、8、10,"NT$10,000",10000,128
0285,2、4、6、8、10,"NT$2,000",2000,6511
0285,2、4、6、8、10,"NT$1,000",1000,14692
0285,2、4、6、8、10,NT$500,500,133720
0285,2、4、6、8、10,NT$200,200,326399
0285,2、4、6、8、10,NT$100,100,864944
0284,1、3、5、7、9,"NT$300,000",300000,4
0284,1、3、5、7、9,"NT$10,000",10000,128
0284,1、3、5、7、9,"NT$2,000",2000,6525
0284,1、3、5、7、9,"NT$1,000",1000,14721
0284,1、3、5、7、9,NT$500,500,133635
0284,1、3、5、7、9,NT$200,200,326381
0284,1、3、5、7、9,NT$100,100,864859
0283,幸運開獎機,"NT$2,000,000",2000000,4
0283,幸運開獎機,"NT$100,000",100000,34
0283,幸運開獎機,"NT$10,000",10000,1406
0283,幸運開獎機,"NT$6,000",6000,816
0283,幸運開獎機,"NT$5,000",5000,4470
0283,幸運開獎機,"NT$1,500",1500,15340
0283,幸運開獎機,"NT$1,200",1200,22434
0283,幸運開獎機,"NT$1,000",1000,132559
0283,幸運開獎機,NT$700,700,122448
0283,幸運開獎機,NT$500,500,121971
0283,幸運開獎機,NT$400,400,294371
0283,幸運開獎機,NT$200,200,815479
0282,超級連線,"NT$6,000,000",6000000,3
0282,超級連線,"NT$100,000",100000,200
0282,超級連線,"NT$50,000",50000,600
0282,超級連線,"NT$10,000",10000,2200
0282,超級連線,"NT$5,000",5000,7000
0282,超級連線,"NT$2,000",2000,136000
0282,超級連線,"NT$1,000",1000,136000
0282,超級連線,NT$800,800,680000
0282,超級連線,NT$500,500,550000
0281,錢滾錢,"NT$2,000,000",2000000,3
0281,錢滾錢,"NT$50,000",50000,6
0281,錢滾錢,"NT$10,000",10000,45
0281,錢滾錢,"NT$8,000",8000,84
0281,錢滾錢,"NT$5,000",5000,1104
0281,錢滾錢,"NT$2,000",2000,60584
0281,錢滾錢,"NT$1,500",1500,18359
0281,錢滾錢,"NT$1,000",1000,150015
0281,錢滾錢,NT$800,800,27535
0281,錢滾錢,NT$500,500,115673
0281,錢滾錢,NT$300,300,316891
0281,錢滾錢,NT$200,200,594867
0280,加倍鑽,"NT$1,000,000",1000000,3
0280,加倍鑽,"NT$50,000",50000,160
0280,加倍鑽,"NT$10,000",10000,317
0280,加倍鑽,"NT$5,000",5000,654
0280,加倍鑽,"NT$2,000",2000,4565
0280,加倍鑽,"NT$1,500",1500,4889
0280,加倍鑽,"NT$1,200",1200,4692
0280,加倍鑽,"NT$1,000",1000,37020
0280,加倍鑽,NT$800,800,16298
0280,加倍鑽,NT$500,500,70915
0280,加倍鑽,NT$300,300,29462
0280,加倍鑽,NT$200,200,277490
0280,加倍鑽,NT$100,100,587436
0279,足球冠軍,"NT$2,000,000",2000000,3
0279,足球冠軍,"NT$50,000",50000,16
0279,足球冠軍,"NT$10,000",10000,31
0279,足球冠軍,"NT$8,000",8000,109
0279,足球冠軍,"NT$5,000",5000,1689
0279,足球冠軍,"NT$2,000",2000,9586
0279,足球冠軍,"NT$1,500",1500,15946
0279,足球冠軍,"NT$1,000",1000,132438
0279,足球冠軍,NT$800,800,52702
0279,足球冠軍,NT$500,500,63851
0279,足球冠軍,NT$300,300,63866
0279,足球冠軍,NT$200,200,1048927
0278,發財樹,"NT$500,000",500000,6
0278,發財樹,"NT$10,000",10000,40
0278,發財樹,"NT$5,000",5000,103
0278,發財樹,"NT$1,500",1500,1609
0278,發財樹,"NT$1,200",1200,4412
0278,發財樹,"NT$1,000",1000,9966
0278,發財樹,NT$800,800,10590
0278,發財樹,NT$600,600,10940
0278,發財樹,NT$500,500,52278
0278,發財樹,NT$300,300,97892
0278,發財樹,NT$200,200,489600
0278,發財樹,NT$100,100,669113
0277,黃金俱樂部,"NT$2,000,000",2000000,4
0277,黃金俱樂部,"NT$50,000",50000,20
0277,黃金俱樂部,"NT$10,000",10000,116
0277,黃金俱樂部,"NT$5,000",5000,1555
0277,黃金俱樂部,"NT$2,000",2000,19572
0277,黃金俱樂部,"NT$1,500",1500,42432
0277,黃金俱樂部,"NT$1,000",1000,185898
0277,黃金俱樂部,NT$500,500,32702
0277,黃金俱樂部,NT$300,300,293710
0277,黃金俱樂部,NT$200,200,595685
0276,招財貓,"NT$300,000",300000,6
0276,招財貓,"NT$10,000",10000,20
0276,招財貓,"NT$5,000",5000,102
0276,招財貓,"NT$2,000",2000,824
0276,招財貓,"NT$1,000",1000,42411
0276,招財貓,NT$500,500,79978
0276,招財貓,NT$300,300,102830
0276,招財貓,NT$200,200,412374
0276,招財貓,NT$100,100,571196
0275,幸運撲克,"NT$2,000,000",2000000,3
0275,幸運撲克,"NT$50,000",50000,16
0275,幸運撲克,"NT$10,000",10000,126
0275,幸運撲克,"NT$5,000",5000,2282
0275,幸運撲克,"NT$2,000",2000,26118
0275,幸運撲克,"NT$1,500",1500,32625
0275,幸運撲克,"NT$1,000",1000,94680
0275,幸運撲克,NT$600,600,48958
0275,幸運撲克,NT$500,500,146842
0275,幸運撲克,NT$300,300,293963
0275,幸運撲克,NT$200,200,619348
0274,海底大尋寶,"NT$3,000,000",3000000,3
0274,海底大尋寶,"NT$100,000",100000,22
0274,海底大尋寶,"NT$10,000",10000,30
0274,海底大尋寶,"NT$7,500",7500,58
0274,海底大尋寶,"NT$5,000",5000,100
0274,海底大尋寶,"NT$2,000",2000,14101
0274,海底大尋寶,"NT$1,500",1500,11469
0274,海底大尋寶,"NT$1,000",1000,355782
0274,海底大尋寶,NT$600,600,283994
0274,海底大尋寶,NT$500,500,430098
0274,海底大尋寶,NT$300,300,730260
0273,幸運輪盤,"NT$2,000,000",2000000,4
0273,幸運輪盤,"NT$50,000",50000,32
0273,幸運輪盤,"NT$10,000",10000,325
0273,幸運輪盤,"NT$5,000",5000,980
0273,幸運輪盤,"NT$2,000",2000,26775
0273,幸運輪盤,"NT$1,500",1500,16305
0273,幸運輪盤,"NT$1,200",1200,16308
0273,幸運輪盤,"NT$1,000",1000,58977
0273,幸運輪盤,NT$800,800,32542
0273,幸運輪盤,NT$600,600,83876
0273,幸運輪盤,NT$300,300,325338
0273,幸運輪盤,NT$200,200,821889
0272,好運連連,"NT$300,000",300000,5
0272,好運連連,"NT$10,000",10000,48
0272,好運連連,"NT$5,000",5000,164
0272,好運連連,"NT$2,000",2000,3289
0272,好運連連,"NT$1,000",1000,14606
0272,好運連連,NT$500,500,66460
0272,好運連連,NT$300,300,68362
0272,好運連連,NT$200,200,514194
0272,好運連連,NT$100,100,681897
0271,聚寶盆,"NT$1,000,000",1000000,3
0271,聚寶盆,"NT$50,000",50000,16
0271,聚寶盆,"NT$10,000",10000,45
0271,聚寶盆,"NT$5,000",5000,249
0271,聚寶盆,"NT$2,000",2000,3090
0271,聚寶盆,"NT$1,500",1500,6538
0271,聚寶盆,"NT$1,200",1200,7028
0271,聚寶盆,"NT$1,000",1000,39151
0271,聚寶盆,NT$800,800,14839
0271,聚寶盆,NT$500,500,35938
0271,聚寶盆,NT$300,300,29372
0271,聚寶盆,NT$200,200,497450
0271,聚寶盆,NT$100,100,416992
0270,鑽很大,"NT$5,000,000",5000000,3
0270,鑽很大,"NT$100,000",100000,8
0270,鑽很大,"NT$50,000",50000,32
0270,鑽很大,"NT$10,000",10000,320
0270,鑽很大,"NT$8,000",8000,720
0270,鑽很大,"NT$5,000",5000,40000
0270,鑽很大,"NT$2,000",2000,13800
0270,鑽很大,"NT$1,000",1000,80000
0270,鑽很大,NT$600,600,172000
0270,鑽很大,NT$500,500,494400
0269,麻將,"NT$2,000,000",2000000,12
0269,麻將,"NT$100,000",100000,20
0269,麻將,"NT$10,000",10000,268
0269,麻將,"NT$5,000",5000,17121
0269,麻將,"NT$1,700",1700,35966
0269,麻將,"NT$1,500",1500,101433
0269,麻將,"NT$1,200",1200,40143
0269,麻將,"NT$1,000",1000,230043
0269,麻將,NT$800,800,181179
0269,麻將,NT$500,500,279095
0269,麻將,NT$400,400,342697
0269,麻將,NT$300,300,734355
0269,麻將,NT$200,200,1714621
0268,剪刀石頭布,"NT$300,000",300000,5
0268,剪刀石頭布,"NT$50,000",50000,20
0268,剪刀石頭布,"NT$10,000",10000,182
0268,剪刀石頭布,"NT$5,000",5000,198
0268,剪刀石頭布,"NT$2,000",2000,1543
0268,剪刀石頭布,"NT$1,500",1500,3139
0268,剪刀石頭布,"NT$1,000",1000,24477
0268,剪刀石頭布,NT$800,800,12230
0268,剪刀石頭布,NT$700,700,12276
0268,剪刀石頭布,NT$500,500,159106
0268,剪刀石頭布,NT$200,200,387595
0268,剪刀石頭布,NT$100,100,1082219
0267,心花朵朵開,"NT$2,000,000",2000000,5
0267,心花朵朵開,"NT$50,000",50000,40
0267,心花朵朵開,"NT$10,000",10000,167
0267,心花朵朵開,"NT$5,000",5000,1483
0267,心花朵朵開,"NT$2,000",2000,9988
0267,心花朵朵開,"NT$1,600",1600,27894
0267,心花朵朵開,"NT$1,200",1200,25826
0267,心花朵朵開,"NT$1,000",1000,111227
0267,心花朵朵開,NT$600,600,19858
0267,心花朵朵開,NT$500,500,107840
0267,心花朵朵開,NT$300,300,557310
0267,心花朵朵開,NT$200,200,880136
0266,超級777,"NT$2,000,000",2000000,5
0266,超級777,"NT$70,000",70000,20
0266,超級777,"NT$14,000",14000,159
0266,超級777,"NT$7,000",7000,1836
0266,超級777,"NT$2,000",2000,51132
0266,超級777,"NT$1,400",1400,52622
0266,超級777,"NT$1,000",1000,101963
0266,超級777,NT$700,700,20230
0266,超級777,NT$400,400,258073
0266,超級777,NT$300,300,283417
0266,超級777,NT$200,200,755063
0265,過新年,"NT$50,000",50000,100
0265,過新年,"NT$5,000",5000,150
0265,過新年,"NT$2,000",2000,2879
0265,過新年,"NT$1,500",1500,5705
0265,過新年,"NT$1,000",1000,8850
0265,過新年,NT$800,800,17115
0265,過新年,NT$500,500,68521
0265,過新年,NT$300,300,45703
0265,過新年,NT$200,200,97260
0265,過新年,NT$100,100,3325541
0264,財神報到,"NT$800,000",800000,7
0264,財神報到,"NT$10,000",10000,56
0264,財神報到,"NT$5,000",5000,125
0264,財神報到,"NT$2,000",2000,5655
0264,財神報到,"NT$1,500",1500,12758
0264,財神報到,"NT$1,200",1200,13409
0264,財神報到,"NT$1,000",1000,22818
0264,財神報到,NT$800,800,37509
0264,財神報到,NT$600,600,29900
0264,財神報到,NT$500,500,96763
0264,財神報到,NT$300,300,111869
0264,財神報到,NT$200,200,398190
0264,財神報到,NT$100,100,1478701
0263,發紅包,"NT$100,000",100000,500
0263,發紅包,"NT$10,000",10000,200
0263,發紅包,"NT$5,000",5000,430
0263,發紅包,"NT$2,000",2000,13257
0263,發紅包,"NT$1,000",1000,14843
0263,發紅包,NT$600,600,17406
0263,發紅包,NT$500,500,100018
0263,發紅包,NT$300,300,856768
0263,發紅包,NT$200,200,2574813
0262,紅包一把抓,"NT$3,000,000",3000000,8
0262,紅包一把抓,"NT$100,000",100000,30
0262,紅包一把抓,"NT$15,000",15000,6001
0262,紅包一把抓,"NT$7,500",7500,12218
0262,紅包一把抓,"NT$4,500",4500,29350
0262,紅包一把抓,"NT$1,500",1500,79244
0262,紅包一把抓,"NT$1,000",1000,71064
0262,紅包一把抓,NT$500,500,612454
0262,紅包一把抓,NT$300,300,1370510
0261,好運旺旺來,"NT$2,000,000",2000000,6
0261,好運旺旺來,"NT$50,000",50000,28
0261,好運旺旺來,"NT$10,000",10000,225
0261,好運旺旺來,"NT$5,000",5000,4282
0261,好運旺旺來,"NT$2,000",2000,28549
0261,好運旺旺來,"NT$1,500",1500,81131
0261,好運旺旺來,"NT$1,000",1000,217064
0261,好運旺旺來,NT$500,500,128518
0261,好運旺旺來,NT$300,300,656844
0261,好運旺旺來,NT$200,200,1311219
0260,金犬獎,"NT$3,000,000",3000000,6
0260,金犬獎,"NT$50,000",50000,36
0260,金犬獎,"NT$10,000",10000,108
0260,金犬獎,"NT$7,000",7000,150
0260,金犬獎,"NT$5,000",5000,1800
0260,金犬獎,"NT$2,000",2000,24900
0260,金犬獎,"NT$1,500",1500,42000
0260,金犬獎,"NT$1,000",1000,351000
0260,金犬獎,NT$800,800,45000
0260,金犬獎,NT$600,600,76500
0260,金犬獎,NT$500,500,900000
0260,金犬獎,NT$300,300,28500
0260,金犬獎,NT$200,200,120000
0260,金犬獎,NT$100,100,2160000
0259,骰子樂,"NT$500,000",500000,7
0259,骰子樂,"NT$50,000",50000,14
0259,骰子樂,"NT$10,000",10000,20
0259,骰子樂,"NT$5,000",5000,29
0259,骰子樂,"NT$2,000",2000,81
0259,骰子樂,"NT$1,500",1500,227
0259,骰子樂,"NT$1,000",1000,706
0259,骰子樂,NT$800,800,1267
0259,骰子樂,NT$700,700,1138
0259,骰子樂,NT$600,600,4209
0259,骰子樂,NT$500,500,231260
0259,骰子樂,NT$200,200,1020722
0259,骰子樂,NT$100,100,1071560
0258,刮刮金樂透,"NT$2,000,000",2000000,10
0258,刮刮金樂透,"NT$100,000",100000,16
0258,刮刮金樂透,"NT$10,000",10000,215
0258,刮刮金樂透,"NT$5,000",5000,2503
0258,刮刮金樂透,"NT$2,000",2000,28064
0258,刮刮金樂透,"NT$1,000",1000,302270
0258,刮刮金樂透,NT$500,500,749606
0258,刮刮金樂透,NT$200,200,1383642
0257,十二生肖賀新春,"NT$5,000,000",5000000,5
0257,十二生肖賀新春,"NT$100,000",100000,30
0257,十二生肖賀新春,"NT$50,000",50000,120
0257,十二生肖賀新春,"NT$10,000",10000,600
0257,十二生肖賀新春,"NT$5,000",5000,77475
0257,十二生肖賀新春,"NT$2,000",2000,55830
0257,十二生肖賀新春,"NT$1,000",1000,75000
0257,十二生肖賀新春,NT$600,600,339000
0257,十二生肖賀新春,NT$500,500,990000
0256,"2,000萬開運發財金","NT$20,000,000",20000000,3
0256,"2,000萬開運發財金","NT$1,000,000",1000000,200
0256,"2,000萬開運發財金","NT$100,000",100000,3200
0256,"2,000萬開運發財金","NT$30,000",30000,29080
0256,"2,000萬開運發財金","NT$10,000",10000,36000
0256,"2,000萬開運發財金","NT$5,000",5000,111600
0256,"2,000萬開運發財金","NT$2,000",2000,656000
0256,"2,000萬開運發財金","NT$1,000",1000,2277840
0255,辦桌,"NT$10,000",10000,150
0255,辦桌,"NT$2,000",2000,250
0255,辦桌,"NT$1,500",1500,1280
0255,辦桌,"NT$1,000",1000,2872
0255,辦桌,NT$500,500,37041
0255,辦桌,NT$300,300,114115
0255,辦桌,NT$200,200,413483
0255,辦桌,NT$100,100,3002928
0254,歡樂賓果,"NT$300,000",300000,10
0254,歡樂賓果,"NT$10,000",10000,1116
0254,歡樂賓果,"NT$2,000",2000,15737
0254,歡樂賓果,"NT$1,000",1000,28363
0254,歡樂賓果,NT$500,500,258058
0254,歡樂賓果,NT$200,200,630134
0254,歡樂賓果,NT$100,100,1669848
0253,百萬年終獎金,"NT$1,000,000",1000000,100
0253,百萬年終獎金,"NT$100,000",100000,35
0253,百萬年終獎金,"NT$10,000",10000,35
0253,百萬年終獎金,"NT$5,000",5000,8439
0253,百萬年終獎金,"NT$2,000",2000,21870
0253,百萬年終獎金,"NT$1,500",1500,27888
0253,百萬年終獎金,"NT$1,200",1200,27884
0253,百萬年終獎金,"NT$1,000",1000,83682
0253,百萬年終獎金,NT$800,800,55764
0253,百萬年終獎金,NT$500,500,139355
0253,百萬年終獎金,NT$300,300,799843
0253,百萬年終獎金,NT$200,200,1184263
0252,新年快樂,"NT$3,000,000",3000000,4
0252,新年快樂,"NT$50,000",50000,70
0252,新年快樂,"NT$10,000",10000,150
0252,新年快樂,"NT$7,000",7000,420
0252,新年快樂,"NT$5,000",5000,6751
0252,新年快樂,"NT$2,000",2000,30000
0252,新年快樂,"NT$1,500",1500,30000
0252,新年快樂,"NT$1,000",1000,373500
0252,新年快樂,NT$800,800,45000
0252,新年快樂,NT$600,600,75000
0252,新年快樂,NT$500,500,900000
0252,新年快樂,NT$300,300,51000
0252,新年快樂,NT$200,200,108105
0252,新年快樂,NT$100,100,2130000
0251,"$1,000萬年終獎金","NT$10,000,000",10000000,3
0251,"$1,000萬年終獎金","NT$1,000,000",1000000,10
0251,"$1,000萬年終獎金","NT$25,000",25000,14000
0251,"$1,000萬年終獎金","NT$10,000",10000,5194
0251,"$1,000萬年終獎金","NT$5,000",5000,11200
0251,"$1,000萬年終獎金","NT$2,000",2000,420000
0251,"$1,000萬年終獎金","NT$1,000",1000,560000
0251,"$1,000萬年終獎金",NT$500,500,1404760
0250,大麻將,"NT$10,000,000",10000000,1
0250,大麻將,"NT$1,000,000",1000000,25
0250,大麻將,"NT$100,000",100000,42
0250,大麻將,"NT$50,000",50000,140
0250,大麻將,"NT$10,000",10000,2100
0250,大麻將,"NT$8,000",8000,4200
0250,大麻將,"NT$5,000",5000,35000
0250,大麻將,"NT$2,000",2000,195300
0250,大麻將,"NT$1,500",1500,557200
0250,大麻將,"NT$1,000",1000,482160
0250,大麻將,NT$500,500,1176000
0249,無敵拉霸機,"NT$3,000,000",3000000,5
0249,無敵拉霸機,"NT$100,000",100000,24
0249,無敵拉霸機,"NT$15,000",15000,5550
0249,無敵拉霸機,"NT$7,500",7500,10705
0249,無敵拉霸機,"NT$4,500",4500,21812
0249,無敵拉霸機,"NT$1,500",1500,83564
0249,無敵拉霸機,"NT$1,000",1000,77567
0249,無敵拉霸機,NT$500,500,618034
0249,無敵拉霸機,NT$300,300,1420421
0248,2、4、6、8、10,"NT$300,000",300000,4
0248,2、4、6、8、10,"NT$10,000",10000,128
0248,2、4、6、8、10,"NT$2,000",2000,6541
0248,2、4、6、8、10,"NT$1,000",1000,14628
0248,2、4、6、8、10,NT$500,500,132992
0248,2、4、6、8、10,NT$200,200,325081
0248,2、4、6、8、10,NT$100,100,861618
0247,1、3、5、7、9,"NT$300,000",300000,4
0247,1、3、5、7、9,"NT$10,000",10000,128
0247,1、3、5、7、9,"NT$2,000",2000,6569
0247,1、3、5、7、9,"NT$1,000",1000,14611
0247,1、3、5、7、9,NT$500,500,133654
0247,1、3、5、7、9,NT$200,200,326323
0247,1、3、5、7、9,NT$100,100,865160
0246,金庫大開,"NT$2,000,000",2000000,4
0246,金庫大開,"NT$500,000",500000,4
0246,金庫大開,"NT$100,000",100000,21
0246,金庫大開,"NT$50,000",50000,24
0246,金庫大開,"NT$10,000",10000,45
0246,金庫大開,"NT$5,000",5000,317
0246,金庫大開,"NT$2,000",2000,86625
0246,金庫大開,"NT$1,000",1000,180455
0246,金庫大開,NT$500,500,145104
0246,金庫大開,NT$300,300,317253
0246,金庫大開,NT$200,200,945972
0245,連線派對,"NT$2,000,000",2000000,5
0245,連線派對,"NT$100,000",100000,9
0245,連線派對,"NT$10,000",10000,91
0245,連線派對,"NT$5,000",5000,1266
0245,連線派對,"NT$2,000",2000,14745
0245,連線派對,"NT$1,000",1000,163290
0245,連線派對,NT$500,500,417506
0245,連線派對,NT$200,200,810437
0244,歡喜推筒子,"NT$2,000,000",2000000,5
0244,歡喜推筒子,"NT$50,000",50000,18
0244,歡喜推筒子,"NT$10,000",10000,144
0244,歡喜推筒子,"NT$5,000",5000,2479
0244,歡喜推筒子,"NT$2,000",2000,35527
0244,歡喜推筒子,"NT$1,500",1500,38107
0244,歡喜推筒子,"NT$1,000",1000,121644
0244,歡喜推筒子,NT$600,600,35389
0244,歡喜推筒子,NT$500,500,71088
0244,歡喜推筒子,NT$300,300,390507
0244,歡喜推筒子,NT$200,200,647979
0243,超級麻將,"NT$5,000,000",5000000,2
0243,超級麻將,"NT$100,000",100000,8
0243,超級麻將,"NT$50,000",50000,32
0243,超級麻將,"NT$10,000",10000,360
0243,超級麻將,"NT$8,000",8000,1224
0243,超級麻將,"NT$5,000",5000,40520
0243,超級麻將,"NT$2,000",2000,19520
0243,超級麻將,"NT$1,000",1000,80000
0243,超級麻將,NT$600,600,172000
0243,超級麻將,NT$500,500,498800
0242,加倍鑽,"NT$1,000,000",1000000,4
0242,加倍鑽,"NT$50,000",50000,200
0242,加倍鑽,"NT$10,000",10000,418
0242,加倍鑽,"NT$5,000",5000,811
0242,加倍鑽,"NT$2,000",2000,5817
0242,加倍鑽,"NT$1,500",1500,6037
0242,加倍鑽,"NT$1,200",1200,6060
0242,加倍鑽,"NT$1,000",1000,45826
0242,加倍鑽,NT$800,800,20206
0242,加倍鑽,NT$500,500,88187
0242,加倍鑽,NT$300,300,36526
0242,加倍鑽,NT$200,200,344441
0242,加倍鑽,NT$100,100,729907
0241,超級777,"NT$2,000,000",2000000,5
0241,超級777,"NT$70,000",70000,20
0241,超級777,"NT$14,000",14000,160
0241,超級777,"NT$7,000",7000,1774
0241,超級777,"NT$2,000",2000,45989
0241,超級777,"NT$1,400",1400,51914
0241,超級777,"NT$1,000",1000,95824
0241,超級777,NT$700,700,23931
0241,超級777,NT$400,400,269521
0241,超級777,NT$300,300,259485
0241,超級777,NT$200,200,798405
0240,金鑽999,"NT$2,000,000",2000000,4
0240,金鑽999,"NT$90,000",90000,10
0240,金鑽999,"NT$18,000",18000,20
0240,金鑽999,"NT$9,000",9000,262
0240,金鑽999,"NT$5,000",5000,1622
0240,金鑽999,"NT$2,000",2000,99141
0240,金鑽999,NT$900,900,162648
0240,金鑽999,NT$500,500,106749
0240,金鑽999,NT$300,300,241577
0240,金鑽999,NT$200,200,774672
0239,超級連線,"NT$6,000,000",6000000,5
0239,超級連線,"NT$60,000",60000,550
0239,超級連線,"NT$30,000",30000,1452
0239,超級連線,"NT$20,000",20000,2750
0239,超級連線,"NT$10,000",10000,3894
0239,超級連線,"NT$2,000",2000,74800
0239,超級連線,"NT$1,200",1200,74800
0239,超級連線,NT$800,800,748000
0239,超級連線,NT$600,600,748000
0238,瘋狂888,"NT$800,000",800000,4
0238,瘋狂888,"NT$80,000",80000,54
0238,瘋狂888,"NT$8,000",8000,439
0238,瘋狂888,"NT$1,600",1600,9343
0238,瘋狂888,"NT$1,000",1000,37017
0238,瘋狂888,NT$800,800,55045
0238,瘋狂888,NT$400,400,51365
0238,瘋狂888,NT$300,300,82703
0238,瘋狂888,NT$200,200,135814
0238,瘋狂888,NT$100,100,1007258
0237,好運88,"NT$88,000",88000,88
0237,好運88,"NT$8,800",8800,188
0237,好運88,"NT$5,000",5000,388
0237,好運88,"NT$2,000",2000,809
0237,好運88,"NT$1,500",1500,3057
0237,好運88,"NT$1,000",1000,12058
0237,好運88,NT$800,800,10187
0237,好運88,NT$500,500,81618
0237,好運88,NT$300,300,652757
0237,好運88,NT$200,200,1789128
0236,幸運777,"NT$2,000,000",2000000,7
0236,幸運777,"NT$50,000",50000,20
0236,幸運777,"NT$10,000",10000,162
0236,幸運777,"NT$5,000",5000,706
0236,幸運777,"NT$2,000",2000,8195
0236,幸運777,"NT$1,000",1000,164192
0236,幸運777,NT$500,500,275380
0236,幸運777,NT$300,300,571063
0236,幸運777,NT$200,200,714095
0235,金麻將,"NT$3,000,000",3000000,8
0235,金麻將,"NT$100,000",100000,26
0235,金麻將,"NT$15,000",15000,6308
0235,金麻將,"NT$7,500",7500,25191
0235,金麻將,"NT$4,500",4500,26748
0235,金麻將,"NT$2,000",2000,21975
0235,金麻將,"NT$1,500",1500,63835
0235,金麻將,"NT$1,000",1000,86418
0235,金麻將,NT$800,800,31419
0235,金麻將,NT$500,500,761135
0235,金麻將,NT$300,300,1730097
0234,海底尋寶,"NT$2,000,000",2000000,6
0234,海底尋寶,"NT$100,000",100000,12
0234,海底尋寶,"NT$10,000",10000,172
0234,海底尋寶,"NT$5,000",5000,1967
0234,海底尋寶,"NT$2,000",2000,21942
0234,海底尋寶,"NT$1,000",1000,245684
0234,海底尋寶,NT$500,500,243916
0234,海底尋寶,NT$300,300,554995
0234,海底尋寶,NT$200,200,826751
0233,幸運輪盤,"NT$2,000,000",2000000,5
0233,幸運輪盤,"NT$50,000",50000,40
0233,幸運輪盤,"NT$10,000",10000,410
0233,幸運輪盤,"NT$5,000",5000,1229
0233,幸運輪盤,"NT$2,000",2000,33616
0233,幸運輪盤,"NT$1,500",1500,20313
0233,幸運輪盤,"NT$1,200",1200,20363
0233,幸運輪盤,"NT$1,000",1000,73909
0233,幸運輪盤,NT$800,800,40833
0233,幸運輪盤,NT$600,600,105005
0233,幸運輪盤,NT$300,300,408026
0233,幸運輪盤,NT$200,200,1030192
0232,520我愛你,"NT$52,000",52000,520
0232,520我愛你,"NT$5,200",5200,520
0232,520我愛你,"NT$2,000",2000,2436
0232,520我愛你,"NT$1,000",1000,20233
0232,520我愛你,NT$500,500,26378
0232,520我愛你,NT$300,300,729156
0232,520我愛你,NT$200,200,1755170
0231,黃金城,"NT$5,000,000",5000000,3
0231,黃金城,"NT$100,000",100000,24
0231,黃金城,"NT$50,000",50000,96
0231,黃金城,"NT$10,000",10000,480
0231,黃金城,"NT$5,000",5000,60000
0231,黃金城,"NT$2,000",2000,44664
0231,黃金城,"NT$1,000",1000,60000
0231,黃金城,NT$600,600,271200
0231,黃金城,NT$500,500,792000
0230,鑽石水果盤,"NT$300,000",300000,5
0230,鑽石水果盤,"NT$10,000",10000,96
0230,鑽石水果盤,"NT$5,000",5000,122
0230,鑽石水果盤,"NT$2,000",2000,363
0230,鑽石水果盤,"NT$1,000",1000,2460
0230,鑽石水果盤,NT$800,800,8552
0230,鑽石水果盤,NT$500,500,81922
0230,鑽石水果盤,NT$300,300,275739
0230,鑽石水果盤,NT$200,200,805144
0230,鑽石水果盤,NT$100,100,805186
0229,幸運開獎機,"NT$2,000,000",2000000,4
0229,幸運開獎機,"NT$100,000",100000,44
0229,幸運開獎機,"NT$10,000",10000,1539
0229,幸運開獎機,"NT$6,000",6000,878
0229,幸運開獎機,"NT$5,000",5000,4907
0229,幸運開獎機,"NT$1,500",1500,16722
0229,幸運開獎機,"NT$1,200",1200,24570
0229,幸運開獎機,"NT$1,000",1000,144810
0229,幸運開獎機,NT$700,700,133813
0229,幸運開獎機,NT$500,500,133396
0229,幸運開獎機,NT$400,400,321647
0229,幸運開獎機,NT$200,200,891818
0228,天生贏家,"NT$1,000,000",1000000,15
0228,天生贏家,"NT$100,000",100000,12
0228,天生贏家,"NT$10,000",10000,4864
0228,天生贏家,"NT$7,000",7000,14656
0228,天生贏家,"NT$5,000",5000,18619
0228,天生贏家,"NT$1,500",1500,68571
0228,天生贏家,"NT$1,000",1000,68513
0228,天生贏家,NT$500,500,844463
0228,天生贏家,NT$300,300,1311593
0227,超速777,"NT$700,000",700000,5
0227,超速777,"NT$70,000",70000,22
0227,超速777,"NT$7,000",7000,219
0227,超速777,"NT$2,000",2000,1127
0227,超速777,"NT$1,400",1400,8962
0227,超速777,"NT$1,200",1200,9423
0227,超速777,"NT$1,000",1000,18850
0227,超速777,NT$700,700,81930
0227,超速777,NT$500,500,51583
0227,超速777,NT$300,300,225565
0227,超速777,NT$200,200,224350
0227,超速777,NT$100,100,949204
0226,花現寶,"NT$300,000",300000,5
0226,花現寶,"NT$10,000",10000,27
0226,花現寶,"NT$5,000",5000,470
0226,花現寶,"NT$1,500",1500,4524
0226,花現寶,"NT$1,000",1000,21937
0226,花現寶,NT$800,800,14944
0226,花現寶,NT$600,600,82223
0226,花現寶,NT$300,300,118759
0226,花現寶,NT$200,200,223821
0226,花現寶,NT$100,100,1041538
0225,象棋高手,"NT$500,000",500000,4
0225,象棋高手,"NT$50,000",50000,10
0225,象棋高手,"NT$10,000",10000,115
0225,象棋高手,"NT$5,000",5000,246
0225,象棋高手,"NT$2,000",2000,1539
0225,象棋高手,"NT$1,500",1500,3250
0225,象棋高手,"NT$1,000",1000,15664
0225,象棋高手,NT$800,800,16339
0225,象棋高手,NT$700,700,9810
0225,象棋高手,NT$600,600,21803
0225,象棋高手,NT$500,500,128947
0225,象棋高手,NT$200,200,202351
0225,象棋高手,NT$100,100,824207
0224,鈔票滿天飛,"NT$2,000,000",2000000,4
0224,鈔票滿天飛,"NT$50,000",50000,20
0224,鈔票滿天飛,"NT$10,000",10000,109
0224,鈔票滿天飛,"NT$5,000",5000,1468
0224,鈔票滿天飛,"NT$2,000",2000,18875
0224,鈔票滿天飛,"NT$1,500",1500,38521
0224,鈔票滿天飛,"NT$1,000",1000,160329
0224,鈔票滿天飛,NT$500,500,31342
0224,鈔票滿天飛,NT$300,300,282795
0224,鈔票滿天飛,NT$200,200,685001
0223,麻將,"NT$2,000,000",2000000,6
0223,麻將,"NT$100,000",100000,10
0223,麻將,"NT$10,000",10000,127
0223,麻將,"NT$5,000",5000,8517
0223,麻將,"NT$1,700",1700,17857
0223,麻將,"NT$1,500",1500,50182
0223,麻將,"NT$1,200",1200,19882
0223,麻將,"NT$1,000",1000,113863
0223,麻將,NT$800,800,89815
0223,麻將,NT$500,500,138164
0223,麻將,NT$400,400,169748
0223,麻將,NT$300,300,363837
0223,麻將,NT$200,200,848988
0222,中信兄弟,"NT$500,000",500000,100
0222,中信兄弟,"NT$50,000",50000,100
0222,中信兄弟,"NT$10,000",10000,498
0222,中信兄弟,"NT$5,000",5000,2204
0222,中信兄弟,"NT$2,000",2000,46511
0222,中信兄弟,"NT$1,000",1000,64923
0222,中信兄弟,NT$500,500,49672
0222,中信兄弟,NT$400,400,266245
0222,中信兄弟,NT$200,200,1175677
0221,神保庇,"NT$300,000",300000,4
0221,神保庇,"NT$10,000",10000,81
0221,神保庇,"NT$5,000",5000,328
0221,神保庇,"NT$2,000",2000,7323
0221,神保庇,"NT$1,600",1600,36741
0221,神保庇,NT$500,500,40413
0221,神保庇,NT$300,300,77100
0221,神保庇,NT$200,200,462690
0221,神保庇,NT$100,100,890394
0220,黃金連線,"NT$2,000,000",2000000,6
0220,黃金連線,"NT$100,000",100000,15
0220,黃金連線,"NT$10,000",10000,110
0220,黃金連線,"NT$5,000",5000,1553
0220,黃金連線,"NT$2,000",2000,17928
0220,黃金連線,"NT$1,000",1000,200853
0220,黃金連線,NT$500,500,515890
0220,黃金連線,NT$200,200,1003155
0219,心花朵朵開,"NT$2,000,000",2000000,5
0219,心花朵朵開,"NT$50,000",50000,40
0219,心花朵朵開,"NT$10,000",10000,166
0219,心花朵朵開,"NT$5,000",5000,1536
0219,心花朵朵開,"NT$2,000",2000,10217
0219,心花朵朵開,"NT$1,600",1600,28567
0219,心花朵朵開,"NT$1,200",1200,26460
0219,心花朵朵開,"NT$1,000",1000,113962
0219,心花朵朵開,NT$600,600,20411
0219,心花朵朵開,NT$500,500,110580
0219,心花朵朵開,NT$300,300,571149
0219,心花朵朵開,NT$200,200,902694
0218,大富翁,"NT$5,000,000",5000000,3
0218,大富翁,"NT$100,000",100000,18
0218,大富翁,"NT$50,000",50000,120
0218,大富翁,"NT$10,000",10000,480
0218,大富翁,"NT$7,000",7000,3600
0218,大富翁,"NT$5,000",5000,60000
0218,大富翁,"NT$2,000",2000,19200
0218,大富翁,"NT$1,000",1000,96000
0218,大富翁,NT$600,600,216000
0218,大富翁,NT$500,500,866400
0217,過新年,"NT$50,000",50000,100
0217,過新年,"NT$5,000",5000,200
0217,過新年,"NT$2,000",2000,2866
0217,過新年,"NT$1,500",1500,5720
0217,過新年,"NT$1,000",1000,8809
0217,過新年,NT$800,800,17127
0217,過新年,NT$500,500,68602
0217,過新年,NT$300,300,45683
0217,過新年,NT$200,200,102847
0217,過新年,NT$100,100,3327211
0216,雞祥富貴,"NT$300,000",300000,7
0216,雞祥富貴,"NT$10,000",10000,56
0216,雞祥富貴,"NT$5,000",5000,108
0216,雞祥富貴,"NT$2,000",2000,377
0216,雞祥富貴,"NT$1,000",1000,4855
0216,雞祥富貴,NT$600,600,8534
0216,雞祥富貴,NT$500,500,135395
0216,雞祥富貴,NT$300,300,451241
0216,雞祥富貴,NT$200,200,428396
0216,雞祥富貴,NT$100,100,1328198
0215,好雞靈,"NT$500,000",500000,10
0215,好雞靈,"NT$10,000",10000,80
0215,好雞靈,"NT$5,000",5000,189
0215,好雞靈,"NT$1,500",1500,4053
0215,好雞靈,"NT$1,200",1200,8052
0215,好雞靈,"NT$1,000",1000,19353
0215,好雞靈,NT$800,800,19339
0215,好雞靈,NT$600,600,20971
0215,好雞靈,NT$500,500,83940
0215,好雞靈,NT$300,300,193682
0215,好雞靈,NT$200,200,990529
0215,好雞靈,NT$100,100,1323212
0214,刮刮金樂透,"NT$2,000,000",2000000,10
0214,刮刮金樂透,"NT$100,000",100000,16
0214,刮刮金樂透,"NT$10,000",10000,228
0214,刮刮金樂透,"NT$5,000",5000,2569
0214,刮刮金樂透,"NT$2,000",2000,26358
0214,刮刮金樂透,"NT$1,000",1000,302713
0214,刮刮金樂透,NT$500,500,740485
0214,刮刮金樂透,NT$200,200,1422992
0213,大麻將,"NT$10,000,000",10000000,1
0213,大麻將,"NT$1,000,000",1000000,25
0213,大麻將,"NT$100,000",100000,42
0213,大麻將,"NT$50,000",50000,140
0213,大麻將,"NT$10,000",10000,2100
0213,大麻將,"NT$8,000",8000,4200
0213,大麻將,"NT$5,000",5000,35000
0213,大麻將,"NT$2,000",2000,195300
0213,大麻將,"NT$1,500",1500,557200
0213,大麻將,"NT$1,000",1000,482160
0213,大麻將,NT$500,500,1176000
0212,超級中發白,"NT$2,000,000",2000000,5
0212,超級中發白,"NT$50,000",50000,23
0212,超級中發白,"NT$10,000",10000,233
0212,超級中發白,"NT$5,000",5000,3473
0212,超級中發白,"NT$2,000",2000,19132
0212,超級中發白,"NT$1,500",1500,73961
0212,超級中發白,"NT$1,000",1000,78422
0212,超級中發白,NT$800,800,23132
0212,超級中發白,NT$600,600,34698
0212,超級中發白,NT$500,500,92493
0212,超級中發白,NT$300,300,578514
0212,超級中發白,NT$200,200,1128992
0211,金雞下蛋  ,"NT$300,000",300000,10
0211,金雞下蛋  ,"NT$30,000",30000,96
0211,金雞下蛋  ,"NT$10,000",10000,136
0211,金雞下蛋  ,"NT$5,000",5000,160
0211,金雞下蛋  ,"NT$2,000",2000,3262
0211,金雞下蛋  ,"NT$1,500",1500,6814
0211,金雞下蛋  ,"NT$1,000",1000,29386
0211,金雞下蛋  ,NT$700,700,18461
0211,金雞下蛋  ,NT$600,600,32653
0211,金雞下蛋  ,NT$500,500,121443
0211,金雞下蛋  ,NT$300,300,94734
0211,金雞下蛋  ,NT$200,200,917186
0211,金雞下蛋  ,NT$100,100,1468784
0210,決戰推筒子 ,"NT$2,000,000",2000000,6
0210,決戰推筒子 ,"NT$50,000",50000,23
0210,決戰推筒子 ,"NT$10,000",10000,184
0210,決戰推筒子 ,"NT$5,000",5000,3237
0210,決戰推筒子 ,"NT$2,000",2000,41883
0210,決戰推筒子 ,"NT$1,500",1500,46043
0210,決戰推筒子 ,"NT$1,000",1000,134482
0210,決戰推筒子 ,NT$600,600,41472
0210,決戰推筒子 ,NT$500,500,92037
0210,決戰推筒子 ,NT$300,300,506344
0210,決戰推筒子 ,NT$200,200,1033753
0209,五路財神,"NT$5,000,000",5000000,5
0209,五路財神,"NT$100,000",100000,24
0209,五路財神,"NT$50,000",50000,96
0209,五路財神,"NT$10,000",10000,480
0209,五路財神,"NT$7,000",7000,4000
0209,五路財神,"NT$5,000",5000,80000
0209,五路財神,"NT$2,000",2000,38400
0209,五路財神,"NT$1,000",1000,147200
0209,五路財神,NT$600,600,320000
0209,五路財神,NT$500,500,1038400
0208,雞年行大運,"NT$300,000",300000,16
0208,雞年行大運,"NT$10,000",10000,64
0208,雞年行大運,"NT$5,000",5000,491
0208,雞年行大運,"NT$1,500",1500,9467
0208,雞年行大運,"NT$1,000",1000,31965
0208,雞年行大運,NT$700,700,32653
0208,雞年行大運,NT$600,600,17979
0208,雞年行大運,NT$500,500,130561
0208,雞年行大運,NT$400,400,117483
0208,雞年行大運,NT$200,200,704997
0208,雞年行大運,NT$100,100,1648352
0207,發紅包,"NT$100,000",100000,200
0207,發紅包,"NT$10,000",10000,100
0207,發紅包,"NT$5,000",5000,507
0207,發紅包,"NT$2,000",2000,17859
0207,發紅包,"NT$1,000",1000,37824
0207,發紅包,NT$600,600,19627
0207,發紅包,NT$500,500,98156
0207,發紅包,NT$300,300,841363
0207,發紅包,NT$200,200,2506016
0206,金雞獎,"NT$3,000,000",3000000,8
0206,金雞獎,"NT$50,000",50000,52
0206,金雞獎,"NT$10,000",10000,140
0206,金雞獎,"NT$7,000",7000,200
0206,金雞獎,"NT$5,000",5000,2400
0206,金雞獎,"NT$2,000",2000,33200
0206,金雞獎,"NT$1,500",1500,56000
0206,金雞獎,"NT$1,000",1000,468000
0206,金雞獎,NT$800,800,60000
0206,金雞獎,NT$600,600,100000
0206,金雞獎,NT$500,500,1200000
0206,金雞獎,NT$300,300,40000
0206,金雞獎,NT$200,200,160000
0206,金雞獎,NT$100,100,2880000
0205,"$1,200萬大吉利","NT$12,000,000",12000000,2
0205,"$1,200萬大吉利","NT$1,000,000",1000000,50
0205,"$1,200萬大吉利","NT$100,000",100000,100
0205,"$1,200萬大吉利","NT$50,000",50000,100
0205,"$1,200萬大吉利","NT$10,000",10000,1030
0205,"$1,200萬大吉利","NT$8,000",8000,4000
0205,"$1,200萬大吉利","NT$5,000",5000,17000
0205,"$1,200萬大吉利","NT$2,000",2000,221300
0205,"$1,200萬大吉利","NT$1,500",1500,152000
0205,"$1,200萬大吉利","NT$1,200",1200,80000
0205,"$1,200萬大吉利","NT$1,000",1000,460000
0205,"$1,200萬大吉利",NT$500,500,814400
0204,"2,000萬開運發財金","NT$20,000,000",20000000,3
0204,"2,000萬開運發財金","NT$1,000,000",1000000,300
0204,"2,000萬開運發財金","NT$100,000",100000,3600
0204,"2,000萬開運發財金","NT$30,000",30000,30600
0204,"2,000萬開運發財金","NT$10,000",10000,40500
0204,"2,000萬開運發財金","NT$5,000",5000,124200
0204,"2,000萬開運發財金","NT$2,000",2000,738000
0204,"2,000萬開運發財金","NT$1,000",1000,2565000
0203,百萬樂翻天,"NT$1,000,000",1000000,15
0203,百萬樂翻天,"NT$100,000",100000,10
0203,百萬樂翻天,"NT$10,000",10000,4007
0203,百萬樂翻天,"NT$7,000",7000,9893
0203,百萬樂翻天,"NT$5,000",5000,14134
0203,百萬樂翻天,"NT$2,000",2000,40132
0203,百萬樂翻天,"NT$1,000",1000,40209
0203,百萬樂翻天,NT$500,500,694329
0203,百萬樂翻天,NT$300,300,1209700
0202,鑽很大,"NT$5,000,000",5000000,4
0202,鑽很大,"NT$100,000",100000,10
0202,鑽很大,"NT$50,000",50000,40
0202,鑽很大,"NT$10,000",10000,400
0202,鑽很大,"NT$8,000",8000,900
0202,鑽很大,"NT$5,000",5000,50000
0202,鑽很大,"NT$2,000",2000,17250
0202,鑽很大,"NT$1,000",1000,100000
0202,鑽很大,NT$600,600,215000
0202,鑽很大,NT$500,500,618000
0201,金吉利,"NT$300,000",300000,6
0201,金吉利,"NT$10,000",10000,33
0201,金吉利,"NT$5,000",5000,343
0201,金吉利,"NT$1,500",1500,8498
0201,金吉利,"NT$1,000",1000,21302
0201,金吉利,NT$800,800,20915
0201,金吉利,NT$500,500,124575
0201,金吉利,NT$300,300,112216
0201,金吉利,NT$200,200,464505
0201,金吉利,NT$100,100,1099516
0200,黃金列車,"NT$2,000,000",2000000,6
0200,黃金列車,"NT$50,000",50000,48
0200,黃金列車,"NT$10,000",10000,217
0200,黃金列車,"NT$5,000",5000,2907
0200,黃金列車,"NT$2,000",2000,33809
0200,黃金列車,"NT$1,500",1500,77346
0200,黃金列車,"NT$1,000",1000,129220
0200,黃金列車,NT$700,700,36238
0200,黃金列車,NT$500,500,113535
0200,黃金列車,NT$300,300,512174
0200,黃金列車,NT$200,200,966607
0199,辦桌,"NT$10,000",10000,100
0199,辦桌,"NT$2,000",2000,500
0199,辦桌,"NT$1,500",1500,2842
0199,辦桌,"NT$1,000",1000,4076
0199,辦桌,NT$500,500,26917
0199,辦桌,NT$300,300,81628
0199,辦桌,NT$200,200,295881
0199,辦桌,NT$100,100,2137869
0198,連線派對,"NT$2,000,000",2000000,5
0198,連線派對,"NT$100,000",100000,10
0198,連線派對,"NT$10,000",10000,101
0198,連線派對,"NT$5,000",5000,1442
0198,連線派對,"NT$2,000",2000,16500
0198,連線派對,"NT$1,000",1000,183624
0198,連線派對,NT$500,500,469184
0198,連線派對,NT$200,200,910880
0197,歡樂賓果,"NT$300,000",300000,5
0197,歡樂賓果,"NT$10,000",10000,160
0197,歡樂賓果,"NT$2,000",2000,8152
0197,歡樂賓果,"NT$1,000",1000,18415
0197,歡樂賓果,NT$500,500,167016
0197,歡樂賓果,NT$200,200,407952
0197,歡樂賓果,NT$100,100,1081227
0196,射龍門,"NT$2,000,000",2000000,5
0196,射龍門,"NT$100,000",100000,10
0196,射龍門,"NT$10,000",10000,38
0196,射龍門,"NT$8,000",8000,139
0196,射龍門,"NT$5,000",5000,1611
0196,射龍門,"NT$2,000",2000,11988
0196,射龍門,"NT$1,500",1500,19194
0196,射龍門,"NT$1,200",1200,20011
0196,射龍門,"NT$1,000",1000,230558
0196,射龍門,NT$800,800,71122
0196,射龍門,NT$500,500,80219
0196,射龍門,NT$200,200,1082355
0195,好開薰,"NT$300,000",300000,4
0195,好開薰,"NT$10,000",10000,32
0195,好開薰,"NT$5,000",5000,62
0195,好開薰,"NT$2,000",2000,177
0195,好開薰,"NT$1,000",1000,2966
0195,好開薰,NT$600,600,4879
0195,好開薰,NT$500,500,85727
0195,好開薰,NT$300,300,240678
0195,好開薰,NT$200,200,244809
0195,好開薰,NT$100,100,767001
0194,至尊撲克,"NT$2,000,000",2000000,4
0194,至尊撲克,"NT$100,000",100000,8
0194,至尊撲克,"NT$10,000",10000,167
0194,至尊撲克,"NT$5,000",5000,1615
0194,至尊撲克,"NT$2,000",2000,40800
0194,至尊撲克,"NT$1,000",1000,144467
0194,至尊撲克,NT$500,500,163163
0194,至尊撲克,NT$300,300,326393
0194,至尊撲克,NT$200,200,489560
0193,金麻將,"NT$3,000,000",3000000,8
0193,金麻將,"NT$100,000",100000,13
0193,金麻將,"NT$15,000",15000,6497
0193,金麻將,"NT$7,500",7500,20505
0193,金麻將,"NT$4,500",4500,29621
0193,金麻將,"NT$2,000",2000,16374
0193,金麻將,"NT$1,500",1500,68555
0193,金麻將,"NT$1,000",1000,114479
0193,金麻將,NT$800,800,32637
0193,金麻將,NT$500,500,812741
0193,金麻將,NT$300,300,1822781
0192,10全10美,"NT$2,000,000",2000000,3
0192,10全10美,"NT$50,000",50000,16
0192,10全10美,"NT$10,000",10000,164
0192,10全10美,"NT$5,000",5000,2074
0192,10全10美,"NT$2,000",2000,22266
0192,10全10美,"NT$1,500",1500,32030
0192,10全10美,"NT$1,000",1000,100479
0192,10全10美,NT$600,600,27033
0192,10全10美,NT$500,500,63886
0192,10全10美,NT$300,300,366867
0192,10全10美,NT$200,200,701972
0191,中信兄弟,"NT$500,000",500000,50
0191,中信兄弟,"NT$50,000",50000,50
0191,中信兄弟,"NT$10,000",10000,348
0191,中信兄弟,"NT$5,000",5000,1795
0191,中信兄弟,"NT$2,000",2000,19061
0191,中信兄弟,"NT$1,500",1500,7152
0191,中信兄弟,"NT$1,200",1200,42862
0191,中信兄弟,"NT$1,000",1000,54235
0191,中信兄弟,NT$500,500,42815
0191,中信兄弟,NT$400,400,257051
0191,中信兄弟,NT$200,200,795429
0190,撈金魚,"NT$300,000",300000,5
0190,撈金魚,"NT$10,000",10000,126
0190,撈金魚,"NT$5,000",5000,376
0190,撈金魚,"NT$2,000",2000,1798
0190,撈金魚,"NT$1,500",1500,4121
0190,撈金魚,"NT$1,000",1000,16250
0190,撈金魚,NT$800,800,7256
0190,撈金魚,NT$700,700,9822
0190,撈金魚,NT$600,600,21535
0190,撈金魚,NT$500,500,68454
0190,撈金魚,NT$300,300,45015
0190,撈金魚,NT$200,200,485925
0190,撈金魚,NT$100,100,779312
0189,超速777,"NT$700,000",700000,5
0189,超速777,"NT$70,000",70000,22
0189,超速777,"NT$7,000",7000,222
0189,超速777,"NT$2,000",2000,1119
0189,超速777,"NT$1,400",1400,10103
0189,超速777,"NT$1,200",1200,9086
0189,超速777,"NT$1,000",1000,20199
0189,超速777,NT$700,700,71808
0189,超速777,NT$500,500,44834
0189,超速777,NT$300,300,235627
0189,超速777,NT$200,200,269278
0189,超速777,NT$100,100,908445
0188,淘金熱,"NT$2,000,000",2000000,5
0188,淘金熱,"NT$50,000",50000,40
0188,淘金熱,"NT$10,000",10000,186
0188,淘金熱,"NT$5,000",5000,1596
0188,淘金熱,"NT$2,000",2000,11861
0188,淘金熱,"NT$1,500",1500,59433
0188,淘金熱,"NT$1,000",1000,105017
0188,淘金熱,NT$700,700,19796
0188,淘金熱,NT$500,500,99077
0188,淘金熱,NT$300,300,534812
0188,淘金熱,NT$200,200,851729
0187,超級連線,"NT$6,000,000",6000000,5
0187,超級連線,"NT$60,000",60000,500
0187,超級連線,"NT$30,000",30000,1410
0187,超級連線,"NT$20,000",20000,2500
0187,超級連線,"NT$10,000",10000,3000
0187,超級連線,"NT$2,000",2000,68000
0187,超級連線,"NT$1,200",1200,68000
0187,超級連線,NT$800,800,680000
0187,超級連線,NT$600,600,680000
0186,幸運777,"NT$700,000",700000,6
0186,幸運777,"NT$70,000",70000,18
0186,幸運777,"NT$7,000",7000,385
0186,幸運777,"NT$1,400",1400,26092
0186,幸運777,"NT$1,000",1000,39144
0186,幸運777,NT$700,700,63652
0186,幸運777,NT$300,300,195843
0186,幸運777,NT$200,200,342703
0186,幸運777,NT$100,100,1174963
0185,麻將,"NT$2,000,000",2000000,8
0185,麻將,"NT$100,000",100000,12
0185,麻將,"NT$10,000",10000,219
0185,麻將,"NT$5,000",5000,12852
0185,麻將,"NT$1,700",1700,25678
0185,麻將,"NT$1,500",1500,56491
0185,麻將,"NT$1,200",1200,28901
0185,麻將,"NT$1,000",1000,150865
0185,麻將,NT$800,800,118810
0185,麻將,NT$500,500,182951
0185,麻將,NT$400,400,224702
0185,麻將,NT$300,300,481542
0185,麻將,NT$200,200,1124275
0184,水果樂園,"NT$300,000",300000,5
0184,水果樂園,"NT$10,000",10000,56
0184,水果樂園,"NT$5,000",5000,239
0184,水果樂園,"NT$1,000",1000,4054
0184,水果樂園,NT$500,500,90459
0184,水果樂園,NT$300,300,161627
0184,水果樂園,NT$200,200,492795
0184,水果樂園,NT$100,100,468622
0183,夏日派對,"NT$2,000,000",2000000,7
0183,夏日派對,"NT$50,000",50000,20
0183,夏日派對,"NT$10,000",10000,162
0183,夏日派對,"NT$5,000",5000,706
0183,夏日派對,"NT$2,000",2000,8195
0183,夏日派對,"NT$1,000",1000,164192
0183,夏日派對,NT$500,500,275380
0183,夏日派對,NT$300,300,571063
0183,夏日派對,NT$200,200,714095
0182,66大順,"NT$600,000",600000,5
0182,66大順,"NT$60,000",60000,20
0182,66大順,"NT$6,000",6000,210
0182,66大順,"NT$1,800",1800,7780
0182,66大順,"NT$1,200",1200,9178
0182,66大順,NT$600,600,112113
0182,66大順,NT$500,500,31608
0182,66大順,NT$300,300,93859
0182,66大順,NT$200,200,367251
0182,66大順,NT$100,100,1060709
0181,海底尋寶,"NT$2,000,000",2000000,5
0181,海底尋寶,"NT$100,000",100000,9
0181,海底尋寶,"NT$10,000",10000,130
0181,海底尋寶,"NT$5,000",5000,1463
0181,海底尋寶,"NT$2,000",2000,16552
0181,海底尋寶,"NT$1,000",1000,179898
0181,海底尋寶,NT$500,500,183591
0181,海底尋寶,NT$300,300,417783
0181,海底尋寶,NT$200,200,826168
0180,幸運輪盤,"NT$2,000,000",2000000,5
0180,幸運輪盤,"NT$50,000",50000,40
0180,幸運輪盤,"NT$10,000",10000,408
0180,幸運輪盤,"NT$5,000",5000,1423
0180,幸運輪盤,"NT$2,000",2000,39657
0180,幸運輪盤,"NT$1,500",1500,30611
0180,幸運輪盤,"NT$1,200",1200,32610
0180,幸運輪盤,"NT$1,000",1000,65306
0180,幸運輪盤,NT$800,800,40701
0180,幸運輪盤,NT$600,600,105008
0180,幸運輪盤,NT$300,300,407914
0180,幸運輪盤,NT$200,200,1060406
0179,王牌大對決,"NT$5,000,000",5000000,4
0179,王牌大對決,"NT$100,000",100000,10
0179,王牌大對決,"NT$50,000",50000,40
0179,王牌大對決,"NT$10,000",10000,400
0179,王牌大對決,"NT$8,000",8000,900
0179,王牌大對決,"NT$5,000",5000,49000
0179,王牌大對決,"NT$2,000",2000,20000
0179,王牌大對決,"NT$1,000",1000,100000
0179,王牌大對決,NT$600,600,215000
0179,王牌大對決,NT$500,500,653500
0178,賽龍舟,"NT$500,000",500000,5
0178,賽龍舟,"NT$30,000",30000,20
0178,賽龍舟,"NT$10,000",10000,81
0178,賽龍舟,"NT$5,000",5000,160
0178,賽龍舟,"NT$2,000",2000,2054
0178,賽龍舟,"NT$1,500",1500,5077
0178,賽龍舟,"NT$1,000",1000,18399
0178,賽龍舟,NT$800,800,8148
0178,賽龍舟,NT$700,700,11543
0178,賽龍舟,NT$600,600,22409
0178,賽龍舟,NT$500,500,73492
0178,賽龍舟,NT$300,300,50531
0178,賽龍舟,NT$200,200,573288
0178,賽龍舟,NT$100,100,917976
0176,開運星座,"NT$300,000",300000,5
0176,開運星座,"NT$10,000",10000,40
0176,開運星座,"NT$5,000",5000,411
0176,開運星座,"NT$1,500",1500,6151
0176,開運星座,"NT$1,000",1000,30549
0176,開運星座,NT$800,800,16348
0176,開運星座,NT$600,600,18380
0176,開運星座,NT$500,500,105985
0176,開運星座,NT$300,300,71436
0176,開運星座,NT$200,200,334011
0176,開運星座,NT$100,100,1121973
0175,超級777,"NT$2,000,000",2000000,5
0175,超級777,"NT$70,000",70000,20
0175,超級777,"NT$14,000",14000,206
0175,超級777,"NT$7,000",7000,2060
0175,超級777,"NT$2,000",2000,26505
0175,超級777,"NT$1,400",1400,81610
0175,超級777,"NT$1,000",1000,81612
0175,超級777,NT$700,700,23469
0175,超級777,NT$400,400,274366
0175,超級777,NT$300,300,306010
0175,超級777,NT$200,200,938358
0174,迎媽祖,"NT$300,000",300000,6
0174,迎媽祖,"NT$10,000",10000,90
0174,迎媽祖,"NT$5,000",5000,361
0174,迎媽祖,"NT$2,000",2000,8542
0174,迎媽祖,"NT$1,000",1000,40829
0174,迎媽祖,NT$500,500,58157
0174,迎媽祖,NT$300,300,95901
0174,迎媽祖,NT$200,200,530364
0174,迎媽祖,NT$100,100,948636
0173,瘋狂吐鈔機,"NT$2,000,000",2000000,4
0173,瘋狂吐鈔機,"NT$50,000",50000,96
0173,瘋狂吐鈔機,"NT$10,000",10000,325
0173,瘋狂吐鈔機,"NT$5,000",5000,1146
0173,瘋狂吐鈔機,"NT$2,000",2000,21215
0173,瘋狂吐鈔機,"NT$1,500",1500,16264
0173,瘋狂吐鈔機,"NT$1,200",1200,95094
0173,瘋狂吐鈔機,"NT$1,000",1000,39236
0173,瘋狂吐鈔機,NT$500,500,65329
0173,瘋狂吐鈔機,NT$300,300,411182
0173,瘋狂吐鈔機,NT$200,200,742574
0172,心跳百分百,"NT$300,000",300000,5
0172,心跳百分百,"NT$50,000",50000,20
0172,心跳百分百,"NT$10,000",10000,184
0172,心跳百分百,"NT$5,000",5000,261
0172,心跳百分百,"NT$2,000",2000,1443
0172,心跳百分百,"NT$1,500",1500,4078
0172,心跳百分百,"NT$1,000",1000,22397
0172,心跳百分百,NT$800,800,12253
0172,心跳百分百,NT$700,700,12262
0172,心跳百分百,NT$500,500,159126
0172,心跳百分百,NT$200,200,387545
0172,心跳百分百,NT$100,100,1087305
0171,黃金連線,"NT$2,000,000",2000000,6
0171,黃金連線,"NT$100,000",100000,12
0171,黃金連線,"NT$10,000",10000,124
0171,黃金連線,"NT$5,000",5000,1709
0171,黃金連線,"NT$2,000",2000,19813
0171,黃金連線,"NT$1,000",1000,220392
0171,黃金連線,NT$500,500,563010
0171,黃金連線,NT$200,200,1092945
0170,奇幻樂園,"NT$300,000",300000,7
0170,奇幻樂園,"NT$10,000",10000,40
0170,奇幻樂園,"NT$5,000",5000,141
0170,奇幻樂園,"NT$2,000",2000,1630
0170,奇幻樂園,"NT$1,500",1500,3281
0170,奇幻樂園,"NT$1,000",1000,9371
0170,奇幻樂園,NT$700,700,20390
0170,奇幻樂園,NT$600,600,20393
0170,奇幻樂園,NT$500,500,140743
0170,奇幻樂園,NT$300,300,81657
0170,奇幻樂園,NT$200,200,385535
0170,奇幻樂園,NT$100,100,1020000
0168,剪刀石頭布 ,"NT$300,000",300000,5
0168,剪刀石頭布 ,"NT$50,000",50000,20
0168,剪刀石頭布 ,"NT$10,000",10000,181
0168,剪刀石頭布 ,"NT$5,000",5000,206
0168,剪刀石頭布 ,"NT$2,000",2000,1406
0168,剪刀石頭布 ,"NT$1,500",1500,2445
0168,剪刀石頭布 ,"NT$1,000",1000,24478
0168,剪刀石頭布 ,NT$800,800,12244
0168,剪刀石頭布 ,NT$700,700,12243
0168,剪刀石頭布 ,NT$500,500,163221
0168,剪刀石頭布 ,NT$200,200,383490
0168,剪刀石頭布 ,NT$100,100,1082841
0165,發財樹,"NT$500,000",500000,8
0165,發財樹,"NT$10,000",10000,55
0165,發財樹,"NT$5,000",5000,134
0165,發財樹,"NT$1,500",1500,2236
0165,發財樹,"NT$1,200",1200,6075
0165,發財樹,"NT$1,000",1000,13707
0165,發財樹,NT$800,800,14571
0165,發財樹,NT$600,600,15235
0165,發財樹,NT$500,500,71823
0165,發財樹,NT$300,300,134612
0165,發財樹,NT$200,200,673200
0165,發財樹,NT$100,100,920055
0164,金磚帝國,"NT$5,000,000",5000000,3
0164,金磚帝國,"NT$100,000",100000,18
0164,金磚帝國,"NT$50,000",50000,108
0164,金磚帝國,"NT$10,000",10000,600
0164,金磚帝國,"NT$7,000",7000,6000
0164,金磚帝國,"NT$5,000",5000,53400
0164,金磚帝國,"NT$2,000",2000,26400
0164,金磚帝國,"NT$1,000",1000,120000
0164,金磚帝國,NT$600,600,276000
0164,金磚帝國,NT$500,500,748800
0163,天天過年,"NT$5,000,000",5000000,3
0163,天天過年,"NT$100,000",100000,18
0163,天天過年,"NT$50,000",50000,108
0163,天天過年,"NT$10,000",10000,600
0163,天天過年,"NT$8,000",8000,900
0163,天天過年,"NT$7,000",7000,2400
0163,天天過年,"NT$5,000",5000,21840
0163,天天過年,"NT$2,000",2000,15600
0163,天天過年,"NT$1,500",1500,24000
0163,天天過年,"NT$1,000",1000,118200
0163,天天過年,NT$700,700,56400
0163,天天過年,NT$600,600,336000
0163,天天過年,NT$500,500,924000
0162,年貨大街,"NT$2,000,000",2000000,5
0162,年貨大街,"NT$50,000",50000,22
0162,年貨大街,"NT$10,000",10000,340
0162,年貨大街,"NT$5,000",5000,1918
0162,年貨大街,"NT$2,000",2000,24866
0162,年貨大街,"NT$1,800",1800,13471
0162,年貨大街,"NT$1,500",1500,27005
0162,年貨大街,"NT$1,200",1200,69533
0162,年貨大街,"NT$1,000",1000,107722
0162,年貨大街,NT$500,500,148087
0162,年貨大街,NT$300,300,448790
0162,年貨大街,NT$200,200,1122002
0161,好事成雙,"NT$300,000",300000,8
0161,好事成雙,"NT$10,000",10000,44
0161,好事成雙,"NT$5,000",5000,324
0161,好事成雙,"NT$1,500",1500,8796
0161,好事成雙,"NT$1,000",1000,32927
0161,好事成雙,NT$700,700,26384
0161,好事成雙,NT$600,600,13163
0161,好事成雙,NT$500,500,87857
0161,好事成雙,NT$400,400,65903
0161,好事成雙,NT$200,200,395399
0161,好事成雙,NT$100,100,1196039
0160,聚寶盆,"NT$500,000",500000,8
0160,聚寶盆,"NT$10,000",10000,55
0160,聚寶盆,"NT$5,000",5000,129
0160,聚寶盆,"NT$2,000",2000,1458
0160,聚寶盆,"NT$1,500",1500,4470
0160,聚寶盆,"NT$1,000",1000,15717
0160,聚寶盆,NT$800,800,17974
0160,聚寶盆,NT$500,500,81901
0160,聚寶盆,NT$300,300,136226
0160,聚寶盆,NT$200,200,673186
0160,聚寶盆,NT$100,100,920019
0159,恭喜發財,"NT$2,000,000",2000000,6
0159,恭喜發財,"NT$50,000",50000,22
0159,恭喜發財,"NT$10,000",10000,330
0159,恭喜發財,"NT$5,000",5000,2684
0159,恭喜發財,"NT$2,000",2000,44852
0159,恭喜發財,"NT$1,500",1500,27830
0159,恭喜發財,"NT$1,200",1200,67345
0159,恭喜發財,"NT$1,000",1000,94196
0159,恭喜發財,NT$500,500,116649
0159,恭喜發財,NT$300,300,336719
0159,恭喜發財,NT$200,200,1279040
0158,雙響炮,"NT$2,000,000",2000000,5
0158,雙響炮,"NT$50,000",50000,22
0158,雙響炮,"NT$10,000",10000,133
0158,雙響炮,"NT$5,000",5000,2253
0158,雙響炮,"NT$2,000",2000,18016
0158,雙響炮,"NT$1,500",1500,66763
0158,雙響炮,"NT$1,000",1000,134703
0158,雙響炮,NT$700,700,56100
0158,雙響炮,NT$500,500,76260
0158,雙響炮,NT$300,300,578998
0158,雙響炮,NT$200,200,1030104
0157,碰碰胡,"NT$10,000,000",10000000,2
0157,碰碰胡,"NT$1,000,000",1000000,40
0157,碰碰胡,"NT$100,000",100000,66
0157,碰碰胡,"NT$50,000",50000,132
0157,碰碰胡,"NT$10,000",10000,3300
0157,碰碰胡,"NT$8,000",8000,6600
0157,碰碰胡,"NT$5,000",5000,48400
0157,碰碰胡,"NT$2,000",2000,330000
0157,碰碰胡,"NT$1,500",1500,880000
0157,碰碰胡,"NT$1,000",1000,770000
0157,碰碰胡,NT$500,500,1837660
0156,鴻運當頭,"NT$5,000,000",5000000,4
0156,鴻運當頭,"NT$100,000",100000,18
0156,鴻運當頭,"NT$50,000",50000,108
0156,鴻運當頭,"NT$10,000",10000,600
0156,鴻運當頭,"NT$7,000",7000,5400
0156,鴻運當頭,"NT$5,000",5000,38400
0156,鴻運當頭,"NT$2,000",2000,31200
0156,鴻運當頭,"NT$1,000",1000,120000
0156,鴻運當頭,NT$600,600,276000
0156,鴻運當頭,NT$500,500,878136
0155,財運亨通,"NT$2,000,000",2000000,4
0155,財運亨通,"NT$50,000",50000,44
0155,財運亨通,"NT$10,000",10000,335
0155,財運亨通,"NT$5,000",5000,2587
0155,財運亨通,"NT$2,000",2000,19761
0155,財運亨通,"NT$1,500",1500,22394
0155,財運亨通,"NT$1,200",1200,71858
0155,財運亨通,"NT$1,000",1000,74059
0155,財運亨通,NT$800,800,40371
0155,財運亨通,NT$500,500,105456
0155,財運亨通,NT$400,400,112203
0155,財運亨通,NT$300,300,471229
0155,財運亨通,NT$200,200,1099591
0154,猴年行大運,"NT$300,000",300000,11
0154,猴年行大運,"NT$10,000",10000,44
0154,猴年行大運,"NT$5,000",5000,345
0154,猴年行大運,"NT$1,500",1500,6539
0154,猴年行大運,"NT$1,000",1000,28287
0154,猴年行大運,NT$700,700,22402
0154,猴年行大運,NT$600,600,12354
0154,猴年行大運,NT$500,500,89721
0154,猴年行大運,NT$400,400,80739
0154,猴年行大運,NT$200,200,484746
0154,猴年行大運,NT$100,100,1126512
0153,迎財神,"NT$800,000",800000,4
0153,迎財神,"NT$10,000",10000,24
0153,迎財神,"NT$5,000",5000,158
0153,迎財神,"NT$2,000",2000,2034
0153,迎財神,"NT$1,500",1500,10181
0153,迎財神,"NT$1,200",1200,6110
0153,迎財神,"NT$1,000",1000,24494
0153,迎財神,NT$800,800,26978
0153,迎財神,NT$600,600,21419
0153,迎財神,NT$500,500,69429
0153,迎財神,NT$300,300,67940
0153,迎財神,NT$200,200,308090
0153,迎財神,NT$100,100,1146427
0152,開門見喜 ,"NT$26,000,000",26000000,1
0152,開門見喜 ,"NT$1,000,000",1000000,300
0152,開門見喜 ,"NT$100,000",100000,2500
0152,開門見喜 ,"NT$10,000",10000,35000
0152,開門見喜 ,"NT$8,000",8000,35900
0152,開門見喜 ,"NT$5,000",5000,50000
0152,開門見喜 ,"NT$2,000",2000,205000
0152,開門見喜 ,"NT$1,500",1500,235000
0152,開門見喜 ,"NT$1,000",1000,1500000
0151,招財猴,"NT$300,000",300000,10
0151,招財猴,"NT$10,000",10000,80
0151,招財猴,"NT$5,000",5000,302
0151,招財猴,"NT$1,500",1500,6101
0151,招財猴,"NT$1,000",1000,28035
0151,招財猴,NT$800,800,14309
0151,招財猴,NT$600,600,18393
0151,招財猴,NT$500,500,71381
0151,招財猴,NT$300,300,126480
0151,招財猴,NT$200,200,408017
0151,招財猴,NT$100,100,1009777
0150,新年快樂,"NT$3,000,000",3000000,3
0150,新年快樂,"NT$50,000",50000,57
0150,新年快樂,"NT$10,000",10000,120
0150,新年快樂,"NT$7,000",7000,336
0150,新年快樂,"NT$5,000",5000,5400
0150,新年快樂,"NT$2,000",2000,24000
0150,新年快樂,"NT$1,500",1500,24000
0150,新年快樂,"NT$1,000",1000,298800
0150,新年快樂,NT$800,800,36000
0150,新年快樂,NT$600,600,60000
0150,新年快樂,NT$500,500,720000
0150,新年快樂,NT$300,300,40800
0150,新年快樂,NT$200,200,86484
0150,新年快樂,NT$100,100,1704000
0149,幸運開獎機,"NT$2,000,000",2000000,4
0149,幸運開獎機,"NT$100,000",100000,44
0149,幸運開獎機,"NT$10,000",10000,1542
0149,幸運開獎機,"NT$6,000",6000,676
0149,幸運開獎機,"NT$5,000",5000,4576
0149,幸運開獎機,"NT$1,500",1500,15692
0149,幸運開獎機,"NT$1,200",1200,19916
0149,幸運開獎機,"NT$1,000",1000,112292
0149,幸運開獎機,NT$700,700,134622
0149,幸運開獎機,NT$500,500,141426
0149,幸運開獎機,NT$400,400,323798
0149,幸運開獎機,NT$200,200,1211699
0148,黃金大道,"NT$2,000,000",2000000,4
0148,黃金大道,"NT$50,000",50000,33
0148,黃金大道,"NT$10,000",10000,345
0148,黃金大道,"NT$5,000",5000,1795
0148,黃金大道,"NT$2,000",2000,37287
0148,黃金大道,"NT$1,500",1500,20142
0148,黃金大道,"NT$1,200",1200,49375
0148,黃金大道,"NT$1,000",1000,98756
0148,黃金大道,NT$800,800,25220
0148,黃金大道,NT$600,600,44875
0148,黃金大道,NT$500,500,80821
0148,黃金大道,NT$300,300,471177
0148,黃金大道,NT$200,200,1189382
0147,財源滾滾,"NT$2,000,000",2000000,5
0147,財源滾滾,"NT$50,000",50000,33
0147,財源滾滾,"NT$10,000",10000,178
0147,財源滾滾,"NT$5,000",5000,1453
0147,財源滾滾,"NT$2,000",2000,28664
0147,財源滾滾,"NT$1,500",1500,44987
0147,財源滾滾,"NT$1,000",1000,128469
0147,財源滾滾,NT$800,800,27014
0147,財源滾滾,NT$700,700,25843
0147,財源滾滾,NT$600,600,31568
0147,財源滾滾,NT$500,500,78631
0147,財源滾滾,NT$400,400,81825
0147,財源滾滾,NT$300,300,437545
0147,財源滾滾,NT$200,200,1077153
0146,歡慶2016,"NT$2,000,000",2000000,5
0146,歡慶2016,"NT$100,000",100000,120
0146,歡慶2016,"NT$10,000",10000,413
0146,歡慶2016,"NT$5,000",5000,1798
0146,歡慶2016,"NT$2,000",2000,44928
0146,歡慶2016,"NT$1,500",1500,40681
0146,歡慶2016,"NT$1,000",1000,40890
0146,歡慶2016,NT$800,800,122392
0146,歡慶2016,NT$500,500,81617
0146,歡慶2016,NT$300,300,269288
0146,歡慶2016,NT$200,200,1183156
0145,金麻將,"NT$3,000,000",3000000,6
0145,金麻將,"NT$100,000",100000,10
0145,金麻將,"NT$15,000",15000,4884
0145,金麻將,"NT$7,500",7500,15437
0145,金麻將,"NT$4,500",4500,22243
0145,金麻將,"NT$2,000",2000,12236
0145,金麻將,"NT$1,500",1500,51377
0145,金麻將,"NT$1,000",1000,73365
0145,金麻將,NT$800,800,24428
0145,金麻將,NT$500,500,609535
0145,金麻將,NT$300,300,1468842
0144,猴厲害,"NT$300,000",300000,5
0144,猴厲害,"NT$10,000",10000,110
0144,猴厲害,"NT$5,000",5000,451
0144,猴厲害,"NT$1,500",1500,6720
0144,猴厲害,"NT$1,000",1000,29198
0144,猴厲害,NT$800,800,13465
0144,猴厲害,NT$600,600,17937
0144,猴厲害,NT$500,500,93916
0144,猴厲害,NT$300,300,123409
0144,猴厲害,NT$200,200,471225
0144,猴厲害,NT$100,100,1095086
0143,"$1,200萬大吉利","NT$12,000,000",12000000,2
0143,"$1,200萬大吉利","NT$1,000,000",1000000,60
0143,"$1,200萬大吉利","NT$100,000",100000,120
0143,"$1,200萬大吉利","NT$50,000",50000,120
0143,"$1,200萬大吉利","NT$10,000",10000,1236
0143,"$1,200萬大吉利","NT$8,000",8000,4800
0143,"$1,200萬大吉利","NT$5,000",5000,20400
0143,"$1,200萬大吉利","NT$2,000",2000,264000
0143,"$1,200萬大吉利","NT$1,500",1500,185400
0143,"$1,200萬大吉利","NT$1,200",1200,96000
0143,"$1,200萬大吉利","NT$1,000",1000,552000
0143,"$1,200萬大吉利",NT$500,500,984000
0142,金猴報喜,"NT$2,000,000",2000000,5
0142,金猴報喜,"NT$50,000",50000,20
0142,金猴報喜,"NT$10,000",10000,121
0142,金猴報喜,"NT$5,000",5000,2025
0142,金猴報喜,"NT$2,000",2000,16326
0142,金猴報喜,"NT$1,500",1500,60784
0142,金猴報喜,"NT$1,000",1000,122405
0142,金猴報喜,NT$700,700,51047
0142,金猴報喜,NT$500,500,69303
0142,金猴報喜,NT$300,300,526272
0142,金猴報喜,NT$200,200,936618
0141,金猴獎,"NT$3,000,000",3000000,3
0141,金猴獎,"NT$50,000",50000,33
0141,金猴獎,"NT$10,000",10000,96
0141,金猴獎,"NT$7,000",7000,168
0141,金猴獎,"NT$5,000",5000,1500
0141,金猴獎,"NT$2,000",2000,19200
0141,金猴獎,"NT$1,500",1500,48000
0141,金猴獎,"NT$1,000",1000,300000
0141,金猴獎,NT$800,800,36000
0141,金猴獎,NT$600,600,60000
0141,金猴獎,NT$500,500,720000
0141,金猴獎,NT$300,300,24000
0141,金猴獎,NT$200,200,87000
0141,金猴獎,NT$100,100,1704000
0140,"$2,600萬超級紅包","NT$26,000,000",26000000,1
0140,"$2,600萬超級紅包","NT$1,000,000",1000000,200
0140,"$2,600萬超級紅包","NT$100,000",100000,1800
0140,"$2,600萬超級紅包","NT$10,000",10000,27200
0140,"$2,600萬超級紅包","NT$8,000",8000,20800
0140,"$2,600萬超級紅包","NT$5,000",5000,64000
0140,"$2,600萬超級紅包","NT$2,000",2000,310000
0140,"$2,600萬超級紅包","NT$1,000",1000,1200000
0139,百萬樂翻天,"NT$1,000,000",1000000,15
0139,百萬樂翻天,"NT$100,000",100000,10
0139,百萬樂翻天,"NT$10,000",10000,4095
0139,百萬樂翻天,"NT$7,000",7000,12219
0139,百萬樂翻天,"NT$5,000",5000,15553
0139,百萬樂翻天,"NT$2,000",2000,40722
0139,百萬樂翻天,"NT$1,000",1000,51055
0139,百萬樂翻天,NT$500,500,703685
0139,百萬樂翻天,NT$300,300,1220218
0138,閃亮幸運星,"NT$2,000,000",2000000,5
0138,閃亮幸運星,"NT$100,000",100000,120
0138,閃亮幸運星,"NT$10,000",10000,311
0138,閃亮幸運星,"NT$5,000",5000,1424
0138,閃亮幸運星,"NT$2,000",2000,46402
0138,閃亮幸運星,"NT$1,500",1500,40787
0138,閃亮幸運星,"NT$1,000",1000,40805
0138,閃亮幸運星,NT$800,800,122446
0138,閃亮幸運星,NT$500,500,81038
0138,閃亮幸運星,NT$300,300,269367
0138,閃亮幸運星,NT$200,200,1183169
0137,猴來運轉,"NT$300,000",300000,10
0137,猴來運轉,"NT$10,000",10000,40
0137,猴來運轉,"NT$5,000",5000,532
0137,猴來運轉,"NT$1,500",1500,8152
0137,猴來運轉,"NT$1,000",1000,30593
0137,猴來運轉,NT$800,800,18385
0137,猴來運轉,NT$600,600,20421
0137,猴來運轉,NT$500,500,122386
0137,猴來運轉,NT$300,300,71364
0137,猴來運轉,NT$200,200,314197
0137,猴來運轉,NT$100,100,1101565
0135,歡樂賓果,"NT$300,000",300000,5
0135,歡樂賓果,"NT$10,000",10000,360
0135,歡樂賓果,"NT$2,000",2000,14252
0135,歡樂賓果,"NT$1,000",1000,22421
0135,歡樂賓果,NT$500,500,163251
0135,歡樂賓果,NT$200,200,448899
0135,歡樂賓果,NT$100,100,1040397
0134,魔幻密碼,"NT$2,000,000",2000000,4
0134,魔幻密碼,"NT$50,000",50000,40
0134,魔幻密碼,"NT$10,000",10000,363
0134,魔幻密碼,"NT$5,000",5000,1834
0134,魔幻密碼,"NT$2,000",2000,44075
0134,魔幻密碼,"NT$1,500",1500,30588
0134,魔幻密碼,"NT$1,200",1200,48958
0134,魔幻密碼,"NT$1,000",1000,86683
0134,魔幻密碼,NT$800,800,48976
0134,魔幻密碼,NT$500,500,51020
0134,魔幻密碼,NT$300,300,305980
0134,魔幻密碼,NT$200,200,1122000
0133,麻將,"NT$2,000,000",2000000,8
0133,麻將,"NT$100,000",100000,12
0133,麻將,"NT$10,000",10000,231
0133,麻將,"NT$5,000",5000,13072
0133,麻將,"NT$1,700",1700,26087
0133,麻將,"NT$1,500",1500,57465
0133,麻將,"NT$1,200",1200,29349
0133,麻將,"NT$1,000",1000,153373
0133,麻將,NT$800,800,120796
0133,麻將,NT$500,500,186042
0133,麻將,NT$400,400,228458
0133,麻將,NT$300,300,489600
0133,麻將,NT$200,200,1143247
0132,大富翁,"NT$5,000,000",5000000,2
0132,大富翁,"NT$100,000",100000,12
0132,大富翁,"NT$50,000",50000,80
0132,大富翁,"NT$10,000",10000,320
0132,大富翁,"NT$7,000",7000,3216
0132,大富翁,"NT$5,000",5000,38208
0132,大富翁,"NT$2,000",2000,16000
0132,大富翁,"NT$1,000",1000,80000
0132,大富翁,NT$600,600,160000
0132,大富翁,NT$500,500,560000
0131,籃球高手,"NT$600,000",600000,4
0131,籃球高手,"NT$30,000",30000,16
0131,籃球高手,"NT$10,000",10000,114
0131,籃球高手,"NT$5,000",5000,192
0131,籃球高手,"NT$2,000",2000,1300
0131,籃球高手,"NT$1,500",1500,3276
0131,籃球高手,"NT$1,000",1000,24505
0131,籃球高手,NT$800,800,13012
0131,籃球高手,NT$700,700,13052
0131,籃球高手,NT$600,600,14727
0131,籃球高手,NT$500,500,92663
0131,籃球高手,NT$300,300,48939
0131,籃球高手,NT$200,200,244800
0131,籃球高手,NT$100,100,897600
0130,天生贏家,"NT$1,000,000",1000000,14
0130,天生贏家,"NT$100,000",100000,10
0130,天生贏家,"NT$10,000",10000,4000
0130,天生贏家,"NT$7,000",7000,12000
0130,天生贏家,"NT$5,000",5000,15469
0130,天生贏家,"NT$1,500",1500,57164
0130,天生贏家,"NT$1,000",1000,57214
0130,天生贏家,NT$500,500,703738
0130,天生贏家,NT$300,300,1193996
0129,鈔票滿天飛,"NT$2,000,000",2000000,4
0129,鈔票滿天飛,"NT$50,000",50000,25
0129,鈔票滿天飛,"NT$10,000",10000,138
0129,鈔票滿天飛,"NT$5,000",5000,1902
0129,鈔票滿天飛,"NT$2,000",2000,30580
0129,鈔票滿天飛,"NT$1,500",1500,55141
0129,鈔票滿天飛,"NT$1,000",1000,208005
0129,鈔票滿天飛,NT$500,500,40827
0129,鈔票滿天飛,NT$300,300,367271
0129,鈔票滿天飛,NT$200,200,902636
0128,黃金城,"NT$5,000,000",5000000,3
0128,黃金城,"NT$100,000",100000,24
0128,黃金城,"NT$50,000",50000,96
0128,黃金城,"NT$10,000",10000,480
0128,黃金城,"NT$5,000",5000,66072
0128,黃金城,"NT$2,000",2000,24240
0128,黃金城,"NT$1,000",1000,60000
0128,黃金城,NT$600,600,271200
0128,黃金城,NT$500,500,888000
0127,瘋狂888,"NT$800,000",800000,4
0127,瘋狂888,"NT$80,000",80000,20
0127,瘋狂888,"NT$8,000",8000,414
0127,瘋狂888,"NT$1,600",1600,10404
0127,瘋狂888,"NT$1,200",1200,10422
0127,瘋狂888,"NT$1,000",1000,29829
0127,瘋狂888,NT$800,800,65324
0127,瘋狂888,NT$400,400,61102
0127,瘋狂888,NT$300,300,101979
0127,瘋狂888,NT$200,200,163260
0127,瘋狂888,NT$100,100,1244403
0126,十全十美,"NT$2,000,000",2000000,4
0126,十全十美,"NT$50,000",50000,20
0126,十全十美,"NT$10,000",10000,202
0126,十全十美,"NT$5,000",5000,2843
0126,十全十美,"NT$2,000",2000,38773
0126,十全十美,"NT$1,500",1500,48567
0126,十全十美,"NT$1,000",1000,126440
0126,十全十美,NT$600,600,36711
0126,十全十美,NT$500,500,81590
0126,十全十美,NT$300,300,448830
0126,十全十美,NT$200,200,918000
0125,幸運輪盤,"NT$2,000,000",2000000,5
0125,幸運輪盤,"NT$50,000",50000,40
0125,幸運輪盤,"NT$10,000",10000,414
0125,幸運輪盤,"NT$5,000",5000,2041
0125,幸運輪盤,"NT$2,000",2000,34669
0125,幸運輪盤,"NT$1,500",1500,30634
0125,幸運輪盤,"NT$1,200",1200,61188
0125,幸運輪盤,"NT$1,000",1000,97933
0125,幸運輪盤,NT$800,800,51033
0125,幸運輪盤,NT$500,500,50965
0125,幸運輪盤,NT$300,300,305835
0125,幸運輪盤,NT$200,200,1060897
0124,象棋高手,"NT$500,000",500000,4
0124,象棋高手,"NT$50,000",50000,12
0124,象棋高手,"NT$10,000",10000,133
0124,象棋高手,"NT$5,000",5000,276
0124,象棋高手,"NT$2,000",2000,1635
0124,象棋高手,"NT$1,500",1500,3255
0124,象棋高手,"NT$1,000",1000,22852
0124,象棋高手,NT$800,800,22105
0124,象棋高手,NT$700,700,9812
0124,象棋高手,NT$600,600,26118
0124,象棋高手,NT$500,500,130529
0124,象棋高手,NT$200,200,203994
0124,象棋高手,NT$100,100,825812
0123,嫦娥也瘋狂,"NT$2,000,000",2000000,4
0123,嫦娥也瘋狂,"NT$50,000",50000,16
0123,嫦娥也瘋狂,"NT$10,000",10000,159
0123,嫦娥也瘋狂,"NT$5,000",5000,3254
0123,嫦娥也瘋狂,"NT$2,000",2000,37010
0123,嫦娥也瘋狂,"NT$1,500",1500,24569
0123,嫦娥也瘋狂,"NT$1,200",1200,45642
0123,嫦娥也瘋狂,"NT$1,000",1000,73438
0123,嫦娥也瘋狂,NT$500,500,97934
0123,嫦娥也瘋狂,NT$300,300,244806
0123,嫦娥也瘋狂,NT$200,200,791487
0122,超速777,"NT$700,000",700000,5
0122,超速777,"NT$70,000",70000,20
0122,超速777,"NT$7,000",7000,211
0122,超速777,"NT$2,000",2000,1030
0122,超速777,"NT$1,400",1400,9148
0122,超速777,"NT$1,200",1200,8241
0122,超速777,"NT$1,000",1000,18370
0122,超速777,NT$700,700,65317
0122,超速777,NT$500,500,40877
0122,超速777,NT$300,300,236672
0122,超速777,NT$200,200,244825
0122,超速777,NT$100,100,958755
0121,超級777,"NT$2,000,000",2000000,4
0121,超級777,"NT$70,000",70000,16
0121,超級777,"NT$14,000",14000,164
0121,超級777,"NT$7,000",7000,1363
0121,超級777,"NT$2,000",2000,24510
0121,超級777,"NT$1,400",1400,65275
0121,超級777,"NT$1,000",1000,65244
0121,超級777,NT$700,700,16276
0121,超級777,NT$400,400,244866
0121,超級777,NT$300,300,146839
0121,超級777,NT$200,200,750695
0120,招財貓,"NT$300,000",300000,4
0120,招財貓,"NT$10,000",10000,80
0120,招財貓,"NT$5,000",5000,324
0120,招財貓,"NT$2,000",2000,8962
0120,招財貓,"NT$1,000",1000,49022
0120,招財貓,NT$500,500,65248
0120,招財貓,NT$300,300,102796
0120,招財貓,NT$200,200,345960
0120,招財貓,NT$100,100,620119
0119,大麻將,"NT$10,000,000",10000000,1
0119,大麻將,"NT$1,000,000",1000000,18
0119,大麻將,"NT$100,000",100000,30
0119,大麻將,"NT$50,000",50000,100
0119,大麻將,"NT$10,000",10000,1500
0119,大麻將,"NT$8,000",8000,3000
0119,大麻將,"NT$5,000",5000,25000
0119,大麻將,"NT$2,000",2000,139500
0119,大麻將,"NT$1,500",1500,398000
0119,大麻將,"NT$1,000",1000,349000
0119,大麻將,NT$500,500,850000
0118,喜從天降,"NT$300,000",300000,8
0118,喜從天降,"NT$10,000",10000,32
0118,喜從天降,"NT$5,000",5000,428
0118,喜從天降,"NT$1,500",1500,6509
0118,喜從天降,"NT$1,000",1000,22883
0118,喜從天降,NT$800,800,14640
0118,喜從天降,NT$600,600,16331
0118,喜從天降,NT$500,500,81679
0118,喜從天降,NT$300,300,57080
0118,喜從天降,NT$200,200,251309
0118,喜從天降,NT$100,100,897600
0117,無敵拉霸機,"NT$3,000,000",3000000,3
0117,無敵拉霸機,"NT$100,000",100000,7
0117,無敵拉霸機,"NT$15,000",15000,3573
0117,無敵拉霸機,"NT$7,500",7500,7135
0117,無敵拉霸機,"NT$4,500",4500,12837
0117,無敵拉霸機,"NT$1,500",1500,47699
0117,無敵拉霸機,"NT$1,000",1000,45745
0117,無敵拉霸機,NT$500,500,371278
0117,無敵拉霸機,NT$300,300,835387
0116,台灣好神,"NT$300,000",300000,4
0116,台灣好神,"NT$10,000",10000,32
0116,台灣好神,"NT$5,000",5000,166
0116,台灣好神,"NT$1,500",1500,4608
0116,台灣好神,"NT$1,000",1000,44555
0116,台灣好神,NT$800,800,13888
0116,台灣好神,NT$500,500,38325
0116,台灣好神,NT$400,400,32663
0116,台灣好神,NT$300,300,56819
0116,台灣好神,NT$200,200,391622
0116,台灣好神,NT$100,100,726592
0115,黃金連線,"NT$2,000,000",2000000,4
0115,黃金連線,"NT$100,000",100000,8
0115,黃金連線,"NT$10,000",10000,69
0115,黃金連線,"NT$5,000",5000,1113
0115,黃金連線,"NT$2,000",2000,13028
0115,黃金連線,"NT$1,000",1000,146111
0115,黃金連線,NT$500,500,375359
0115,黃金連線,NT$200,200,735415
0114,驚喜寶盒,"NT$300,000",300000,4
0114,驚喜寶盒,"NT$10,000",10000,48
0114,驚喜寶盒,"NT$5,000",5000,164
0114,驚喜寶盒,"NT$2,000",2000,3748
0114,驚喜寶盒,"NT$1,500",1500,6507
0114,驚喜寶盒,"NT$1,000",1000,81539
0114,驚喜寶盒,NT$500,500,38414
0114,驚喜寶盒,NT$300,300,65231
0114,驚喜寶盒,NT$200,200,257681
0114,驚喜寶盒,NT$100,100,570982
0113,決勝21點,"NT$2,000,000",2000000,4
0113,決勝21點,"NT$50,000",50000,24
0113,決勝21點,"NT$10,000",10000,190
0113,決勝21點,"NT$5,000",5000,3319
0113,決勝21點,"NT$2,000",2000,43279
0113,決勝21點,"NT$1,500",1500,47559
0113,決勝21點,"NT$1,000",1000,137914
0113,決勝21點,NT$600,600,42770
0113,決勝21點,NT$500,500,95095
0113,決勝21點,NT$300,300,522978
0113,決勝21點,NT$200,200,975712
0112,500萬慶端午,"NT$5,000,000",5000000,3
0112,500萬慶端午,"NT$100,000",100000,18
0112,500萬慶端午,"NT$50,000",50000,120
0112,500萬慶端午,"NT$10,000",10000,600
0112,500萬慶端午,"NT$7,000",7000,5040
0112,500萬慶端午,"NT$5,000",5000,45600
0112,500萬慶端午,"NT$2,000",2000,27660
0112,500萬慶端午,"NT$1,000",1000,120000
0112,500萬慶端午,NT$600,600,276000
0112,500萬慶端午,NT$500,500,744000
0110,幸運777,"NT$700,000",700000,6
0110,幸運777,"NT$70,000",70000,19
0110,幸運777,"NT$7,000",7000,393
0110,幸運777,"NT$1,400",1400,23357
0110,幸運777,"NT$1,000",1000,36238
0110,幸運777,NT$700,700,63123
0110,幸運777,NT$300,300,194214
0110,幸運777,NT$200,200,339891
0110,幸運777,NT$100,100,1165327
0109,快樂媽咪,"NT$3,000,000",3000000,3
0109,快樂媽咪,"NT$50,000",50000,60
0109,快樂媽咪,"NT$10,000",10000,93
0109,快樂媽咪,"NT$7,000",7000,324
0109,快樂媽咪,"NT$5,000",5000,3600
0109,快樂媽咪,"NT$2,000",2000,20160
0109,快樂媽咪,"NT$1,500",1500,23760
0109,快樂媽咪,"NT$1,000",1000,290400
0109,快樂媽咪,NT$800,800,36000
0109,快樂媽咪,NT$600,600,60000
0109,快樂媽咪,NT$500,500,720000
0109,快樂媽咪,NT$300,300,19200
0109,快樂媽咪,NT$200,200,74400
0109,快樂媽咪,NT$100,100,1752000
0108,紅不讓,"NT$2,000,000",2000000,6
0108,紅不讓,"NT$50,000",50000,48
0108,紅不讓,"NT$10,000",10000,219
0108,紅不讓,"NT$5,000",5000,2806
0108,紅不讓,"NT$2,000",2000,30775
0108,紅不讓,"NT$1,500",1500,69723
0108,紅不讓,"NT$1,000",1000,118484
0108,紅不讓,NT$700,700,24844
0108,紅不讓,NT$500,500,118446
0108,紅不讓,NT$300,300,502416
0108,紅不讓,NT$200,200,961491
0106,淘金熱,"NT$2,000,000",2000000,7
0106,淘金熱,"NT$50,000",50000,56
0106,淘金熱,"NT$10,000",10000,264
0106,淘金熱,"NT$5,000",5000,3431
0106,淘金熱,"NT$2,000",2000,39957
0106,淘金熱,"NT$1,500",1500,85718
0106,淘金熱,"NT$1,000",1000,148429
0106,淘金熱,NT$700,700,30060
0106,淘金熱,NT$500,500,142841
0106,淘金熱,NT$300,300,605319
0106,淘金熱,NT$200,200,1159215
0105,金雞母,"NT$1,000,000",1000000,4
0105,金雞母,"NT$50,000",50000,24
0105,金雞母,"NT$10,000",10000,71
0105,金雞母,"NT$5,000",5000,371
0105,金雞母,"NT$2,000",2000,4635
0105,金雞母,"NT$1,500",1500,9760
0105,金雞母,"NT$1,200",1200,9745
0105,金雞母,"NT$1,000",1000,54396
0105,金雞母,NT$800,800,21971
0105,金雞母,NT$500,500,51239
0105,金雞母,NT$300,300,43890
0105,金雞母,NT$200,200,463471
0105,金雞母,NT$100,100,1190267
0103,黃金24K,"NT$2,000,000",2000000,12
0103,黃金24K,"NT$50,000",50000,96
0103,黃金24K,"NT$10,000",10000,1219
0103,黃金24K,"NT$5,000",5000,7324
0103,黃金24K,"NT$2,000",2000,72255
0103,黃金24K,"NT$1,500",1500,24462
0103,黃金24K,"NT$1,200",1200,151794
0103,黃金24K,"NT$1,000",1000,156639
0103,黃金24K,NT$600,600,58760
0103,黃金24K,NT$500,500,143010
0103,黃金24K,NT$400,400,881305
0103,黃金24K,NT$200,200,2545903
0100,幸福滿天,"NT$300,000",300000,18
0100,幸福滿天,"NT$10,000",10000,192
0100,幸福滿天,"NT$5,000",5000,588
0100,幸福滿天,"NT$2,000",2000,19581
0100,幸福滿天,"NT$1,000",1000,97898
0100,幸福滿天,NT$500,500,186136
0100,幸福滿天,NT$300,300,293725
0100,幸福滿天,NT$200,200,979182
0100,幸福滿天,NT$100,100,2099669
0099,開春大吉,"NT$1,500,000",1500000,5
0099,開春大吉,"NT$100,000",100000,36
0099,開春大吉,"NT$10,000",10000,294
0099,開春大吉,"NT$5,000",5000,537
0099,開春大吉,"NT$2,000",2000,5152
0099,開春大吉,"NT$1,500",1500,8091
0099,開春大吉,"NT$1,200",1200,19489
0099,開春大吉,"NT$1,000",1000,27534
0099,開春大吉,NT$800,800,20177
0099,開春大吉,NT$500,500,146756
0099,開春大吉,NT$300,300,1175104
0099,開春大吉,NT$200,200,3212992
0098,年年有魚,"NT$500,000",500000,7
0098,年年有魚,"NT$50,000",50000,28
0098,年年有魚,"NT$10,000",10000,143
0098,年年有魚,"NT$5,000",5000,227
0098,年年有魚,"NT$2,000",2000,1420
0098,年年有魚,"NT$1,500",1500,2853
0098,年年有魚,"NT$1,000",1000,22829
0098,年年有魚,NT$800,800,28603
0098,年年有魚,NT$700,700,17115
0098,年年有魚,NT$600,600,34278
0098,年年有魚,NT$500,500,242756
0098,年年有魚,NT$200,200,411225
0098,年年有魚,NT$100,100,1389656
0097,五福臨門,"NT$5,000,000",5000000,4
0097,五福臨門,"NT$100,000",100000,18
0097,五福臨門,"NT$50,000",50000,108
0097,五福臨門,"NT$10,000",10000,600
0097,五福臨門,"NT$7,000",7000,5400
0097,五福臨門,"NT$5,000",5000,40800
0097,五福臨門,"NT$2,000",2000,31200
0097,五福臨門,"NT$1,000",1000,120000
0097,五福臨門,NT$600,600,285600
0097,五福臨門,NT$500,500,782580
0096,旺旺來,"NT$300,000",300000,28
0096,旺旺來,"NT$10,000",10000,204
0096,旺旺來,"NT$5,000",5000,1252
0096,旺旺來,"NT$2,000",2000,15605
0096,旺旺來,"NT$1,000",1000,76343
0096,旺旺來,NT$800,800,124833
0096,旺旺來,NT$500,500,242751
0096,旺旺來,NT$300,300,294795
0096,旺旺來,NT$200,200,1428722
0096,旺旺來,NT$100,100,3205815
0095,麻將,"NT$2,000,000",2000000,15
0095,麻將,"NT$100,000",100000,24
0095,麻將,"NT$10,000",10000,433
0095,麻將,"NT$5,000",5000,12239
0095,麻將,"NT$1,700",1700,48962
0095,麻將,"NT$1,500",1500,104038
0095,麻將,"NT$1,200",1200,55080
0095,麻將,"NT$1,000",1000,287624
0095,麻將,NT$800,800,244811
0095,麻將,NT$500,500,318266
0095,麻將,NT$400,400,428387
0095,麻將,NT$300,300,917983
0095,麻將,NT$200,200,2172601
0094,大麻將,"NT$10,000,000",10000000,3
0094,大麻將,"NT$1,000,000",1000000,40
0094,大麻將,"NT$100,000",100000,66
0094,大麻將,"NT$50,000",50000,220
0094,大麻將,"NT$10,000",10000,3300
0094,大麻將,"NT$8,000",8000,6600
0094,大麻將,"NT$5,000",5000,55000
0094,大麻將,"NT$2,000",2000,289300
0094,大麻將,"NT$1,500",1500,875600
0094,大麻將,"NT$1,000",1000,767800
0094,大麻將,NT$500,500,1870000
0093,天生一對,"NT$300,000",300000,12
0093,天生一對,"NT$10,000",10000,64
0093,天生一對,"NT$5,000",5000,481
0093,天生一對,"NT$1,500",1500,13040
0093,天生一對,"NT$1,000",1000,48921
0093,天生一對,NT$700,700,39278
0093,天生一對,NT$600,600,19617
0093,天生一對,NT$500,500,130466
0093,天生一對,NT$400,400,97978
0093,天生一對,NT$200,200,587426
0093,天生一對,NT$100,100,1531984
0092,棋王,"NT$5,000,000",5000000,5
0092,棋王,"NT$100,000",100000,28
0092,棋王,"NT$50,000",50000,176
0092,棋王,"NT$10,000",10000,1100
0092,棋王,"NT$7,000",7000,8800
0092,棋王,"NT$5,000",5000,61600
0092,棋王,"NT$2,000",2000,44000
0092,棋王,"NT$1,000",1000,209000
0092,棋王,NT$600,600,506000
0092,棋王,NT$500,500,1650000
0091,三羊開泰,"NT$3,000,000",3000000,6
0091,三羊開泰,"NT$100,000",100000,36
0091,三羊開泰,"NT$10,000",10000,7447
0091,三羊開泰,"NT$6,000",6000,14689
0091,三羊開泰,"NT$4,500",4500,20371
0091,三羊開泰,"NT$1,500",1500,73436
0091,三羊開泰,"NT$1,000",1000,73427
0091,三羊開泰,NT$800,800,73502
0091,三羊開泰,NT$500,500,504181
0091,三羊開泰,NT$300,300,1407861
0090,迎財神,"NT$800,000",800000,4
0090,迎財神,"NT$10,000",10000,36
0090,迎財神,"NT$5,000",5000,249
0090,迎財神,"NT$2,000",2000,2954
0090,迎財神,"NT$1,500",1500,14700
0090,迎財神,"NT$1,200",1200,12268
0090,迎財神,"NT$1,000",1000,43972
0090,迎財神,NT$800,800,39181
0090,迎財神,NT$600,600,24519
0090,迎財神,NT$500,500,80726
0090,迎財神,NT$300,300,48917
0090,迎財神,NT$200,200,232564
0090,迎財神,NT$100,100,1342205
0089,"$2,600萬超級紅包","NT$26,000,000",26000000,2
0089,"$2,600萬超級紅包","NT$1,000,000",1000000,500
0089,"$2,600萬超級紅包","NT$100,000",100000,4000
0089,"$2,600萬超級紅包","NT$10,000",10000,63000
0089,"$2,600萬超級紅包","NT$8,000",8000,68850
0089,"$2,600萬超級紅包","NT$5,000",5000,90000
0089,"$2,600萬超級紅包","NT$2,000",2000,711000
0089,"$2,600萬超級紅包","NT$1,000",1000,2700000
0088,紅包一把抓,"NT$3,000,000",3000000,9
0088,紅包一把抓,"NT$100,000",100000,45
0088,紅包一把抓,"NT$15,000",15000,9079
0088,紅包一把抓,"NT$7,500",7500,18339
0088,紅包一把抓,"NT$4,500",4500,29371
0088,紅包一把抓,"NT$1,500",1500,113708
0088,紅包一把抓,"NT$1,000",1000,106591
0088,紅包一把抓,NT$500,500,917808
0088,紅包一把抓,NT$300,300,2056077
0087,花開富貴,"NT$2,000,000",2000000,9
0087,花開富貴,"NT$50,000",50000,72
0087,花開富貴,"NT$10,000",10000,740
0087,花開富貴,"NT$5,000",5000,3657
0087,花開富貴,"NT$2,000",2000,58776
0087,花開富貴,"NT$1,500",1500,40830
0087,花開富貴,"NT$1,200",1200,88101
0087,花開富貴,"NT$1,000",1000,143216
0087,花開富貴,NT$800,800,91748
0087,花開富貴,NT$500,500,91787
0087,花開富貴,NT$300,300,550724
0087,花開富貴,NT$200,200,1982993
0086,聚寶盆,"NT$500,000",500000,10
0086,聚寶盆,"NT$10,000",10000,72
0086,聚寶盆,"NT$5,000",5000,296
0086,聚寶盆,"NT$2,000",2000,7335
0086,聚寶盆,"NT$1,000",1000,39183
0086,聚寶盆,NT$500,500,85675
0086,聚寶盆,NT$300,300,195824
0086,聚寶盆,NT$200,200,538082
0086,聚寶盆,NT$100,100,969426
0085,金玉滿堂,"NT$2,000,000",2000000,8
0085,金玉滿堂,"NT$50,000",50000,36
0085,金玉滿堂,"NT$10,000",10000,552
0085,金玉滿堂,"NT$5,000",5000,3677
0085,金玉滿堂,"NT$2,000",2000,69731
0085,金玉滿堂,"NT$1,500",1500,44138
0085,金玉滿堂,"NT$1,200",1200,110145
0085,金玉滿堂,"NT$1,000",1000,154194
0085,金玉滿堂,NT$500,500,190864
0085,金玉滿堂,NT$300,300,550679
0085,金玉滿堂,NT$200,200,1718160
0084,新年快樂,"NT$3,000,000",3000000,3
0084,新年快樂,"NT$50,000",50000,70
0084,新年快樂,"NT$10,000",10000,140
0084,新年快樂,"NT$7,000",7000,350
0084,新年快樂,"NT$5,000",5000,2800
0084,新年快樂,"NT$2,000",2000,22400
0084,新年快樂,"NT$1,500",1500,26600
0084,新年快樂,"NT$1,000",1000,331520
0084,新年快樂,NT$800,800,42000
0084,新年快樂,NT$600,600,70000
0084,新年快樂,NT$500,500,840000
0084,新年快樂,NT$300,300,24360
0084,新年快樂,NT$200,200,91000
0084,新年快樂,NT$100,100,2048757
0083,羊羊得意,"NT$2,000,000",2000000,10
0083,羊羊得意,"NT$50,000",50000,40
0083,羊羊得意,"NT$10,000",10000,287
0083,羊羊得意,"NT$5,000",5000,4067
0083,羊羊得意,"NT$2,000",2000,28583
0083,羊羊得意,"NT$1,500",1500,118361
0083,羊羊得意,"NT$1,000",1000,224295
0083,羊羊得意,NT$700,700,101995
0083,羊羊得意,NT$500,500,138766
0083,羊羊得意,NT$300,300,1052524
0083,羊羊得意,NT$200,200,1620217
0082,好彩頭,"NT$300,000",300000,25
0082,好彩頭,"NT$10,000",10000,102
0082,好彩頭,"NT$5,000",5000,1391
0082,好彩頭,"NT$1,500",1500,20757
0082,好彩頭,"NT$1,000",1000,110972
0082,好彩頭,NT$800,800,60387
0082,好彩頭,NT$600,600,69366
0082,好彩頭,NT$500,500,277492
0082,好彩頭,NT$300,300,381515
0082,好彩頭,NT$200,200,1109725
0082,好彩頭,NT$100,100,3176350
0081,金幣大作戰,"NT$3,000,000",3000000,11
0081,金幣大作戰,"NT$100,000",100000,66
0081,金幣大作戰,"NT$15,000",15000,8931
0081,金幣大作戰,"NT$7,500",7500,22393
0081,金幣大作戰,"NT$5,000",5000,17995
0081,金幣大作戰,"NT$4,500",4500,17904
0081,金幣大作戰,"NT$2,000",2000,35965
0081,金幣大作戰,"NT$1,500",1500,98798
0081,金幣大作戰,"NT$1,000",1000,125677
0081,金幣大作戰,NT$500,500,1122016
0081,金幣大作戰,NT$300,300,2558098
0080,黃金連線,"NT$2,000,000",2000000,10
0080,黃金連線,"NT$100,000",100000,20
0080,黃金連線,"NT$10,000",10000,223
0080,黃金連線,"NT$5,000",5000,3135
0080,黃金連線,"NT$2,000",2000,35900
0080,黃金連線,"NT$1,000",1000,377000
0080,黃金連線,NT$500,500,1032238
0080,黃金連線,NT$200,200,2042562
0079,"$1,200萬大吉利","NT$12,000,000",12000000,2
0079,"$1,200萬大吉利","NT$1,000,000",1000000,24
0079,"$1,200萬大吉利","NT$100,000",100000,36
0079,"$1,200萬大吉利","NT$50,000",50000,84
0079,"$1,200萬大吉利","NT$10,000",10000,1200
0079,"$1,200萬大吉利","NT$8,000",8000,4320
0079,"$1,200萬大吉利","NT$5,000",5000,20100
0079,"$1,200萬大吉利","NT$2,000",2000,260400
0079,"$1,200萬大吉利","NT$1,500",1500,184800
0079,"$1,200萬大吉利","NT$1,200",1200,96000
0079,"$1,200萬大吉利","NT$1,000",1000,552000
0079,"$1,200萬大吉利",NT$500,500,984000
0078,喜洋羊,"NT$300,000",300000,24
0078,喜洋羊,"NT$10,000",10000,269
0078,喜洋羊,"NT$5,000",5000,807
0078,喜洋羊,"NT$1,500",1500,20022
0078,喜洋羊,"NT$1,000",1000,53248
0078,喜洋羊,NT$800,800,40035
0078,喜洋羊,NT$600,600,46660
0078,喜洋羊,NT$500,500,239986
0078,喜洋羊,NT$300,300,366647
0078,喜洋羊,NT$200,200,1386570
0078,喜洋羊,NT$100,100,3355209
0077,超級年終獎金,"NT$1,500,000",1500000,10
0077,超級年終獎金,"NT$100,000",100000,22
0077,超級年終獎金,"NT$10,000",10000,453
0077,超級年終獎金,"NT$5,000",5000,860
0077,超級年終獎金,"NT$2,000",2000,4487
0077,超級年終獎金,"NT$1,500",1500,8999
0077,超級年終獎金,"NT$1,200",1200,17943
0077,超級年終獎金,"NT$1,000",1000,35874
0077,超級年終獎金,NT$800,800,21503
0077,超級年終獎金,NT$500,500,179599
0077,超級年終獎金,NT$300,300,1288013
0077,超級年終獎金,NT$200,200,4070687
0076,金羊奬,"NT$3,000,000",3000000,6
0076,金羊奬,"NT$50,000",50000,72
0076,金羊奬,"NT$10,000",10000,186
0076,金羊奬,"NT$7,000",7000,336
0076,金羊奬,"NT$5,000",5000,3000
0076,金羊奬,"NT$2,000",2000,28800
0076,金羊奬,"NT$1,500",1500,38400
0076,金羊奬,"NT$1,000",1000,576000
0076,金羊奬,NT$800,800,72000
0076,金羊奬,NT$600,600,120000
0076,金羊奬,NT$500,500,1440000
0076,金羊奬,NT$300,300,49200
0076,金羊奬,NT$200,200,165600
0076,金羊奬,NT$100,100,3506400
0075,找到錢,"NT$300,000",300000,18
0075,找到錢,"NT$10,000",10000,36
0075,找到錢,"NT$5,000",5000,239
0075,找到錢,"NT$2,000",2000,7070
0075,找到錢,"NT$1,000",1000,106367
0075,找到錢,NT$800,800,42520
0075,找到錢,NT$500,500,130044
0075,找到錢,NT$300,300,151304
0075,找到錢,NT$200,200,1233728
0075,找到錢,NT$100,100,1905430
0074,奇人密碼,"NT$2,000,000",2000000,6
0074,奇人密碼,"NT$100,000",100000,28
0074,奇人密碼,"NT$10,000",10000,571
0074,奇人密碼,"NT$5,000",5000,3410
0074,奇人密碼,"NT$2,000",2000,48549
0074,奇人密碼,"NT$1,000",1000,171353
0074,奇人密碼,NT$800,800,142800
0074,奇人密碼,NT$500,500,131396
0074,奇人密碼,NT$300,300,456926
0074,奇人密碼,NT$200,200,1309918
0073,聖誕嘉年華,"NT$5,000,000",5000000,3
0073,聖誕嘉年華,"NT$100,000",100000,18
0073,聖誕嘉年華,"NT$50,000",50000,120
0073,聖誕嘉年華,"NT$10,000",10000,600
0073,聖誕嘉年華,"NT$7,000",7000,4920
0073,聖誕嘉年華,"NT$5,000",5000,40800
0073,聖誕嘉年華,"NT$2,000",2000,30360
0073,聖誕嘉年華,"NT$1,000",1000,132000
0073,聖誕嘉年華,NT$600,600,276000
0073,聖誕嘉年華,NT$500,500,729000
0070,象棋高手,"NT$500,000",500000,7
0070,象棋高手,"NT$50,000",50000,22
0070,象棋高手,"NT$10,000",10000,226
0070,象棋高手,"NT$5,000",5000,423
0070,象棋高手,"NT$2,000",2000,2568
0070,象棋高手,"NT$1,500",1500,5123
0070,象棋高手,"NT$1,000",1000,39980
0070,象棋高手,NT$800,800,35714
0070,象棋高手,NT$700,700,17163
0070,象棋高手,NT$600,600,45709
0070,象棋高手,NT$500,500,228480
0070,象棋高手,NT$200,200,357000
0070,象棋高手,NT$100,100,1056720
0069,無敵拉霸機,"NT$3,000,000",3000000,7
0069,無敵拉霸機,"NT$100,000",100000,12
0069,無敵拉霸機,"NT$15,000",15000,5657
0069,無敵拉霸機,"NT$7,500",7500,12793
0069,無敵拉霸機,"NT$4,500",4500,24111
0069,無敵拉霸機,"NT$1,500",1500,79465
0069,無敵拉霸機,"NT$1,000",1000,79519
0069,無敵拉霸機,NT$500,500,717913
0069,無敵拉霸機,NT$300,300,1712805
0064,金鑽999,"NT$2,000,000",2000000,5
0064,金鑽999,"NT$90,000",90000,28
0064,金鑽999,"NT$18,000",18000,227
0064,金鑽999,"NT$9,000",9000,854
0064,金鑽999,"NT$5,000",5000,2454
0064,金鑽999,"NT$1,800",1800,108788
0064,金鑽999,NT$900,900,228533
0064,金鑽999,NT$500,500,114260
0064,金鑽999,NT$300,300,371231
0064,金鑽999,NT$200,200,1285200
0063,水果樂園,"NT$300,000",300000,6
0063,水果樂園,"NT$10,000",10000,140
0063,水果樂園,"NT$5,000",5000,427
0063,水果樂園,"NT$1,000",1000,3741
0063,水果樂園,NT$500,500,4294
0063,水果樂園,NT$300,300,57121
0063,水果樂園,NT$200,200,1742066
0063,水果樂園,NT$100,100,408742
0062,花好月圓,"NT$2,000,000",2000000,7
0062,花好月圓,"NT$50,000",50000,28
0062,花好月圓,"NT$10,000",10000,291
0062,花好月圓,"NT$5,000",5000,5722
0062,花好月圓,"NT$2,000",2000,51305
0062,花好月圓,"NT$1,500",1500,36983
0062,花好月圓,"NT$1,200",1200,74046
0062,花好月圓,"NT$1,000",1000,119659
0062,花好月圓,NT$500,500,170947
0062,花好月圓,NT$300,300,427291
0062,花好月圓,NT$200,200,1279204
0061,金喜迎中秋,"NT$5,000,000",5000000,4
0061,金喜迎中秋,"NT$100,000",100000,21
0061,金喜迎中秋,"NT$50,000",50000,140
0061,金喜迎中秋,"NT$10,000",10000,700
0061,金喜迎中秋,"NT$7,000",7000,6020
0061,金喜迎中秋,"NT$5,000",5000,50400
0061,金喜迎中秋,"NT$2,000",2000,33600
0061,金喜迎中秋,"NT$1,000",1000,140000
0061,金喜迎中秋,NT$600,600,322000
0061,金喜迎中秋,NT$500,500,848680
0060,瘋狂888,"NT$800,000",800000,6
0060,瘋狂888,"NT$80,000",80000,28
0060,瘋狂888,"NT$8,000",8000,577
0060,瘋狂888,"NT$1,600",1600,21400
0060,瘋狂888,"NT$1,200",1200,14299
0060,瘋狂888,"NT$1,000",1000,45686
0060,瘋狂888,NT$800,800,97135
0060,瘋狂888,NT$400,400,85629
0060,瘋狂888,NT$300,300,171380
0060,瘋狂888,NT$200,200,342720
0060,瘋狂888,NT$100,100,1019515
0059,一路發,"NT$2,000,000",2000000,7
0059,一路發,"NT$80,000",80000,28
0059,一路發,"NT$16,000",16000,148
0059,一路發,"NT$8,000",8000,1434
0059,一路發,"NT$2,000",2000,22806
0059,一路發,"NT$1,600",1600,108614
0059,一路發,"NT$1,000",1000,125608
0059,一路發,NT$800,800,142830
0059,一路發,NT$500,500,51367
0059,一路發,NT$300,300,514086
0059,一路發,NT$200,200,1150950
0058,拉斯維加斯,"NT$2,000,000",2000000,6
0058,拉斯維加斯,"NT$50,000",50000,24
0058,拉斯維加斯,"NT$10,000",10000,363
0058,拉斯維加斯,"NT$5,000",5000,963
0058,拉斯維加斯,"NT$2,000",2000,9741
0058,拉斯維加斯,"NT$1,500",1500,9786
0058,拉斯維加斯,"NT$1,200",1200,230190
0058,拉斯維加斯,"NT$1,000",1000,52618
0058,拉斯維加斯,NT$800,800,13466
0058,拉斯維加斯,NT$500,500,146950
0058,拉斯維加斯,NT$300,300,394070
0058,拉斯維加斯,NT$200,200,979425
0057,釣大魚,"NT$500,000",500000,6
0057,釣大魚,"NT$50,000",50000,24
0057,釣大魚,"NT$10,000",10000,246
0057,釣大魚,"NT$5,000",5000,396
0057,釣大魚,"NT$2,000",2000,2461
0057,釣大魚,"NT$1,500",1500,4894
0057,釣大魚,"NT$1,000",1000,35792
0057,釣大魚,NT$800,800,31738
0057,釣大魚,NT$700,700,17135
0057,釣大魚,NT$600,600,44058
0057,釣大魚,NT$500,500,218389
0057,釣大魚,NT$200,200,306084
0057,釣大魚,NT$100,100,885060
0056,金銀島,"NT$1,500,000",1500000,5
0056,金銀島,"NT$50,000",50000,42
0056,金銀島,"NT$10,000",10000,232
0056,金銀島,"NT$5,000",5000,1726
0056,金銀島,"NT$2,000",2000,34146
0056,金銀島,"NT$1,500",1500,45704
0056,金銀島,"NT$1,000",1000,102869
0056,金銀島,NT$800,800,34232
0056,金銀島,NT$700,700,26140
0056,金銀島,NT$600,600,28523
0056,金銀島,NT$500,500,42854
0056,金銀島,NT$400,400,57189
0056,金銀島,NT$300,300,342652
0056,金銀島,NT$200,200,1347697
0055,鈔票一把抓,"NT$3,000,000",3000000,6
0055,鈔票一把抓,"NT$100,000",100000,29
0055,鈔票一把抓,"NT$15,000",15000,4911
0055,鈔票一把抓,"NT$7,500",7500,11046
0055,鈔票一把抓,"NT$4,500",4500,19607
0055,鈔票一把抓,"NT$1,500",1500,75846
0055,鈔票一把抓,"NT$1,000",1000,70980
0055,鈔票一把抓,NT$500,500,612026
0055,鈔票一把抓,NT$300,300,1457151
0054,黃金海岸,"NT$2,000,000",2000000,5
0054,黃金海岸,"NT$50,000",50000,48
0054,黃金海岸,"NT$10,000",10000,209
0054,黃金海岸,"NT$5,000",5000,2853
0054,黃金海岸,"NT$2,000",2000,31839
0054,黃金海岸,"NT$1,500",1500,71947
0054,黃金海岸,"NT$1,000",1000,122474
0054,黃金海岸,NT$700,700,25737
0054,黃金海岸,NT$500,500,122334
0054,黃金海岸,NT$300,300,518959
0054,黃金海岸,NT$200,200,1003697
0053,金庫密碼,"NT$1,500,000",1500000,12
0053,金庫密碼,"NT$50,000",50000,90
0053,金庫密碼,"NT$10,000",10000,500
0053,金庫密碼,"NT$5,000",5000,3677
0053,金庫密碼,"NT$2,000",2000,73301
0053,金庫密碼,"NT$1,500",1500,109983
0053,金庫密碼,"NT$1,000",1000,232673
0053,金庫密碼,NT$800,800,73384
0053,金庫密碼,NT$700,700,55966
0053,金庫密碼,NT$600,600,61230
0053,金庫密碼,NT$500,500,91763
0053,金庫密碼,NT$400,400,122426
0053,金庫密碼,NT$300,300,734382
0053,金庫密碼,NT$200,200,2753977
0052,套圈圈,"NT$200,000",200000,18
0052,套圈圈,"NT$10,000",10000,135
0052,套圈圈,"NT$5,000",5000,1093
0052,套圈圈,"NT$2,000",2000,27517
0052,套圈圈,"NT$1,000",1000,440617
0052,套圈圈,NT$800,800,183592
0052,套圈圈,NT$500,500,440760
0052,套圈圈,NT$300,300,495818
0052,套圈圈,NT$200,200,4094047
0052,套圈圈,NT$100,100,5000404
0051,閃亮彈珠台,"NT$1,500,000",1500000,16
0051,閃亮彈珠台,"NT$50,000",50000,120
0051,閃亮彈珠台,"NT$10,000",10000,636
0051,閃亮彈珠台,"NT$5,000",5000,4913
0051,閃亮彈珠台,"NT$2,000",2000,97632
0051,閃亮彈珠台,"NT$1,500",1500,146766
0051,閃亮彈珠台,"NT$1,000",1000,522326
0051,閃亮彈珠台,NT$800,800,97831
0051,閃亮彈珠台,NT$700,700,74820
0051,閃亮彈珠台,NT$600,600,81494
0051,閃亮彈珠台,NT$500,500,122472
0051,閃亮彈珠台,NT$400,400,163119
0051,閃亮彈珠台,NT$300,300,979111
0051,閃亮彈珠台,NT$200,200,2611272
0050,金湯匙,"NT$200,000",200000,20
0050,金湯匙,"NT$10,000",10000,480
0050,金湯匙,"NT$5,000",5000,1828
0050,金湯匙,"NT$2,000",2000,55075
0050,金湯匙,"NT$1,200",1200,134675
0050,金湯匙,"NT$1,000",1000,146863
0050,金湯匙,NT$800,800,162755
0050,金湯匙,NT$500,500,183639
0050,金湯匙,NT$300,300,489617
0050,金湯匙,NT$200,200,1958370
0050,金湯匙,NT$100,100,3635158
0049,金蟾蜍,"NT$200,000",200000,20
0049,金蟾蜍,"NT$10,000",10000,480
0049,金蟾蜍,"NT$5,000",5000,1837
0049,金蟾蜍,"NT$2,000",2000,61317
0049,金蟾蜍,"NT$1,000",1000,293613
0049,金蟾蜍,NT$500,500,318275
0049,金蟾蜍,NT$300,300,550635
0049,金蟾蜍,NT$200,200,2447649
0049,金蟾蜍,NT$100,100,3122582
0048,極速快感,"NT$2,000,000",2000000,6
0048,極速快感,"NT$50,000",50000,48
0048,極速快感,"NT$10,000",10000,245
0048,極速快感,"NT$5,000",5000,3187
0048,極速快感,"NT$2,000",2000,44047
0048,極速快感,"NT$1,500",1500,36750
0048,極速快感,"NT$1,200",1200,48975
0048,極速快感,"NT$1,000",1000,186001
0048,極速快感,NT$800,800,48975
0048,極速快感,NT$600,600,48947
0048,極速快感,NT$500,500,48939
0048,極速快感,NT$400,400,61307
0048,極速快感,NT$200,200,1223893
0047,超速777,"NT$700,000",700000,6
0047,超速777,"NT$70,000",70000,24
0047,超速777,"NT$7,000",7000,297
0047,超速777,"NT$2,000",2000,1213
0047,超速777,"NT$1,400",1400,17193
0047,超速777,"NT$1,200",1200,9814
0047,超速777,"NT$1,000",1000,23454
0047,超速777,NT$700,700,88058
0047,超速777,NT$500,500,48992
0047,超速777,NT$300,300,283914
0047,超速777,NT$200,200,293794
0047,超速777,NT$100,100,795579
0046,麻將,"NT$2,000,000",2000000,18
0046,麻將,"NT$100,000",100000,37
0046,麻將,"NT$10,000",10000,763
0046,麻將,"NT$5,000",5000,15101
0046,麻將,"NT$1,700",1700,67975
0046,麻將,"NT$1,500",1500,146359
0046,麻將,"NT$1,200",1200,74348
0046,麻將,"NT$1,000",1000,370003
0046,麻將,NT$800,800,329084
0046,麻將,NT$500,500,415794
0046,麻將,NT$400,400,528412
0046,麻將,NT$300,300,1207647
0046,麻將,NT$200,200,2264606
0045,幸運開獎機,"NT$2,000,000",2000000,3
0045,幸運開獎機,"NT$100,000",100000,32
0045,幸運開獎機,"NT$10,000",10000,1136
0045,幸運開獎機,"NT$6,000",6000,492
0045,幸運開獎機,"NT$5,000",5000,3326
0045,幸運開獎機,"NT$1,500",1500,11339
0045,幸運開獎機,"NT$1,200",1200,14426
0045,幸運開獎機,"NT$1,000",1000,81094
0045,幸運開獎機,NT$700,700,97254
0045,幸運開獎機,NT$500,500,102039
0045,幸運開獎機,NT$400,400,243237
0045,幸運開獎機,NT$200,200,734694
0044,黃金右腳,"NT$2,000,000",2000000,4
0044,黃金右腳,"NT$100,000",100000,8
0044,黃金右腳,"NT$10,000",10000,32
0044,黃金右腳,"NT$8,000",8000,115
0044,黃金右腳,"NT$5,000",5000,1321
0044,黃金右腳,"NT$2,000",2000,9803
0044,黃金右腳,"NT$1,500",1500,15570
0044,黃金右腳,"NT$1,200",1200,16320
0044,黃金右腳,"NT$1,000",1000,179535
0044,黃金右腳,NT$800,800,53889
0044,黃金右腳,NT$500,500,65193
0044,黃金右腳,NT$200,200,897636
0043,水果樂園,"NT$300,000",300000,5
0043,水果樂園,"NT$10,000",10000,160
0043,水果樂園,"NT$5,000",5000,351
0043,水果樂園,"NT$1,000",1000,4117
0043,水果樂園,NT$500,500,6082
0043,水果樂園,NT$300,300,44920
0043,水果樂園,NT$200,200,1291284
0043,水果樂園,NT$100,100,324635
0042,幸福摩天輪,"NT$300,000",300000,10
0042,幸福摩天輪,"NT$10,000",10000,22
0042,幸福摩天輪,"NT$5,000",5000,134
0042,幸福摩天輪,"NT$2,000",2000,4491
0042,幸福摩天輪,"NT$1,000",1000,58744
0042,幸福摩天輪,NT$800,800,22460
0042,幸福摩天輪,NT$500,500,53891
0042,幸福摩天輪,NT$300,300,62847
0042,幸福摩天輪,NT$200,200,585235
0042,幸福摩天輪,NT$100,100,897301
0041,500萬慶端午,"NT$5,000,000",5000000,3
0041,500萬慶端午,"NT$100,000",100000,18
0041,500萬慶端午,"NT$50,000",50000,120
0041,500萬慶端午,"NT$10,000",10000,600
0041,500萬慶端午,"NT$7,000",7000,4800
0041,500萬慶端午,"NT$5,000",5000,40800
0041,500萬慶端午,"NT$2,000",2000,50400
0041,500萬慶端午,"NT$1,000",1000,121200
0041,500萬慶端午,NT$600,600,276000
0041,500萬慶端午,NT$500,500,732000
0040,瘋狂吐鈔機,"NT$2,000,000",2000000,5
0040,瘋狂吐鈔機,"NT$50,000",50000,120
0040,瘋狂吐鈔機,"NT$10,000",10000,409
0040,瘋狂吐鈔機,"NT$5,000",5000,1416
0040,瘋狂吐鈔機,"NT$2,000",2000,24486
0040,瘋狂吐鈔機,"NT$1,500",1500,20407
0040,瘋狂吐鈔機,"NT$1,200",1200,114214
0040,瘋狂吐鈔機,"NT$1,000",1000,48959
0040,瘋狂吐鈔機,NT$500,500,81592
0040,瘋狂吐鈔機,NT$300,300,514132
0040,瘋狂吐鈔機,NT$200,200,823383
0039,七彩霓虹燈,"NT$2,000,000",2000000,5
0039,七彩霓虹燈,"NT$100,000",100000,40
0039,七彩霓虹燈,"NT$10,000",10000,201
0039,七彩霓虹燈,"NT$2,000",2000,28503
0039,七彩霓虹燈,"NT$1,000",1000,186766
0039,七彩霓虹燈,NT$800,800,101959
0039,七彩霓虹燈,NT$500,500,267222
0039,七彩霓虹燈,NT$200,200,836447
0038,招財貓,"NT$300,000",300000,10
0038,招財貓,"NT$10,000",10000,100
0038,招財貓,"NT$5,000",5000,398
0038,招財貓,"NT$2,000",2000,10062
0038,招財貓,"NT$1,000",1000,47360
0038,招財貓,NT$500,500,80742
0038,招財貓,NT$300,300,120950
0038,招財貓,NT$200,200,405236
0038,招財貓,NT$100,100,762405
0037,超級777,"NT$2,000,000",2000000,4
0037,超級777,"NT$70,000",70000,16
0037,超級777,"NT$14,000",14000,322
0037,超級777,"NT$7,000",7000,1805
0037,超級777,"NT$2,000",2000,16362
0037,超級777,"NT$1,400",1400,73382
0037,超級777,"NT$1,000",1000,73444
0037,超級777,NT$700,700,11128
0037,超級777,NT$400,400,244894
0037,超級777,NT$300,300,146788
0037,超級777,NT$200,200,685374
0036,快樂媽咪,"NT$3,000,000",3000000,2
0036,快樂媽咪,"NT$50,000",50000,40
0036,快樂媽咪,"NT$10,000",10000,62
0036,快樂媽咪,"NT$7,000",7000,216
0036,快樂媽咪,"NT$5,000",5000,1600
0036,快樂媽咪,"NT$2,000",2000,13280
0036,快樂媽咪,"NT$1,500",1500,15200
0036,快樂媽咪,"NT$1,000",1000,188000
0036,快樂媽咪,NT$800,800,24000
0036,快樂媽咪,NT$600,600,40000
0036,快樂媽咪,NT$500,500,480000
0036,快樂媽咪,NT$300,300,12000
0036,快樂媽咪,NT$200,200,49600
0036,快樂媽咪,NT$100,100,1176000
0035,黃金傳奇,"NT$2,000,000",2000000,3
0035,黃金傳奇,"NT$50,000",50000,32
0035,黃金傳奇,"NT$10,000",10000,240
0035,黃金傳奇,"NT$5,000",5000,2943
0035,黃金傳奇,"NT$2,000",2000,30935
0035,黃金傳奇,"NT$1,500",1500,49044
0035,黃金傳奇,"NT$1,000",1000,81572
0035,黃金傳奇,NT$800,800,16404
0035,黃金傳奇,NT$500,500,81588
0035,黃金傳奇,NT$300,300,261032
0035,黃金傳奇,NT$200,200,741008
0034,金雞母,"NT$1,000,000",1000000,4
0034,金雞母,"NT$50,000",50000,16
0034,金雞母,"NT$10,000",10000,81
0034,金雞母,"NT$5,000",5000,322
0034,金雞母,"NT$2,000",2000,3787
0034,金雞母,"NT$1,500",1500,6543
0034,金雞母,"NT$1,200",1200,9788
0034,金雞母,"NT$1,000",1000,57109
0034,金雞母,NT$800,800,16314
0034,金雞母,NT$500,500,48962
0034,金雞母,NT$300,300,32629
0034,金雞母,NT$200,200,293749
0034,金雞母,NT$100,100,492333
0033,迎媽祖,"NT$300,000",300000,10
0033,迎媽祖,"NT$10,000",10000,100
0033,迎媽祖,"NT$5,000",5000,406
0033,迎媽祖,"NT$2,000",2000,10687
0033,迎媽祖,"NT$1,000",1000,46987
0033,迎媽祖,NT$500,500,81572
0033,迎媽祖,NT$300,300,122355
0033,迎媽祖,NT$200,200,408000
0033,迎媽祖,NT$100,100,775428
0032,鈔票滿天飛,"NT$2,000,000",2000000,3
0032,鈔票滿天飛,"NT$50,000",50000,20
0032,鈔票滿天飛,"NT$10,000",10000,115
0032,鈔票滿天飛,"NT$5,000",5000,1312
0032,鈔票滿天飛,"NT$2,000",2000,17991
0032,鈔票滿天飛,"NT$1,500",1500,32576
0032,鈔票滿天飛,"NT$1,000",1000,122436
0032,鈔票滿天飛,NT$800,800,14665
0032,鈔票滿天飛,NT$700,700,16332
0032,鈔票滿天飛,NT$600,600,16301
0032,鈔票滿天飛,NT$500,500,32654
0032,鈔票滿天飛,NT$400,400,50538
0032,鈔票滿天飛,NT$300,300,293809
0032,鈔票滿天飛,NT$200,200,671972
0031,剪刀石頭布,"NT$300,000",300000,6
0031,剪刀石頭布,"NT$50,000",50000,22
0031,剪刀石頭布,"NT$10,000",10000,227
0031,剪刀石頭布,"NT$5,000",5000,346
0031,剪刀石頭布,"NT$2,000",2000,1812
0031,剪刀石頭布,"NT$1,500",1500,3393
0031,剪刀石頭布,"NT$1,000",1000,31423
0031,剪刀石頭布,NT$800,800,13426
0031,剪刀石頭布,NT$700,700,15229
0031,剪刀石頭布,NT$500,500,183969
0031,剪刀石頭布,NT$200,200,437659
0031,剪刀石頭布,NT$100,100,942416
0030,全壘打,"NT$600,000",600000,5
0030,全壘打,"NT$30,000",30000,30
0030,全壘打,"NT$10,000",10000,120
0030,全壘打,"NT$5,000",5000,407
0030,全壘打,"NT$2,000",2000,2044
0030,全壘打,"NT$1,500",1500,2048
0030,全壘打,"NT$1,000",1000,40820
0030,全壘打,NT$800,800,26077
0030,全壘打,NT$700,700,20402
0030,全壘打,NT$600,600,40790
0030,全壘打,NT$500,500,86458
0030,全壘打,NT$300,300,63357
0030,全壘打,NT$200,200,310123
0030,全壘打,NT$100,100,719876
0029,發財樹,"NT$300,000",300000,10
0029,發財樹,"NT$10,000",10000,100
0029,發財樹,"NT$5,000",5000,410
0029,發財樹,"NT$2,000",2000,10208
0029,發財樹,"NT$1,000",1000,52997
0029,發財樹,NT$500,500,77563
0029,發財樹,NT$300,300,114232
0029,發財樹,NT$200,200,410024
0029,發財樹,NT$100,100,765261
0028,水果樂園,"NT$300,000",300000,5
0028,水果樂園,"NT$10,000",10000,176
0028,水果樂園,"NT$5,000",5000,378
0028,水果樂園,"NT$1,000",1000,3509
0028,水果樂園,NT$500,500,2255
0028,水果樂園,NT$300,300,48187
0028,水果樂園,NT$200,200,1413792
0028,水果樂園,NT$100,100,352134
0027,淘金熱,"NT$2,000,000",2000000,4
0027,淘金熱,"NT$50,000",50000,32
0027,淘金熱,"NT$10,000",10000,145
0027,淘金熱,"NT$5,000",5000,1968
0027,淘金熱,"NT$2,000",2000,22854
0027,淘金熱,"NT$1,500",1500,48943
0027,淘金熱,"NT$1,000",1000,84913
0027,淘金熱,NT$700,700,17139
0027,淘金熱,NT$500,500,81554
0027,淘金熱,NT$300,300,345991
0027,淘金熱,NT$200,200,662422
0026,黃金24K,"NT$2,000,000",2000000,4
0026,黃金24K,"NT$50,000",50000,32
0026,黃金24K,"NT$10,000",10000,403
0026,黃金24K,"NT$5,000",5000,2444
0026,黃金24K,"NT$2,000",2000,24091
0026,黃金24K,"NT$1,500",1500,8139
0026,黃金24K,"NT$1,200",1200,65299
0026,黃金24K,"NT$1,000",1000,54653
0026,黃金24K,NT$600,600,16307
0026,黃金24K,NT$500,500,40763
0026,黃金24K,NT$400,400,293808
0026,黃金24K,NT$200,200,734371
0025,喜從天降,"NT$300,000",300000,11
0025,喜從天降,"NT$10,000",10000,44
0025,喜從天降,"NT$5,000",5000,676
0025,喜從天降,"NT$1,500",1500,11195
0025,喜從天降,"NT$1,000",1000,38197
0025,喜從天降,NT$800,800,20115
0025,喜從天降,NT$600,600,22460
0025,喜從天降,NT$500,500,112427
0025,喜從天降,NT$300,300,78318
0025,喜從天降,NT$200,200,403850
0025,喜從天降,NT$100,100,899978
0024,麻將,"NT$2,000,000",2000000,4
0024,麻將,"NT$100,000",100000,8
0024,麻將,"NT$10,000",10000,157
0024,麻將,"NT$5,000",5000,3221
0024,麻將,"NT$1,700",1700,14591
0024,麻將,"NT$1,500",1500,30836
0024,麻將,"NT$1,200",1200,15965
0024,麻將,"NT$1,000",1000,79607
0024,麻將,NT$800,800,70794
0024,麻將,NT$500,500,84370
0024,麻將,NT$400,400,113667
0024,麻將,NT$300,300,243510
0024,麻將,NT$200,200,487020
0023,海底尋寶,"NT$2,000,000",2000000,3
0023,海底尋寶,"NT$100,000",100000,8
0023,海底尋寶,"NT$10,000",10000,165
0023,海底尋寶,"NT$5,000",5000,1636
0023,海底尋寶,"NT$2,000",2000,14238
0023,海底尋寶,"NT$1,000",1000,195782
0023,海底尋寶,NT$500,500,107703
0023,海底尋寶,NT$300,300,369641
0023,海底尋寶,NT$200,200,542062
0022,金磚帝國,"NT$5,000,000",5000000,2
0022,金磚帝國,"NT$100,000",100000,12
0022,金磚帝國,"NT$50,000",50000,72
0022,金磚帝國,"NT$10,000",10000,400
0022,金磚帝國,"NT$7,000",7000,3920
0022,金磚帝國,"NT$5,000",5000,31920
0022,金磚帝國,"NT$2,000",2000,19200
0022,金磚帝國,"NT$1,000",1000,80000
0022,金磚帝國,NT$600,600,189600
0022,金磚帝國,NT$500,500,484000
0021,好彩頭 ,"NT$300,000",300000,12
0021,好彩頭 ,"NT$10,000",10000,48
0021,好彩頭 ,"NT$5,000",5000,737
0021,好彩頭 ,"NT$1,500",1500,12280
0021,好彩頭 ,"NT$1,000",1000,45268
0021,好彩頭 ,NT$800,800,20779
0021,好彩頭 ,NT$600,600,24470
0021,好彩頭 ,NT$500,500,129723
0021,好彩頭 ,NT$300,300,85684
0021,好彩頭 ,NT$200,200,416196
0021,好彩頭 ,NT$100,100,967270
0020,開春大吉,"NT$1,500,000",1500000,2
0020,開春大吉,"NT$100,000",100000,16
0020,開春大吉,"NT$10,000",10000,129
0020,開春大吉,"NT$5,000",5000,157
0020,開春大吉,"NT$2,000",2000,1619
0020,開春大吉,"NT$1,500",1500,3169
0020,開春大吉,"NT$1,200",1200,6442
0020,開春大吉,"NT$1,000",1000,10983
0020,開春大吉,NT$800,800,6440
0020,開春大吉,NT$500,500,64472
0020,開春大吉,NT$300,300,515497
0020,開春大吉,NT$200,200,1409675
0019,愛你一世,"NT$300,000",300000,9
0019,愛你一世,"NT$10,000",10000,36
0019,愛你一世,"NT$5,000",5000,546
0019,愛你一世,"NT$1,500",1500,9050
0019,愛你一世,"NT$1,000",1000,33607
0019,愛你一世,NT$700,700,18113
0019,愛你一世,NT$600,600,18169
0019,愛你一世,NT$500,500,90716
0019,愛你一世,NT$400,400,54418
0019,愛你一世,NT$200,200,324856
0019,愛你一世,NT$100,100,726150
0018,金馬獎 ,"NT$3,000,000",3000000,4
0018,金馬獎 ,"NT$50,000",50000,80
0018,金馬獎 ,"NT$10,000",10000,188
0018,金馬獎 ,"NT$7,000",7000,400
0018,金馬獎 ,"NT$5,000",5000,3200
0018,金馬獎 ,"NT$2,000",2000,25600
0018,金馬獎 ,"NT$1,500",1500,30400
0018,金馬獎 ,"NT$1,000",1000,400000
0018,金馬獎 ,NT$800,800,48000
0018,金馬獎 ,NT$600,600,80000
0018,金馬獎 ,NT$500,500,960000
0018,金馬獎 ,NT$300,300,25408
0018,金馬獎 ,NT$200,200,99200
0018,金馬獎 ,NT$100,100,2327520
0017,大三元,"NT$2,000,000",2000000,6
0017,大三元,"NT$50,000",50000,24
0017,大三元,"NT$10,000",10000,245
0017,大三元,"NT$5,000",5000,3690
0017,大三元,"NT$2,000",2000,19476
0017,大三元,"NT$1,500",1500,107376
0017,大三元,"NT$1,000",1000,87947
0017,大三元,NT$800,800,24349
0017,大三元,NT$600,600,36620
0017,大三元,NT$500,500,97530
0017,大三元,NT$300,300,612541
0017,大三元,NT$200,200,862795
0016,開運年菜,"NT$300,000",300000,12
0016,開運年菜,"NT$10,000",10000,112
0016,開運年菜,"NT$5,000",5000,513
0016,開運年菜,"NT$2,000",2000,14238
0016,開運年菜,"NT$1,000",1000,42850
0016,開運年菜,NT$500,500,109861
0016,開運年菜,NT$300,300,285658
0016,開運年菜,NT$200,200,574094
0016,開運年菜,NT$100,100,1085337
0015,大麻將,"NT$10,000,000",10000000,2
0015,大麻將,"NT$1,000,000",1000000,32
0015,大麻將,"NT$100,000",100000,48
0015,大麻將,"NT$50,000",50000,160
0015,大麻將,"NT$10,000",10000,2400
0015,大麻將,"NT$8,000",8000,4800
0015,大麻將,"NT$5,000",5000,40000
0015,大麻將,"NT$2,000",2000,210400
0015,大麻將,"NT$1,500",1500,636800
0015,大麻將,"NT$1,000",1000,576800
0015,大麻將,NT$500,500,1360000
0014,無敵拉霸機,"NT$3,000,000",3000000,6
0014,無敵拉霸機,"NT$100,000",100000,34
0014,無敵拉霸機,"NT$15,000",15000,4919
0014,無敵拉霸機,"NT$7,500",7500,10985
0014,無敵拉霸機,"NT$4,500",4500,19590
0014,無敵拉霸機,"NT$1,500",1500,73325
0014,無敵拉霸機,"NT$1,000",1000,68562
0014,無敵拉霸機,NT$500,500,611873
0014,無敵拉霸機,NT$300,300,1476175
0013,金銀財寶,"NT$2,000,000",2000000,5
0013,金銀財寶,"NT$50,000",50000,36
0013,金銀財寶,"NT$10,000",10000,359
0013,金銀財寶,"NT$5,000",5000,3101
0013,金銀財寶,"NT$2,000",2000,34856
0013,金銀財寶,"NT$1,500",1500,22038
0013,金銀財寶,"NT$1,200",1200,60580
0013,金銀財寶,"NT$1,000",1000,91512
0013,金銀財寶,NT$500,500,100982
0013,金銀財寶,NT$300,300,275400
0013,金銀財寶,NT$200,200,826200
0012,瘋狂骰子樂,"NT$500,000",500000,10
0012,瘋狂骰子樂,"NT$50,000",50000,28
0012,瘋狂骰子樂,"NT$10,000",10000,284
0012,瘋狂骰子樂,"NT$5,000",5000,459
0012,瘋狂骰子樂,"NT$2,000",2000,2590
0012,瘋狂骰子樂,"NT$1,500",1500,5146
0012,瘋狂骰子樂,"NT$1,000",1000,45685
0012,瘋狂骰子樂,NT$800,800,36976
0012,瘋狂骰子樂,NT$700,700,19518
0012,瘋狂骰子樂,NT$600,600,48891
0012,瘋狂骰子樂,NT$500,500,231299
0012,瘋狂骰子樂,NT$200,200,357027
0012,瘋狂骰子樂,NT$100,100,1056692
0011,"$1,200萬大吉利 ","NT$12,000,000",12000000,1
0011,"$1,200萬大吉利 ","NT$1,000,000",1000000,12
0011,"$1,200萬大吉利 ","NT$100,000",100000,18
0011,"$1,200萬大吉利 ","NT$50,000",50000,42
0011,"$1,200萬大吉利 ","NT$10,000",10000,600
0011,"$1,200萬大吉利 ","NT$8,000",8000,2160
0011,"$1,200萬大吉利 ","NT$5,000",5000,10050
0011,"$1,200萬大吉利 ","NT$2,000",2000,130200
0011,"$1,200萬大吉利 ","NT$1,500",1500,92400
0011,"$1,200萬大吉利 ","NT$1,200",1200,48000
0011,"$1,200萬大吉利 ","NT$1,000",1000,276000
0011,"$1,200萬大吉利 ",NT$500,500,492000
0010,花開富貴,"NT$2,000,000",2000000,5
0010,花開富貴,"NT$50,000",50000,40
0010,花開富貴,"NT$10,000",10000,406
0010,花開富貴,"NT$5,000",5000,3431
0010,花開富貴,"NT$2,000",2000,37526
0010,花開富貴,"NT$1,500",1500,26538
0010,花開富貴,"NT$1,200",1200,56110
0010,花開富貴,"NT$1,000",1000,101988
0010,花開富貴,NT$800,800,53010
0010,花開富貴,NT$500,500,51057
0010,花開富貴,NT$300,300,305959
0010,花開富貴,NT$200,200,927165
0009,聚寶盆,"NT$500,000",500000,14
0009,聚寶盆,"NT$10,000",10000,140
0009,聚寶盆,"NT$5,000",5000,572
0009,聚寶盆,"NT$2,000",2000,14303
0009,聚寶盆,"NT$1,000",1000,57097
0009,聚寶盆,NT$500,500,114238
0009,聚寶盆,NT$300,300,218775
0009,聚寶盆,NT$200,200,628235
0009,聚寶盆,NT$100,100,1114277
0008,五福臨門,"NT$5,000,000",5000000,4
0008,五福臨門,"NT$100,000",100000,18
0008,五福臨門,"NT$50,000",50000,108
0008,五福臨門,"NT$10,000",10000,600
0008,五福臨門,"NT$7,000",7000,5880
0008,五福臨門,"NT$5,000",5000,47520
0008,五福臨門,"NT$2,000",2000,28800
0008,五福臨門,"NT$1,000",1000,120000
0008,五福臨門,NT$600,600,283200
0008,五福臨門,NT$500,500,720960
0007,紅包一把抓 ,"NT$3,000,000",3000000,6
0007,紅包一把抓 ,"NT$100,000",100000,34
0007,紅包一把抓 ,"NT$15,000",15000,6018
0007,紅包一把抓 ,"NT$7,500",7500,12761
0007,紅包一把抓 ,"NT$4,500",4500,20062
0007,紅包一把抓 ,"NT$1,500",1500,75754
0007,紅包一把抓 ,"NT$1,000",1000,70848
0007,紅包一把抓 ,NT$500,500,610444
0007,紅包一把抓 ,NT$300,300,1466213
0006,幸運開獎機,"NT$2,000,000",2000000,3
0006,幸運開獎機,"NT$100,000",100000,36
0006,幸運開獎機,"NT$10,000",10000,1273
0006,幸運開獎機,"NT$6,000",6000,544
0006,幸運開獎機,"NT$5,000",5000,3739
0006,幸運開獎機,"NT$1,500",1500,12875
0006,幸運開獎機,"NT$1,200",1200,16339
0006,幸運開獎機,"NT$1,000",1000,91758
0006,幸運開獎機,NT$700,700,110165
0006,幸運開獎機,NT$500,500,115659
0006,幸運開獎機,NT$400,400,257038
0006,幸運開獎機,NT$200,200,826822
0005,"$2,600萬超級紅包","NT$26,000,000",26000000,1
0005,"$2,600萬超級紅包","NT$1,000,000",1000000,300
0005,"$2,600萬超級紅包","NT$100,000",100000,2500
0005,"$2,600萬超級紅包","NT$10,000",10000,35000
0005,"$2,600萬超級紅包","NT$8,000",8000,38000
0005,"$2,600萬超級紅包","NT$5,000",5000,45550
0005,"$2,600萬超級紅包","NT$2,000",2000,390000
0005,"$2,600萬超級紅包","NT$1,000",1000,1500000
0004,新年快樂,"NT$3,000,000",3000000,3
0004,新年快樂,"NT$50,000",50000,60
0004,新年快樂,"NT$10,000",10000,141
0004,新年快樂,"NT$7,000",7000,300
0004,新年快樂,"NT$5,000",5000,2400
0004,新年快樂,"NT$2,000",2000,19200
0004,新年快樂,"NT$1,500",1500,22800
0004,新年快樂,"NT$1,000",1000,300000
0004,新年快樂,NT$800,800,36000
0004,新年快樂,NT$600,600,60000
0004,新年快樂,NT$500,500,720000
0004,新年快樂,NT$300,300,19056
0004,新年快樂,NT$200,200,74400
0004,新年快樂,NT$100,100,1745640
0003,金玉滿堂,"NT$2,000,000",2000000,4
0003,金玉滿堂,"NT$50,000",50000,27
0003,金玉滿堂,"NT$10,000",10000,375
0003,金玉滿堂,"NT$5,000",5000,3322
0003,金玉滿堂,"NT$2,000",2000,35661
0003,金玉滿堂,"NT$1,500",1500,25652
0003,金玉滿堂,"NT$1,200",1200,58710
0003,金玉滿堂,"NT$1,000",1000,89052
0003,金玉滿堂,NT$500,500,99349
0003,金玉滿堂,NT$300,300,275320
0003,金玉滿堂,NT$200,200,827103
0002,迎財神,"NT$800,000",800000,5
0002,迎財神,"NT$10,000",10000,84
0002,迎財神,"NT$5,000",5000,575
0002,迎財神,"NT$2,000",2000,4647
0002,迎財神,"NT$1,500",1500,28490
0002,迎財神,"NT$1,200",1200,14268
0002,迎財神,"NT$1,000",1000,85694
0002,迎財神,NT$800,800,48542
0002,迎財神,NT$600,600,28616
0002,迎財神,NT$500,500,105607
0002,迎財神,NT$300,300,57246
0002,迎財神,NT$200,200,228354
0002,迎財神,NT$100,100,1083109
0001,馬到成功,"NT$300,000",300000,10
0001,馬到成功,"NT$10,000",10000,140
0001,馬到成功,"NT$5,000",5000,573
0001,馬到成功,"NT$1,500",1500,8576
0001,馬到成功,"NT$1,000",1000,40014
0001,馬到成功,NT$800,800,19947
0001,馬到成功,NT$600,600,25673
0001,馬到成功,NT$500,500,134232
0001,馬到成功,NT$300,300,157145
0001,馬到成功,NT$200,200,599751
0001,馬到成功,NT$100,100,1026548
