遊戲期數,遊戲主題,屆別,獎金結構項數,售價,最高獎金,發行日,發行日(民國),下市日,下市日(民國),兌獎截止日,兌獎截止日(民國),發行張數,銷售率,頭獎張數,頭獎未兌領張數,scratchId,newsId,圖片網址,獎金結構網址
5160,獎金對決,本屆(2024/1/1起),11,200,2000000,2026-08-04,115/08/04,2027-02-11,116/02/11,2027-05-11,116/05/11,5892100,,5,,ca2e7365336d4fb09357bf15941bb97b,393153600af64e9ca4ef0a167458b78e,https://cdn.taiwanlottery.com.tw/app/Images/Scratch/20260729_140920954_1.jpg,https://www.taiwanlottery.com/news/news/393153600af64e9ca4ef0a167458b78e
5159,大麻將,本屆(2024/1/1起),10,1000,10000000,2026-08-04,115/08/04,2027-02-11,116/02/11,2027-05-11,116/05/11,3500000,,3,,6b54b955ab5e4b8486fc4b5576466f38,393153600af64e9ca4ef0a167458b78e,https://cdn.taiwanlottery.com.tw/app/Images/Scratch/20260729_140647304_1.jpg,https://www.taiwanlottery.com/news/news/393153600af64e9ca4ef0a167458b78e
5158,財富密碼,本屆(2024/1/1起),10,200,2000000,2026-07-16,115/07/16,2027-01-18,116/01/18,2027-04-19,116/04/19,3567300,,3,,8cc5f57a85544d2cbfd4fe53d8a0fa87,92f8b4e6b5f54b9da1a2fa550338326a,https://cdn.taiwanlottery.com.tw/app/Images/Scratch/20260709_110849726_1.jpg,https://www.taiwanlottery.com/news/news/92f8b4e6b5f54b9da1a2fa550338326a
5157,刮刮金樂透,本屆(2024/1/1起),8,200,2000000,2026-07-16,115/07/16,2027-01-18,116/01/18,2027-04-19,116/04/19,7140000,,8,,42ad7c32f9024f31b36512c747b6c13c,92f8b4e6b5f54b9da1a2fa550338326a,https://cdn.taiwanlottery.com.tw/app/Images/Scratch/20260709_105827182_1.jpg,https://www.taiwanlottery.com/news/news/92f8b4e6b5f54b9da1a2fa550338326a
5156,狂刮10萬,本屆(2024/1/1起),6,200,100000,2026-07-02,115/07/02,2027-01-04,116/01/04,2027-04-07,116/04/07,4590000,,800,,f7eafdff45544312b58df5d273e46294,3fc9978dce574a3da1d2806f3d420d76,https://cdn.taiwanlottery.com.tw/app/Images/Scratch/20260626_105630564_1.jpg,https://www.taiwanlottery.com/news/news/3fc9978dce574a3da1d2806f3d420d76
5155,無敵777,本屆(2024/1/1起),12,300,3000000,2026-07-02,115/07/02,2027-01-04,116/01/04,2027-04-07,116/04/07,6616400,,5,,6a26038fbdd3449f93d6cef10f2eb83a,3fc9978dce574a3da1d2806f3d420d76,https://cdn.taiwanlottery.com.tw/app/Images/Scratch/20260626_104859417_1.jpg,https://www.taiwanlottery.com/news/news/3fc9978dce574a3da1d2806f3d420d76
5154,嗨刮123,本屆(2024/1/1起),10,100,300000,2026-06-15,115/06/15,2026-12-15,115/12/15,2027-03-15,116/03/15,4080000,,4,,aefd15760e4f4b67a3446f292b6b21e4,2f3b4baca5844415887cb0264a2ad355,https://cdn.taiwanlottery.com.tw/app/Images/Scratch/20260609_110605548_1.jpg,https://www.taiwanlottery.com/news/news/2f3b4baca5844415887cb0264a2ad355
5153,財運高升,本屆(2024/1/1起),10,200,2000000,2026-06-15,115/06/15,2026-12-15,115/12/15,2027-03-15,116/03/15,6120000,,4,,18c1999a95ec452eb74466610202e5bb,2f3b4baca5844415887cb0264a2ad355,https://cdn.taiwanlottery.com.tw/app/Images/Scratch/20260609_105608478_1.jpg,https://www.taiwanlottery.com/news/news/2f3b4baca5844415887cb0264a2ad355
5152,好運發發,本屆(2024/1/1起),10,200,88000,2026-06-02,115/06/02,2026-12-02,115/12/02,2027-03-02,116/03/02,4080000,,88,,dd7e1309f5434275a6ed9e0f6c4a3792,4ce357e53d394a63bb3b6302ac6a03c1,https://cdn.taiwanlottery.com.tw/app/Images/Scratch/20260527_161218989_1.jpg,https://www.taiwanlottery.com/news/news/4ce357e53d394a63bb3b6302ac6a03c1
5151,"樂刮$5,000",本屆(2024/1/1起),6,500,3000000,2026-06-02,115/06/02,2026-12-02,115/12/02,2027-03-02,116/03/02,4000000,,2,,a491e2d76a5c479ab2b0aa6661cb6b8c,4ce357e53d394a63bb3b6302ac6a03c1,https://cdn.taiwanlottery.com.tw/app/Images/Scratch/20260527_160952539_1.jpg,https://www.taiwanlottery.com/news/news/4ce357e53d394a63bb3b6302ac6a03c1
5150,推金幣,本屆(2024/1/1起),10,100,500000,2026-02-03,115/02/03,2026-08-03,115/08/03,2026-11-03,115/11/03,8160000,87.81%,8,2,df0b93264aa24f8bb30bc2de1d404d70,f0d09b62412a4335a9bb87025d5f719a,https://cdn.taiwanlottery.com.tw/app/Images/Scratch/20260129_152115279_1.jpg,https://www.taiwanlottery.com/news/news/f0d09b62412a4335a9bb87025d5f719a
5149,點球成金,本屆(2024/1/1起),10,200,2000000,2026-05-19,115/05/19,2026-11-19,115/11/19,2027-02-19,116/02/19,4564000,,4,,eef04c61e8a4446c9ebddf43a205db92,c350a989fb064408bea97c0559b058df,https://cdn.taiwanlottery.com.tw/app/Images/Scratch/20260513_095553754_1.jpg,https://www.taiwanlottery.com/news/news/c350a989fb064408bea97c0559b058df
5148,獎金倍倍樂,本屆(2024/1/1起),12,200,2000000,2026-05-19,115/05/19,2026-11-19,115/11/19,2027-02-19,116/02/19,3965100,,3,,8c5865c764424927bdfe068a0eb55f60,c350a989fb064408bea97c0559b058df,https://cdn.taiwanlottery.com.tw/app/Images/Scratch/20260513_095311624_1.jpg,https://www.taiwanlottery.com/news/news/c350a989fb064408bea97c0559b058df
5147,金鑽999,本屆(2024/1/1起),9,200,2000000,2026-05-05,115/05/05,2026-11-05,115/11/05,2027-02-11,116/02/11,4080000,,3,,692c7e517d60422c8c104d2e83cfcff2,24134e6f661d455e9d54730a16558742,https://cdn.taiwanlottery.com.tw/app/Images/Scratch/20260428_094141520_1.jpg,https://www.taiwanlottery.com/news/news/24134e6f661d455e9d54730a16558742
5146,麻將大賓果,本屆(2024/1/1起),8,300,3000000,2026-05-05,115/05/05,2026-11-05,115/11/05,2027-02-11,116/02/11,7093500,,6,,06172030aee3447baaf40691f61bc1f9,24134e6f661d455e9d54730a16558742,https://cdn.taiwanlottery.com.tw/app/Images/Scratch/20260428_093601785_1.jpg,https://www.taiwanlottery.com/news/news/24134e6f661d455e9d54730a16558742
5145,一觸即發,本屆(2024/1/1起),11,200,2000000,2026-04-07,115/04/07,2026-10-21,115/10/21,2027-01-21,116/01/21,3551700,,3,,3a86b2ae52454e7db19c9e01b790b307,626a7981e0684035b739c391c3d5c523,https://cdn.taiwanlottery.com.tw/app/Images/Scratch/20260330_143828610_1.jpg,https://www.taiwanlottery.com/news/news/626a7981e0684035b739c391c3d5c523
5144,獎金獵人,本屆(2024/1/1起),9,200,2000000,2026-04-07,115/04/07,2026-10-21,115/10/21,2027-01-21,116/01/21,5904800,,6,,04a455541d7748199c1f4d8971526a87,626a7981e0684035b739c391c3d5c523,https://cdn.taiwanlottery.com.tw/app/Images/Scratch/20260330_143540043_1.jpg,https://www.taiwanlottery.com/news/news/626a7981e0684035b739c391c3d5c523
5143,幸運777,本屆(2024/1/1起),9,100,700000,2026-04-07,115/04/07,2026-10-07,115/10/07,2027-01-07,116/01/07,4080000,,4,,3c8ce3598bde4b0ab69b66a9348e4bca,626a7981e0684035b739c391c3d5c523,https://cdn.taiwanlottery.com.tw/app/Images/Scratch/20260330_142342980_1.jpg,https://www.taiwanlottery.com/news/news/626a7981e0684035b739c391c3d5c523
5142,幸運拉霸,本屆(2024/1/1起),10,200,2000000,2026-04-07,115/04/07,2026-10-07,115/10/07,2027-01-07,116/01/07,4080000,,4,,1f214aefa67d45d0b0991d1f47ce05b3,626a7981e0684035b739c391c3d5c523,https://cdn.taiwanlottery.com.tw/app/Images/Scratch/20260330_142019063_1.jpg,https://www.taiwanlottery.com/news/news/626a7981e0684035b739c391c3d5c523
5141,出棋制勝,本屆(2024/1/1起),11,200,2000000,2026-03-19,115/03/19,2026-09-24,115/09/24,2026-12-28,115/12/28,4080000,,4,,4dcef3c70ff4402989d9943d07bd8d88,2aad46d5725b47e8b9e91967809e023e,https://cdn.taiwanlottery.com.tw/app/Images/Scratch/20260313_175227942_1.jpg,https://www.taiwanlottery.com/news/news/2aad46d5725b47e8b9e91967809e023e
5140,幸運開獎機,本屆(2024/1/1起),11,200,2000000,2026-03-19,115/03/19,2026-09-24,115/09/24,2026-12-28,115/12/28,6630000,,5,,c392dc9b2cc44d109fce020475dfc1ad,2aad46d5725b47e8b9e91967809e023e,https://cdn.taiwanlottery.com.tw/app/Images/Scratch/20260313_175024366_1.jpg,https://www.taiwanlottery.com/news/news/2aad46d5725b47e8b9e91967809e023e
5139,釣魚高手,本屆(2024/1/1起),11,200,2000000,2026-03-10,115/03/10,2026-09-10,115/09/10,2026-12-10,115/12/10,4080000,,4,,e9bbf3ed6ec34abcb9a383d86813209a,9475f61b15d548978de6c632f25f430a,https://cdn.taiwanlottery.com.tw/app/Images/Scratch/20260304_152020314_1.jpg,https://www.taiwanlottery.com/news/news/9475f61b15d548978de6c632f25f430a
5138,無敵30倍,本屆(2024/1/1起),13,300,3000000,2026-03-10,115/03/10,2026-09-10,115/09/10,2026-12-10,115/12/10,6120000,,3,,f949fe535177433cab2bb54b702b6ad7,9475f61b15d548978de6c632f25f430a,https://cdn.taiwanlottery.com.tw/app/Images/Scratch/20260304_151809119_1.jpg,https://www.taiwanlottery.com/news/news/9475f61b15d548978de6c632f25f430a
5137,"樂刮$2,000",本屆(2024/1/1起),7,200,1000000,2026-02-24,115/02/24,2026-08-24,115/08/24,2026-11-24,115/11/24,6120000,,5,,95e2d9a9884140c188a73ffc693a4b61,ad69b5a7ae0d49dbac2bcf1e98fd75a1,https://cdn.taiwanlottery.com.tw/app/Images/Scratch/20260211_162250085_1.jpg,https://www.taiwanlottery.com/news/news/ad69b5a7ae0d49dbac2bcf1e98fd75a1
5136,鑽很大,本屆(2024/1/1起),9,500,5000000,2026-02-24,115/02/24,2026-08-24,115/08/24,2026-11-24,115/11/24,4000000,,4,,a8a0ae414f1240c6b9e387221eab7721,ad69b5a7ae0d49dbac2bcf1e98fd75a1,https://cdn.taiwanlottery.com.tw/app/Images/Scratch/20260211_162045480_1.jpg,https://www.taiwanlottery.com/news/news/ad69b5a7ae0d49dbac2bcf1e98fd75a1
5135,財神報到,本屆(2024/1/1起),11,100,600000,2026-02-03,115/02/03,2026-08-03,115/08/03,2026-11-03,115/11/03,8160000,87.79%,8,0,09636013c1e946419f699fd803d55649,f0d09b62412a4335a9bb87025d5f719a,https://cdn.taiwanlottery.com.tw/app/Images/Scratch/20260129_151431710_1.jpg,https://www.taiwanlottery.com/news/news/f0d09b62412a4335a9bb87025d5f719a
5133,好運連發,本屆(2024/1/1起),10,200,2000000,2026-02-03,115/02/03,2026-08-03,115/08/03,2026-11-03,115/11/03,7430100,95.2%,7,0,1465b666d9ad4a98bcea0143e6a8adaf,f0d09b62412a4335a9bb87025d5f719a,https://cdn.taiwanlottery.com.tw/app/Images/Scratch/20260129_150956704_1.jpg,https://www.taiwanlottery.com/news/news/f0d09b62412a4335a9bb87025d5f719a
5132,獎金樂翻倍,本屆(2024/1/1起),10,200,2000000,2026-02-03,115/02/03,2026-08-03,115/08/03,2026-11-03,115/11/03,7650000,99.78%,8,1,22d9277fd22f4cae9a2c0bfcd5a54d80,f0d09b62412a4335a9bb87025d5f719a,https://cdn.taiwanlottery.com.tw/app/Images/Scratch/20260129_150742958_1.jpg,https://www.taiwanlottery.com/news/news/f0d09b62412a4335a9bb87025d5f719a
5131,哈啾咪,本屆(2024/1/1起),9,500,5000000,2026-02-03,115/02/03,2026-08-03,115/08/03,2026-11-03,115/11/03,5000000,100%,4,0,4041b8f616e04471b36116bad7255081,f0d09b62412a4335a9bb87025d5f719a,https://cdn.taiwanlottery.com.tw/app/Images/Scratch/20260129_150213478_1.jpg,https://www.taiwanlottery.com/news/news/f0d09b62412a4335a9bb87025d5f719a
5130,財源滾滾,本屆(2024/1/1起),10,100,300000,2026-01-20,115/01/20,2026-07-20,115/07/20,2026-10-20,115/10/20,8160000,88.06%,7,1,c055541f65ef4d9c9bf9826aaa4ddc9b,2bfd12cf4ee14885b1d4784dfb527f96,https://cdn.taiwanlottery.com.tw/app/Images/Scratch/20260116_143658471_1.jpg,https://www.taiwanlottery.com/news/news/2bfd12cf4ee14885b1d4784dfb527f96
5129,金馬報喜,本屆(2024/1/1起),8,200,100000,2026-01-20,115/01/20,2026-07-20,115/07/20,2026-10-20,115/10/20,7650000,99.96%,550,11,11797c36fb8048e9b5038f46adbdc717,2bfd12cf4ee14885b1d4784dfb527f96,https://cdn.taiwanlottery.com.tw/app/Images/Scratch/20260116_143413802_1.jpg,https://www.taiwanlottery.com/news/news/2bfd12cf4ee14885b1d4784dfb527f96
5128,金好鑽,本屆(2024/1/1起),11,200,2000000,2026-01-20,115/01/20,2026-07-20,115/07/20,2026-10-20,115/10/20,7510000,94.85%,8,0,6a56099f57b5482cbc028dcf398a2b6b,2bfd12cf4ee14885b1d4784dfb527f96,https://cdn.taiwanlottery.com.tw/app/Images/Scratch/20260116_143129727_1.jpg,https://www.taiwanlottery.com/news/news/2bfd12cf4ee14885b1d4784dfb527f96
5127,金馬獎,本屆(2024/1/1起),13,500,3000000,2026-01-20,115/01/20,2026-07-20,115/07/20,2026-10-20,115/10/20,7500000,100%,14,0,153ad48a62ca4e959f21653a972ec7d2,2bfd12cf4ee14885b1d4784dfb527f96,https://cdn.taiwanlottery.com.tw/app/Images/Scratch/20260116_142919792_1.jpg,https://www.taiwanlottery.com/news/news/2bfd12cf4ee14885b1d4784dfb527f96
5126,"2,000萬超級紅包",本屆(2024/1/1起),8,2000,20000000,2026-01-20,115/01/20,2026-07-20,115/07/20,2026-10-20,115/10/20,11500092,100%,10,0,d9a57757c84248c58156534c9517f2bf,2bfd12cf4ee14885b1d4784dfb527f96,https://cdn.taiwanlottery.com.tw/app/Images/Scratch/20260116_142656293_1.jpg,https://www.taiwanlottery.com/news/news/2bfd12cf4ee14885b1d4784dfb527f96
5125,馬年行大運,本屆(2024/1/1起),10,100,50000,2026-01-06,115/01/06,2026-07-06,115/07/06,2026-10-06,115/10/06,8160000,100%,150,1,bab9b217a048437fb8e6fe4f5d4e5b2c,9fda9673aa7b495599c0f438e279cab0,https://cdn.taiwanlottery.com.tw/app/Images/Scratch/20251230_160812070_1.jpg,https://www.taiwanlottery.com/news/news/9fda9673aa7b495599c0f438e279cab0
5124,大三元,本屆(2024/1/1起),12,200,2000000,2026-01-06,115/01/06,2026-07-06,115/07/06,2026-10-06,115/10/06,7612900,93.6%,7,1,b5d4403dc49247f7885659c5e202a5dc,9fda9673aa7b495599c0f438e279cab0,https://cdn.taiwanlottery.com.tw/app/Images/Scratch/20251230_160631908_1.jpg,https://www.taiwanlottery.com/news/news/9fda9673aa7b495599c0f438e279cab0
5123,海底大尋寶,本屆(2024/1/1起),10,300,3000000,2026-01-06,115/01/06,2026-07-06,115/07/06,2026-10-06,115/10/06,10200000,100%,5,0,f77616908078479b98ff45e087d340a3,9fda9673aa7b495599c0f438e279cab0,https://cdn.taiwanlottery.com.tw/app/Images/Scratch/20251230_160420042_1.jpg,https://www.taiwanlottery.com/news/news/9fda9673aa7b495599c0f438e279cab0
5122,五路財神,本屆(2024/1/1起),9,500,5000000,2026-01-06,115/01/06,2026-07-06,115/07/06,2026-10-06,115/10/06,6500000,100%,8,0,30f7316dd58f43fbbcb780ade631b6da,9fda9673aa7b495599c0f438e279cab0,https://cdn.taiwanlottery.com.tw/app/Images/Scratch/20251230_160230422_1.jpg,https://www.taiwanlottery.com/news/news/9fda9673aa7b495599c0f438e279cab0
5121,"1,200萬大吉利",本屆(2024/1/1起),11,1000,12000000,2026-01-06,115/01/06,2026-07-06,115/07/06,2026-10-06,115/10/06,9500000,100%,8,0,47771d98d7074902978d40e09ff8105e,9fda9673aa7b495599c0f438e279cab0,https://cdn.taiwanlottery.com.tw/app/Images/Scratch/20251230_155724710_1.jpg,https://www.taiwanlottery.com/news/news/9fda9673aa7b495599c0f438e279cab0
5119,百萬年終獎金,本屆(2024/1/1起),10,200,1000000,2025-12-16,114/12/16,2026-06-16,115/06/16,2026-09-16,115/09/16,4590000,97.69%,60,1,a5ddb33595964b79838e20ecbb5a737c,ea9af4c54bd545c58852526f63c0704a,https://cdn.taiwanlottery.com.tw/app/Images/Scratch/20251209_144341139_1.jpg,https://www.taiwanlottery.com/news/news/ea9af4c54bd545c58852526f63c0704a
5117,鈔票一把抓,本屆(2024/1/1起),8,300,3000000,2025-12-02,114/12/02,2026-06-02,115/06/02,2026-09-02,115/09/02,6120000,99.53%,6,0,7085fb1a3cf546cd938d0e5e74e6d47d,20a8287363364b51a25a81de28f8e710,https://cdn.taiwanlottery.com.tw/app/Images/Scratch/20251126_142046471_1.jpg,https://www.taiwanlottery.com/news/news/20a8287363364b51a25a81de28f8e710
5116,好運強強滾,本屆(2024/1/1起),9,200,2000000,2025-11-18,114/11/18,2026-05-18,115/05/18,2026-08-18,115/08/18,4590000,66.78%,4,2,8af2c4b6a0464373af53395e5a7ff20f,8c26c4dad65043788ff7f4d176da7471,https://cdn.taiwanlottery.com.tw/app/Images/Scratch/20251111_170309353_1.jpg,https://www.taiwanlottery.com/news/news/8c26c4dad65043788ff7f4d176da7471
5115,獎金嘉年華,本屆(2024/1/1起),9,200,2000000,2025-11-18,114/11/18,2026-05-18,115/05/18,2026-08-18,115/08/18,6120000,98.35%,4,0,4a13c6a0c8e941349db0f3c9f6aba147,8c26c4dad65043788ff7f4d176da7471,https://cdn.taiwanlottery.com.tw/app/Images/Scratch/20251111_170051908_1.jpg,https://www.taiwanlottery.com/news/news/8c26c4dad65043788ff7f4d176da7471
5114,金鑽寶盒,本屆(2024/1/1起),11,200,2000000,2025-11-04,114/11/04,2026-05-04,115/05/04,2026-08-04,115/08/04,4590000,66.87%,3,2,7282030bbaf24602b267e414ce37b6ca,87fe49853c854b3cbfca407acc790fcf,https://cdn.taiwanlottery.com.tw/app/Images/Scratch/20251028_155955205_1.jpg,https://www.taiwanlottery.com/news/news/87fe49853c854b3cbfca407acc790fcf
5113,金牌777,本屆(2024/1/1起),11,500,5000000,2025-11-04,114/11/04,2026-05-04,115/05/04,2026-08-04,115/08/04,3500000,100%,4,0,ec6b3c42ca7340ca807a5b232738caba,87fe49853c854b3cbfca407acc790fcf,https://cdn.taiwanlottery.com.tw/app/Images/Scratch/20251028_155716795_1.jpg,https://www.taiwanlottery.com/news/news/87fe49853c854b3cbfca407acc790fcf
5112,歡樂賓果,本屆(2024/1/1起),7,100,300000,2025-10-17,114/10/17,2026-04-17,115/04/17,2026-07-20,115/07/20,6630000,99.99%,7,0,709fbacb84234f63966d4a05ed041d74,5b118ff42b8f4b309610b04bd6e7f12e,https://cdn.taiwanlottery.com.tw/app/Images/Scratch/20251008_162311734_1.jpg,https://www.taiwanlottery.com/news/news/5b118ff42b8f4b309610b04bd6e7f12e
5111,一路發,本屆(2024/1/1起),11,200,2000000,2025-10-17,114/10/17,2026-04-17,115/04/17,2026-07-20,115/07/20,4590000,72.96%,5,1,fcc2f4786a6a41179910252f1b1070d9,5b118ff42b8f4b309610b04bd6e7f12e,https://cdn.taiwanlottery.com.tw/app/Images/Scratch/20251008_162002582_1.jpg,https://www.taiwanlottery.com/news/news/5b118ff42b8f4b309610b04bd6e7f12e
5110,加倍旺,本屆(2024/1/1起),12,200,2000000,2025-10-01,114/10/01,2026-04-01,115/04/01,2026-07-01,115/07/01,4541900,67.34%,3,1,cac3d06973b141998c0440e10b313139,f3364cbcbe954dc5868599eaad47c575,https://cdn.taiwanlottery.com.tw/app/Images/Scratch/20250924_111432448_1.jpg,https://www.taiwanlottery.com/news/news/f3364cbcbe954dc5868599eaad47c575
5109,刮刮金樂透,本屆(2024/1/1起),8,200,2000000,2025-10-01,114/10/01,2026-04-01,115/04/01,2026-07-01,115/07/01,7140000,100%,8,0,6fba85d2b1a04e8db692f1fdb56f0fd3,f3364cbcbe954dc5868599eaad47c575,https://cdn.taiwanlottery.com.tw/app/Images/Scratch/20250924_111207866_1.jpg,https://www.taiwanlottery.com/news/news/f3364cbcbe954dc5868599eaad47c575
5108,金五吉,本屆(2024/1/1起),10,200,2000000,2025-09-16,114/09/16,2026-03-16,115/03/16,2026-06-16,115/06/16,4590000,66.9%,4,1,76642604b9c34b47a2ca2a74861c459e,446842de9cc5402a84583ad74919b563,https://cdn.taiwanlottery.com.tw/app/Images/Scratch/20250910_134525976_1.jpg,https://www.taiwanlottery.com/news/news/446842de9cc5402a84583ad74919b563
5107,星際尋寶,本屆(2024/1/1起),11,200,2000000,2025-09-16,114/09/16,2026-03-16,115/03/16,2026-06-16,115/06/16,4416200,36.22%,4,3,75f2d7050daa4c94a2fd17b940382498,446842de9cc5402a84583ad74919b563,https://cdn.taiwanlottery.com.tw/app/Images/Scratch/20250910_134105551_1.jpg,https://www.taiwanlottery.com/news/news/446842de9cc5402a84583ad74919b563
5106,歡樂雙星,本屆(2024/1/1起),11,200,2000000,2025-09-02,114/09/02,2026-03-02,115/03/02,2026-06-02,115/06/02,4590000,44.97%,4,1,c37e257bd91f41b9983d83560ef6b31e,e8deb267b7f1482bb6ab24cb5160a6d9,https://cdn.taiwanlottery.com.tw/app/Images/Scratch/20250827_165852405_1.jpg,https://www.taiwanlottery.com/news/news/e8deb267b7f1482bb6ab24cb5160a6d9
5105,無敵威力,本屆(2024/1/1起),10,300,3000000,2025-09-02,114/09/02,2026-03-02,115/03/02,2026-06-02,115/06/02,6630000,100%,3,0,4bc03b69c0b442b3b9b10400c372ef8e,e8deb267b7f1482bb6ab24cb5160a6d9,https://cdn.taiwanlottery.com.tw/app/Images/Scratch/20250827_164129130_1.jpg,https://www.taiwanlottery.com/news/news/e8deb267b7f1482bb6ab24cb5160a6d9
5104,金甜蜜,本屆(2024/1/1起),10,100,300000,2025-08-19,114/08/19,2026-02-23,115/02/23,2026-05-25,115/05/25,4590000,74.24%,4,2,95e450ced6d041a48ebe3dd732362f85,36683fc0f4ea4cde814313a14890ec7e,https://cdn.taiwanlottery.com.tw/app/Images/Scratch/20250812_173541303_1.jpg,https://www.taiwanlottery.com/news/news/36683fc0f4ea4cde814313a14890ec7e
5103,幸運接龍,本屆(2024/1/1起),10,200,2000000,2025-08-19,114/08/19,2026-02-23,115/02/23,2026-05-25,115/05/25,5100000,78.07%,4,1,eef36d75d0a14a07aaada0e42efd6ee2,36683fc0f4ea4cde814313a14890ec7e,https://cdn.taiwanlottery.com.tw/app/Images/Scratch/20250812_173334341_1.jpg,https://www.taiwanlottery.com/news/news/36683fc0f4ea4cde814313a14890ec7e
5102,好運發發,本屆(2024/1/1起),10,200,88000,2025-08-05,114/08/05,2026-02-05,115/02/05,2026-05-05,115/05/05,4590000,57.92%,88,46,885d82ebf743401bb03e80919388ebe9,7dfbb4a00cd34fa18972be0f636d3b44,https://cdn.taiwanlottery.com.tw/app/Images/Scratch/20250731_143645131_1.jpg,https://www.taiwanlottery.com/news/news/7dfbb4a00cd34fa18972be0f636d3b44
5101,"鈔級1,000萬",本屆(2024/1/1起),7,1000,10000000,2025-08-05,114/08/05,2026-02-05,115/02/05,2026-05-05,115/05/05,3000000,100%,3,0,f75dc54ddd29419f8c6f1560a9a4d213,7dfbb4a00cd34fa18972be0f636d3b44,https://cdn.taiwanlottery.com.tw/app/Images/Scratch/20250731_143110424_1.jpg,https://www.taiwanlottery.com/news/news/7dfbb4a00cd34fa18972be0f636d3b44
5100,財富滿載,本屆(2024/1/1起),11,200,2000000,2025-07-15,114/07/15,2026-01-15,115/01/15,2026-04-15,115/04/15,4549900,31.28%,4,2,f55f18e2623c4e8a8df2306548088c24,1ae2ee9ecdd04592847217cdbf9d28e8,https://cdn.taiwanlottery.com.tw/app/Images/Scratch/20250709_163155320_1.jpg,https://www.taiwanlottery.com/news/news/1ae2ee9ecdd04592847217cdbf9d28e8
5099,超級777,本屆(2024/1/1起),11,200,2000000,2025-07-15,114/07/15,2026-01-15,115/01/15,2026-04-15,115/04/15,6120000,94.55%,6,0,ebc779efa22f42c2b36e290c813b53e9,1ae2ee9ecdd04592847217cdbf9d28e8,https://cdn.taiwanlottery.com.tw/app/Images/Scratch/20250709_162849085_1.jpg,https://www.taiwanlottery.com/news/news/1ae2ee9ecdd04592847217cdbf9d28e8
5098,超級骰子樂,本屆(2024/1/1起),9,200,2000000,2025-07-01,114/07/01,2026-01-02,115/01/02,2026-04-07,115/04/07,4590000,37.77%,4,2,2d4b52da26bc40bcb0d201cd521706ed,2231952fb3064fd9a20c8cf4ae082230,https://cdn.taiwanlottery.com.tw/app/Images/Scratch/20250624_141907248_1.jpg,https://www.taiwanlottery.com/news/news/2231952fb3064fd9a20c8cf4ae082230
5097,黃金連線,本屆(2024/1/1起),8,200,2000000,2025-07-01,114/07/01,2026-01-02,115/01/02,2026-04-07,115/04/07,6120000,99.99%,6,0,06129daca5254829a75ac9326781e954,2231952fb3064fd9a20c8cf4ae082230,https://cdn.taiwanlottery.com.tw/app/Images/Scratch/20250624_141511946_1.jpg,https://www.taiwanlottery.com/news/news/2231952fb3064fd9a20c8cf4ae082230
5096,好運來6,本屆(2024/1/1起),10,100,600000,2025-06-17,114/06/17,2025-12-17,114/12/17,2026-03-17,115/03/17,4590000,66.58%,4,1,6fc9d3d6b768452d80313bd8e96278ac,0641ff5083a54fca92e7d804dc165dd5,https://cdn.taiwanlottery.com.tw/app/Images/Scratch/20250611_101906956_1.jpg,https://www.taiwanlottery.com/news/news/0641ff5083a54fca92e7d804dc165dd5
5095,金磚疊疊樂,本屆(2024/1/1起),10,200,2000000,2025-06-17,114/06/17,2025-12-17,114/12/17,2026-03-17,115/03/17,4078100,59.88%,3,1,f93f7211637d4dbda135c633253d6d54,0641ff5083a54fca92e7d804dc165dd5,https://cdn.taiwanlottery.com.tw/app/Images/Scratch/20250611_101657739_1.jpg,https://www.taiwanlottery.com/news/news/0641ff5083a54fca92e7d804dc165dd5
5094,歡樂扭蛋,本屆(2024/1/1起),11,200,2000000,2025-06-03,114/06/03,2025-12-03,114/12/03,2026-03-03,115/03/03,4080000,36.38%,3,2,cd54dab83b464f52bd0b5d3237c12e77,c736bdc89eeb4e9ebcd973048f98ec1d,https://cdn.taiwanlottery.com.tw/app/Images/Scratch/20250527_171230970_1.jpg,https://www.taiwanlottery.com/news/news/c736bdc89eeb4e9ebcd973048f98ec1d
5093,金麻將,本屆(2024/1/1起),11,300,3000000,2025-06-03,114/06/03,2025-12-03,114/12/03,2026-03-03,115/03/03,8101700,99.99%,8,0,b242d730e6dd4c4c9ddc408a5dab3ce4,c736bdc89eeb4e9ebcd973048f98ec1d,https://cdn.taiwanlottery.com.tw/app/Images/Scratch/20250527_171020982_1.jpg,https://www.taiwanlottery.com/news/news/c736bdc89eeb4e9ebcd973048f98ec1d
5092,金幣勝開,本屆(2024/1/1起),10,200,2000000,2025-05-20,114/05/20,2025-11-20,114/11/20,2026-02-23,115/02/23,4590000,39.58%,4,1,244a79556dba444ea3a2cab29c5d5e5a,0926027cb74b466d8add264f90aad4b3,https://cdn.taiwanlottery.com.tw/app/Images/Scratch/20250514_150307193_1.jpg,https://www.taiwanlottery.com/news/news/0926027cb74b466d8add264f90aad4b3
5091,獎金倍倍樂,本屆(2024/1/1起),12,200,2000000,2025-05-20,114/05/20,2025-11-20,114/11/20,2026-02-23,115/02/23,4540800,60.93%,4,0,96cbf211f2a4435fa8b7fe7eecd68b8d,0926027cb74b466d8add264f90aad4b3,https://cdn.taiwanlottery.com.tw/app/Images/Scratch/20250514_144906533_1.jpg,https://www.taiwanlottery.com/news/news/0926027cb74b466d8add264f90aad4b3
5090,粽夏狂歡,本屆(2024/1/1起),11,200,2000000,2025-05-06,114/05/06,2025-11-06,114/11/06,2026-02-06,115/02/06,4532700,30.53%,4,4,76de4942fd6640db847084e31445ed53,25f499b692fd451f9cf8d6060efb072c,https://cdn.taiwanlottery.com.tw/app/Images/Scratch/20250429_103011449_1.jpg,https://www.taiwanlottery.com/news/news/25f499b692fd451f9cf8d6060efb072c
5089,"樂刮$5,000",本屆(2024/1/1起),6,500,3000000,2025-05-06,114/05/06,2025-11-06,114/11/06,2026-02-06,115/02/06,3500000,100%,2,0,4bbd453f2b11416db968108c8d7f5142,25f499b692fd451f9cf8d6060efb072c,https://cdn.taiwanlottery.com.tw/app/Images/Scratch/20250429_102709197_1.jpg,https://www.taiwanlottery.com/news/news/25f499b692fd451f9cf8d6060efb072c
5088,金彩對對樂,本屆(2024/1/1起),10,200,2000000,2025-04-16,114/04/16,2025-10-31,114/10/31,2026-02-02,115/02/02,4590000,30.91%,4,2,8a1bf3cf7ae648e0bc787545a1baa42b,47b65635ea0b4dcfb2939f36c229c7e7,https://cdn.taiwanlottery.com.tw/app/Images/Scratch/20250410_154352316_1.jpg,https://www.taiwanlottery.com/news/news/47b65635ea0b4dcfb2939f36c229c7e7
5087,幸運開獎機,本屆(2024/1/1起),11,200,2000000,2025-04-16,114/04/16,2025-10-31,114/10/31,2026-02-02,115/02/02,6120000,100%,5,0,996556bfa1ad4fc09041f47ed7af3d5b,47b65635ea0b4dcfb2939f36c229c7e7,https://cdn.taiwanlottery.com.tw/app/Images/Scratch/20250410_153322281_1.jpg,https://www.taiwanlottery.com/news/news/47b65635ea0b4dcfb2939f36c229c7e7
5086,刮呱幸運星,本屆(2024/1/1起),10,100,300000,2025-04-02,114/04/02,2025-10-31,114/10/31,2026-02-02,115/02/02,4572600,74.5%,5,2,257db12a54e34be7aee9b186797438fa,79a2b30179954ab9aed2a1d72c344b23,https://cdn.taiwanlottery.com.tw/app/Images/Scratch/20250326_152523706_1.jpg,https://www.taiwanlottery.com/news/news/79a2b30179954ab9aed2a1d72c344b23
5085,好運連萌,本屆(2024/1/1起),10,200,2000000,2025-04-02,114/04/02,2025-10-31,114/10/31,2026-02-02,115/02/02,4590000,33.68%,4,4,2d5b83aeb4314f92b4728af27b0f409e,79a2b30179954ab9aed2a1d72c344b23,https://cdn.taiwanlottery.com.tw/app/Images/Scratch/20250326_152255594_1.jpg,https://www.taiwanlottery.com/news/news/79a2b30179954ab9aed2a1d72c344b23
5084,決勝贏家,本屆(2024/1/1起),9,200,2000000,2025-03-18,114/03/18,2025-09-18,114/09/18,2025-12-18,114/12/18,5100000,31.01%,3,2,7edacc40c2e6492089e574fd7b8ee9f4,8625af93ee7a4146a78faf4c64b46050,https://cdn.taiwanlottery.com.tw/app/Images/Scratch/20250312_145231453_1.jpg,https://www.taiwanlottery.com/news/news/8625af93ee7a4146a78faf4c64b46050
5083,"樂刮$2,000",本屆(2024/1/1起),7,200,1000000,2025-03-18,114/03/18,2025-09-18,114/09/18,2025-12-18,114/12/18,5100000,75.3%,4,0,e017c32fea2c4fdeac561f8dce01eac4,8625af93ee7a4146a78faf4c64b46050,https://cdn.taiwanlottery.com.tw/app/Images/Scratch/20250312_144323271_1.jpg,https://www.taiwanlottery.com/news/news/8625af93ee7a4146a78faf4c64b46050
5082,媽祖保庇,本屆(2024/1/1起),11,200,2000000,2025-03-04,114/03/04,2025-09-04,114/09/04,2025-12-04,114/12/04,5100000,32.91%,4,2,444a2cdb47384185a4bb08dda8642cca,a5783fd280e646a8b39e14ff1890afa0,https://cdn.taiwanlottery.com.tw/app/Images/Scratch/20250225_154238102_1.jpg,https://www.taiwanlottery.com/news/news/a5783fd280e646a8b39e14ff1890afa0
5081,無敵777,本屆(2024/1/1起),12,300,3000000,2025-03-04,114/03/04,2025-09-04,114/09/04,2025-12-04,114/12/04,5934000,99.94%,5,0,5c6d970d5c6e4a0292db9718060a17e9,a5783fd280e646a8b39e14ff1890afa0,https://cdn.taiwanlottery.com.tw/app/Images/Scratch/20250225_153936676_1.jpg,https://www.taiwanlottery.com/news/news/a5783fd280e646a8b39e14ff1890afa0
5080,歡樂比大小,本屆(2024/1/1起),11,200,2000000,2025-02-18,114/02/18,2025-08-18,114/08/18,2025-11-18,114/11/18,6075900,31.54%,6,4,358f26621da84997ace5cf210105ed34,6ba1763cb32c4f75a2e76fb1fd0c5305,https://cdn.taiwanlottery.com.tw/app/Images/Scratch/20250212_133316072_1.jpg,https://www.taiwanlottery.com/news/news/6ba1763cb32c4f75a2e76fb1fd0c5305
5079,鈔票滿天飛,本屆(2024/1/1起),10,200,2000000,2025-02-18,114/02/18,2025-08-18,114/08/18,2025-11-18,114/11/18,6120000,32.54%,7,7,3e5b9f481d71490c97fa16f192a52cdb,6ba1763cb32c4f75a2e76fb1fd0c5305,https://cdn.taiwanlottery.com.tw/app/Images/Scratch/20250212_133028008_1.jpg,https://www.taiwanlottery.com/news/news/6ba1763cb32c4f75a2e76fb1fd0c5305
5078,招財貓,本屆(2024/1/1起),11,100,300000,2025-02-04,114/02/04,2025-08-04,114/08/04,2025-11-04,114/11/04,6120000,80.77%,5,0,1c96b0cfe3a24c13a73eb2a2a2cf606b,82b6e95d11814ffc9276861109f88daa,https://cdn.taiwanlottery.com.tw/app/Images/Scratch/20250122_104226000_1.jpg,https://www.taiwanlottery.com/news/news/82b6e95d11814ffc9276861109f88daa
5077,鑽很大,本屆(2024/1/1起),9,500,5000000,2025-02-04,114/02/04,2025-08-04,114/08/04,2025-11-04,114/11/04,4000000,100%,4,0,f05b96b63c8a4b6a94f1ce188bb87f70,82b6e95d11814ffc9276861109f88daa,https://cdn.taiwanlottery.com.tw/app/Images/Scratch/20250122_103741848_1.jpg,https://www.taiwanlottery.com/news/news/82b6e95d11814ffc9276861109f88daa
5076,旺旺來,本屆(2024/1/1起),10,100,300000,2025-01-20,114/01/20,2025-07-21,114/07/21,2025-10-29,114/10/29,8160000,80.91%,7,0,d8d8e823bc3a43d7b555a79ebeda034b,7b19d3e70ecf40758c8b6d5ef37af40c,https://cdn.taiwanlottery.com.tw/app/Images/Scratch/20250115_144059549_1.jpg,https://www.taiwanlottery.com/news/news/7b19d3e70ecf40758c8b6d5ef37af40c
5075,超速777,本屆(2024/1/1起),12,100,700000,2025-01-20,114/01/20,2025-07-21,114/07/21,2025-10-29,114/10/29,8160000,97.95%,6,0,bd20390f55ff40cc9aebab7ea39edae8,7b19d3e70ecf40758c8b6d5ef37af40c,https://cdn.taiwanlottery.com.tw/app/Images/Scratch/20250115_143602056_1.jpg,https://www.taiwanlottery.com/news/news/7b19d3e70ecf40758c8b6d5ef37af40c
5074,恭喜發財,本屆(2024/1/1起),11,200,2000000,2025-01-20,114/01/20,2025-07-21,114/07/21,2025-10-29,114/10/29,8160000,68.6%,8,3,f038dfbd12cc4215a42fe8afbfea0d33,7b19d3e70ecf40758c8b6d5ef37af40c,https://cdn.taiwanlottery.com.tw/app/Images/Scratch/20250115_143123719_1.jpg,https://www.taiwanlottery.com/news/news/7b19d3e70ecf40758c8b6d5ef37af40c
5073,蛇麼都發,本屆(2024/1/1起),10,200,2000000,2025-01-20,114/01/20,2025-07-21,114/07/21,2025-10-29,114/10/29,8160000,72.1%,6,2,459b2551c9a94ad2888a28044b606620,7b19d3e70ecf40758c8b6d5ef37af40c,https://cdn.taiwanlottery.com.tw/app/Images/Scratch/20250115_142902694_1.jpg,https://www.taiwanlottery.com/news/news/7b19d3e70ecf40758c8b6d5ef37af40c
5072,招財進寶,本屆(2024/1/1起),9,500,5000000,2025-01-20,114/01/20,2025-07-21,114/07/21,2025-10-29,114/10/29,5000000,100%,4,0,3c1c19e4fa7148ccbae7f26d76b397f2,7b19d3e70ecf40758c8b6d5ef37af40c,https://cdn.taiwanlottery.com.tw/app/Images/Scratch/20250115_142445836_1.jpg,https://www.taiwanlottery.com/news/news/7b19d3e70ecf40758c8b6d5ef37af40c
5071,聚寶盆,本屆(2024/1/1起),13,100,500000,2025-01-13,114/01/13,2025-07-14,114/07/14,2025-10-14,114/10/14,8160000,79.78%,8,0,583c16a380394f8e816cc6862e17a347,d3d42f8f549e445e9758d1cde1020e99,https://cdn.taiwanlottery.com.tw/app/Images/Scratch/20250108_143850775_1.jpg,https://www.taiwanlottery.com/news/news/d3d42f8f549e445e9758d1cde1020e99
5070,金蛇報喜,本屆(2024/1/1起),8,200,100000,2025-01-13,114/01/13,2025-07-14,114/07/14,2025-10-14,114/10/14,8160000,80.18%,600,132,ea999a04fc284233ba12b91af007098f,d3d42f8f549e445e9758d1cde1020e99,https://cdn.taiwanlottery.com.tw/app/Images/Scratch/20250108_143624237_1.jpg,https://www.taiwanlottery.com/news/news/d3d42f8f549e445e9758d1cde1020e99
5069,黃金滿屋,本屆(2024/1/1起),12,200,2000000,2025-01-13,114/01/13,2025-07-14,114/07/14,2025-10-14,114/10/14,8056100,83.27%,9,1,270bef427364421baaf4c9419bc04aab,d3d42f8f549e445e9758d1cde1020e99,https://cdn.taiwanlottery.com.tw/app/Images/Scratch/20250108_143059752_1.jpg,https://www.taiwanlottery.com/news/news/d3d42f8f549e445e9758d1cde1020e99
5068,財神發紅包,本屆(2024/1/1起),9,500,5000000,2025-01-13,114/01/13,2025-07-14,114/07/14,2025-10-14,114/10/14,6000000,100%,8,0,3c0d0915776641e8a056ad691cb265d7,d3d42f8f549e445e9758d1cde1020e99,https://cdn.taiwanlottery.com.tw/app/Images/Scratch/20250108_142718438_1.jpg,https://www.taiwanlottery.com/news/news/d3d42f8f549e445e9758d1cde1020e99
5067,"1,200萬大吉利",本屆(2024/1/1起),11,1000,12000000,2025-01-13,114/01/13,2025-07-14,114/07/14,2025-10-14,114/10/14,7000000,100%,6,0,74322299531843809f36677552f03237,d3d42f8f549e445e9758d1cde1020e99,https://cdn.taiwanlottery.com.tw/app/Images/Scratch/20250108_140725361_1.jpg,https://www.taiwanlottery.com/news/news/d3d42f8f549e445e9758d1cde1020e99
5066,蛇年行大運,本屆(2024/1/1起),10,100,50000,2025-01-03,114/01/03,2025-07-03,114/07/03,2025-10-07,114/10/07,8160000,99.77%,150,3,da2a5348c95c44ffbe1c616a527d632c,345ce4a8f8354fee84940b0f7729cc5d,https://cdn.taiwanlottery.com.tw/app/Images/Scratch/20250102_134450052_1.jpg,https://www.taiwanlottery.com/news/news/345ce4a8f8354fee84940b0f7729cc5d
5065,祈福開運,本屆(2024/1/1起),10,200,2000000,2025-01-03,114/01/03,2025-07-03,114/07/03,2025-10-07,114/10/07,8160000,67%,6,1,afd52e4e3c9e4250938bac42ef7bd2d7,345ce4a8f8354fee84940b0f7729cc5d,https://cdn.taiwanlottery.com.tw/app/Images/Scratch/20250102_134031759_1.jpg,https://www.taiwanlottery.com/news/news/345ce4a8f8354fee84940b0f7729cc5d
5064,年貨大街,本屆(2024/1/1起),10,200,2000000,2025-01-03,114/01/03,2025-07-03,114/07/03,2025-10-07,114/10/07,8160000,56.21%,6,3,f00110b5dde64b7d97ed554796ebdcc9,345ce4a8f8354fee84940b0f7729cc5d,https://cdn.taiwanlottery.com.tw/app/Images/Scratch/20250102_133659878_1.jpg,https://www.taiwanlottery.com/news/news/345ce4a8f8354fee84940b0f7729cc5d
5063,鈔票一把抓,本屆(2024/1/1起),8,300,3000000,2025-01-03,114/01/03,2025-07-03,114/07/03,2025-10-07,114/10/07,8160000,99.9%,8,0,3fecbe4cb7b0487a92ff98752d628dd7,345ce4a8f8354fee84940b0f7729cc5d,https://cdn.taiwanlottery.com.tw/app/Images/Scratch/20250102_114231373_1.jpg,https://www.taiwanlottery.com/news/news/345ce4a8f8354fee84940b0f7729cc5d
5062,金蛇獎,本屆(2024/1/1起),13,500,3000000,2025-01-03,114/01/03,2025-07-03,114/07/03,2025-10-07,114/10/07,7000000,99.99%,13,0,18ab9ace8f67423ab05f744b22554cb2,345ce4a8f8354fee84940b0f7729cc5d,https://cdn.taiwanlottery.com.tw/app/Images/Scratch/20250102_113829437_1.jpg,https://www.taiwanlottery.com/news/news/345ce4a8f8354fee84940b0f7729cc5d
5061,"2,000萬超級紅包",本屆(2024/1/1起),8,2000,20000000,2025-01-03,114/01/03,2025-07-03,114/07/03,2025-10-07,114/10/07,11500092,100%,10,0,d8eb89c08d8d43c9a8c97272464bdac7,345ce4a8f8354fee84940b0f7729cc5d,https://cdn.taiwanlottery.com.tw/app/Images/Scratch/20250102_113245346_1.jpg,https://www.taiwanlottery.com/news/news/345ce4a8f8354fee84940b0f7729cc5d
5060,超級幸運星,本屆(2024/1/1起),10,200,2000000,2024-12-17,113/12/17,2025-06-17,114/06/17,2025-09-17,114/09/17,6120000,35.28%,5,3,fcc4371bd59a4ba7899ba43da3bf687c,2d0bb5b7ba6f496faf71306094d74997,https://cdn.taiwanlottery.com.tw/app/Images/Scratch/20241211_134759055_1.jpg,https://www.taiwanlottery.com/news/news/2d0bb5b7ba6f496faf71306094d74997
5059,心想事成,本屆(2024/1/1起),10,200,2000000,2024-12-17,113/12/17,2025-06-17,114/06/17,2025-09-17,114/09/17,6120000,37.27%,5,2,8ac7c810bd95430c9ed32c977c9dc098,2d0bb5b7ba6f496faf71306094d74997,https://cdn.taiwanlottery.com.tw/app/Images/Scratch/20241211_134257685_1.jpg,https://www.taiwanlottery.com/news/news/2d0bb5b7ba6f496faf71306094d74997
5058,歡樂賓果,本屆(2024/1/1起),7,100,300000,2024-12-03,113/12/03,2025-06-03,114/06/03,2025-09-03,114/09/03,6120000,99.26%,6,0,9ae77902b5584554bb055fe966a6e96f,dd8deae7e8da4e2c9f9437f0b3f2f7f4,https://cdn.taiwanlottery.com.tw/app/Images/Scratch/20241127_154319235_1.jpg,https://www.taiwanlottery.com/news/news/dd8deae7e8da4e2c9f9437f0b3f2f7f4
5057,百萬響叮噹,本屆(2024/1/1起),9,200,1000000,2024-12-03,113/12/03,2025-06-03,114/06/03,2025-09-03,114/09/03,6120000,43.51%,50,28,b8bb4fc3e87444c29d08d36ae84c5c28,dd8deae7e8da4e2c9f9437f0b3f2f7f4,https://cdn.taiwanlottery.com.tw/app/Images/Scratch/20241127_154058540_1.jpg,https://www.taiwanlottery.com/news/news/dd8deae7e8da4e2c9f9437f0b3f2f7f4
5056,猜拳高手,本屆(2024/1/1起),11,200,2000000,2024-11-19,113/11/19,2025-05-19,114/05/19,2025-08-19,114/08/19,6120000,38.73%,6,5,6594af077fd94278ae5cc31ac3d009c7,a9de82438a4446279e38cfdeb80dbd83,https://cdn.taiwanlottery.com.tw/app/Images/Scratch/20241112_165518098_1.jpg,https://www.taiwanlottery.com/news/news/a9de82438a4446279e38cfdeb80dbd83
5055,金幣大作戰,本屆(2024/1/1起),10,300,3000000,2024-11-19,113/11/19,2025-05-19,114/05/19,2025-08-19,114/08/19,6120000,81.66%,3,0,8d76d7ca938b41f797bf47d3a6724edc,a9de82438a4446279e38cfdeb80dbd83,https://cdn.taiwanlottery.com.tw/app/Images/Scratch/20241112_165145230_1.jpg,https://www.taiwanlottery.com/news/news/a9de82438a4446279e38cfdeb80dbd83
5054,歡樂鑽滿天,本屆(2024/1/1起),11,200,2000000,2024-11-05,113/11/05,2025-05-05,114/05/05,2025-08-08,114/08/08,6048000,37.88%,6,4,72ba8f7b19224faf9c21788c4d56783f,e88fb2263b7e4e3f8d878bd333e33eaa,https://cdn.taiwanlottery.com.tw/app/Images/Scratch/20241030_161939094_1.jpg,https://www.taiwanlottery.com/news/news/e88fb2263b7e4e3f8d878bd333e33eaa
5053,獎金樂翻倍,本屆(2024/1/1起),10,200,2000000,2024-11-05,113/11/05,2025-05-05,114/05/05,2025-08-08,114/08/08,6103000,92.64%,5,1,42d9f545d5fb444689b8c504eefac83b,e88fb2263b7e4e3f8d878bd333e33eaa,https://cdn.taiwanlottery.com.tw/app/Images/Scratch/20241030_161601047_1.jpg,https://www.taiwanlottery.com/news/news/e88fb2263b7e4e3f8d878bd333e33eaa
5052,哈樂贏,本屆(2024/1/1起),10,200,2000000,2024-10-16,113/10/16,2025-04-16,114/04/16,2025-07-16,114/07/16,6120000,33.79%,5,3,54e2e974504443be81dfd1d77d073e1d,a653b9164f4545aab56c1d787a978a88,https://cdn.taiwanlottery.com.tw/app/Images/Scratch/20241009_133816459_1.jpg,https://www.taiwanlottery.com/news/news/a653b9164f4545aab56c1d787a978a88
5051,10來添金,本屆(2024/1/1起),9,500,5000000,2024-10-16,113/10/16,2025-04-16,114/04/16,2025-07-16,114/07/16,3000000,100%,3,0,6e80f423d0794d1098824bc82a48f350,a653b9164f4545aab56c1d787a978a88,https://cdn.taiwanlottery.com.tw/app/Images/Scratch/20241009_133502805_1.jpg,https://www.taiwanlottery.com/news/news/a653b9164f4545aab56c1d787a978a88
5050,萬勝大吉,本屆(2024/1/1起),10,100,500000,2024-10-02,113/10/02,2025-04-08,114/04/08,2025-07-14,114/07/14,5610000,51.55%,5,3,1b10a3565d0a40f6a7bd4d4f00a680a5,a5f63783aced41e4be7744c2788653c7,https://cdn.taiwanlottery.com.tw/app/Images/Scratch/20240926_165545587_1.jpg,https://www.taiwanlottery.com/news/news/a5f63783aced41e4be7744c2788653c7
5049,必勝派對,本屆(2024/1/1起),11,200,2000000,2024-10-02,113/10/02,2025-04-08,114/04/08,2025-07-14,114/07/14,5610000,38.8%,5,4,7b1c654b7ee44912b0f9b9169e02b064,a5f63783aced41e4be7744c2788653c7,https://cdn.taiwanlottery.com.tw/app/Images/Scratch/20240926_165100257_1.jpg,https://www.taiwanlottery.com/news/news/a5f63783aced41e4be7744c2788653c7
5048,一路發,本屆(2024/1/1起),11,200,2000000,2024-09-18,113/09/18,2025-03-18,114/03/18,2025-06-18,114/06/18,5610000,58.88%,6,3,62cedf3da43b48faacb93995b7709a25,ea2164f089ea433199acb912dd767dcf,https://cdn.taiwanlottery.com.tw/app/Images/Scratch/20240911_095224983_1.jpg,https://www.taiwanlottery.com/news/news/ea2164f089ea433199acb912dd767dcf
5047,金愛台灣,本屆(2024/1/1起),10,200,2000000,2024-09-18,113/09/18,2025-03-18,114/03/18,2025-06-18,114/06/18,5610000,31.95%,5,4,934bda08e5d641878b905c25e8292ca3,ea2164f089ea433199acb912dd767dcf,https://cdn.taiwanlottery.com.tw/app/Images/Scratch/20240911_094807999_1.jpg,https://www.taiwanlottery.com/news/news/ea2164f089ea433199acb912dd767dcf
5046,加倍旺,本屆(2024/1/1起),12,200,2000000,2024-09-03,113/09/03,2025-03-03,114/03/03,2025-06-03,114/06/03,5610000,56.75%,4,1,195b6f9fcadf4faa93e06946e9d31c38,b8d3c5d7e5a5492298b48f8998f85f0b,https://cdn.taiwanlottery.com.tw/app/Images/Scratch/20240828_093454740_1.jpg,https://www.taiwanlottery.com/news/news/b8d3c5d7e5a5492298b48f8998f85f0b
5045,無敵威力,本屆(2024/1/1起),10,300,3000000,2024-09-03,113/09/03,2025-03-03,114/03/03,2025-06-03,114/06/03,6120000,99.98%,3,0,cee7103325044518936e881a05098bb6,b8d3c5d7e5a5492298b48f8998f85f0b,https://cdn.taiwanlottery.com.tw/app/Images/Scratch/20240828_093129077_1.jpg,https://www.taiwanlottery.com/news/news/b8d3c5d7e5a5492298b48f8998f85f0b
5044,金喜圓滿,本屆(2024/1/1起),11,200,2000000,2024-08-20,113/08/20,2025-02-20,114/02/20,2025-05-20,114/05/20,5610000,35.14%,5,3,1fd03cea2ac14b7592b35ccbba0aa65e,a145f3642ad7411ab848efe898b2e9bf,https://cdn.taiwanlottery.com.tw/app/Images/Scratch/20240813_141911674_1.jpg,https://www.taiwanlottery.com/news/news/a145f3642ad7411ab848efe898b2e9bf
5043,"1,000萬大富翁",本屆(2024/1/1起),7,1000,10000000,2024-08-20,113/08/20,2025-02-20,114/02/20,2025-05-20,114/05/20,2500000,100%,3,0,788bba4aaba442b1bfda11eb30e0ef67,a145f3642ad7411ab848efe898b2e9bf,https://cdn.taiwanlottery.com.tw/app/Images/Scratch/20240813_140856849_1.jpg,https://www.taiwanlottery.com/news/news/a145f3642ad7411ab848efe898b2e9bf
5042,錢進888,本屆(2024/1/1起),11,100,800000,2024-08-06,113/08/06,2025-02-06,114/02/06,2025-05-06,114/05/06,6120000,53.19%,4,2,33c6f6cf43c942938ebbe371f9c681f3,f9f92c17136447e5b242e312d203b379,https://cdn.taiwanlottery.com.tw/app/Images/Scratch/20240731_105821782_1.jpg,https://www.taiwanlottery.com/news/news/f9f92c17136447e5b242e312d203b379
5041,點食成金,本屆(2024/1/1起),11,200,2000000,2024-08-06,113/08/06,2025-02-06,114/02/06,2025-05-06,114/05/06,5610000,29.53%,5,4,23c83a2f2a6c44b29c54c9632177c692,f9f92c17136447e5b242e312d203b379,https://cdn.taiwanlottery.com.tw/app/Images/Scratch/20240731_105534044_1.jpg,https://www.taiwanlottery.com/news/news/f9f92c17136447e5b242e312d203b379
5040,喜八啦,本屆(2024/1/1起),12,200,2000000,2024-07-16,113/07/16,2025-01-16,114/01/16,2025-04-16,114/04/16,6044500,29.13%,4,2,33fa9607ac864de1b14360ccdc4fd3b4,969ace5d0e624905968b8e86f75576ad,https://cdn.taiwanlottery.com.tw/app/Images/Scratch/20240710_162808075_1.jpg,https://www.taiwanlottery.com/news/news/969ace5d0e624905968b8e86f75576ad
5039,麻將賓果,本屆(2024/1/1起),8,200,2000000,2024-07-16,113/07/16,2025-01-16,114/01/16,2025-04-16,114/04/16,6042000,99.95%,5,0,f1063b9e39fd4eeb98c74b8a16b33460,969ace5d0e624905968b8e86f75576ad,https://cdn.taiwanlottery.com.tw/app/Images/Scratch/20240710_161652988_1.jpg,https://www.taiwanlottery.com/news/news/969ace5d0e624905968b8e86f75576ad
5038,雙寵好運,本屆(2024/1/1起),11,200,2000000,2024-07-02,113/07/02,2025-01-02,114/01/02,2025-04-02,114/04/02,6042000,28.63%,6,6,de85cbf2a53d4e51b7a1881bdc6c0a5e,67215a7c6da649778d1b60ea8632acbd,https://cdn.taiwanlottery.com.tw/app/Images/Scratch/20240626_171734192_1.jpg,https://www.taiwanlottery.com/news/news/67215a7c6da649778d1b60ea8632acbd
5037,尋寶派對,本屆(2024/1/1起),10,200,2000000,2024-07-02,113/07/02,2025-01-02,114/01/02,2025-04-02,114/04/02,6016700,32.37%,5,4,ecbd795cde9e42e1b78167d8fd680856,67215a7c6da649778d1b60ea8632acbd,https://cdn.taiwanlottery.com.tw/app/Images/Scratch/20240626_170850685_1.jpg,https://www.taiwanlottery.com/news/news/67215a7c6da649778d1b60ea8632acbd
5036,刮刮金樂透,本屆(2024/1/1起),8,200,2000000,2024-06-18,113/06/18,2024-12-18,113/12/18,2025-03-18,114/03/18,6120000,99.97%,7,0,e68ccfc2c861403aac2325eeb0f731a9,f5f6ad0f66b5483f878a334191119d43,https://cdn.taiwanlottery.com.tw/app/Images/Scratch/20240612_104333681_1.jpg,https://www.taiwanlottery.com/news/news/f5f6ad0f66b5483f878a334191119d43
5035,幸運10倍,本屆(2024/1/1起),10,100,300000,2024-06-04,113/06/04,2024-12-04,113/12/04,2025-03-04,114/03/04,6120000,67.02%,3,0,7bfab5d99ba54d7ab44e0f36cb96f998,1fb60510c131421bafade35d9459b627,https://cdn.taiwanlottery.com.tw/app/Images/Scratch/20240529_112252793_1.jpg,https://www.taiwanlottery.com/news/news/1fb60510c131421bafade35d9459b627
5034,超級20倍,本屆(2024/1/1起),11,200,2000000,2024-06-04,113/06/04,2024-12-04,113/12/04,2025-03-04,114/03/04,6120000,57.6%,3,2,8d007576b3f64a3bb932c25517378f2c,1fb60510c131421bafade35d9459b627,https://cdn.taiwanlottery.com.tw/app/Images/Scratch/20240529_104419811_1.jpg,https://www.taiwanlottery.com/news/news/1fb60510c131421bafade35d9459b627
5033,無敵30倍,本屆(2024/1/1起),13,300,3000000,2024-06-04,113/06/04,2024-12-04,113/12/04,2025-03-04,114/03/04,6120000,99.93%,3,0,8f2974e697ef480489e54c3572aaa4d3,1fb60510c131421bafade35d9459b627,https://cdn.taiwanlottery.com.tw/app/Images/Scratch/20240529_103347253_1.jpg,https://www.taiwanlottery.com/news/news/1fb60510c131421bafade35d9459b627
5032,金喜連連,本屆(2024/1/1起),12,100,500000,2024-05-21,113/05/21,2024-11-21,113/11/21,2025-02-21,114/02/21,6120000,47.41%,6,3,bb1c16f7bc584e0aa0de3f119d10f212,2d83df1f86ba4a5caf473af88e2743b1,https://cdn.taiwanlottery.com.tw/app/Images/Scratch/20240513_132334155_1.jpg,https://www.taiwanlottery.com/news/news/2d83df1f86ba4a5caf473af88e2743b1
5031,"樂刮$2,000",本屆(2024/1/1起),7,200,1000000,2024-05-21,113/05/21,2024-11-21,113/11/21,2025-02-21,114/02/21,6042700,66.61%,5,2,677fcf90607d401b8bfe190e3c7ad795,2d83df1f86ba4a5caf473af88e2743b1,https://cdn.taiwanlottery.com.tw/app/Images/Scratch/20240513_115922276_1.jpg,https://www.taiwanlottery.com/news/news/2d83df1f86ba4a5caf473af88e2743b1
5030,歡喜慶端午,本屆(2024/1/1起),11,200,2000000,2024-05-07,113/05/07,2024-11-07,113/11/07,2025-02-07,114/02/07,6079700,39.93%,5,4,547a0271849f4c1aad7ac74399fe6b3e,af2018627b72428f9984b1aaddccbfab,https://cdn.taiwanlottery.com.tw/app/Images/Scratch/20240430_100454664_1.jpg,https://www.taiwanlottery.com/news/news/af2018627b72428f9984b1aaddccbfab
5029,財氣爆棚,本屆(2024/1/1起),9,500,5000000,2024-05-07,113/05/07,2024-11-07,113/11/07,2025-02-07,114/02/07,3000000,100%,3,0,d273c6e2450740d8af314876660060bb,af2018627b72428f9984b1aaddccbfab,https://cdn.taiwanlottery.com.tw/app/Images/Scratch/20240430_100041547_1.jpg,https://www.taiwanlottery.com/news/news/af2018627b72428f9984b1aaddccbfab
5028,歡樂向錢衝,本屆(2024/1/1起),11,200,2000000,2024-04-18,113/04/18,2024-10-18,113/10/18,2025-01-20,114/01/20,6120000,40.01%,6,4,dd7a52bbf84e4c0cbd89d159a9ded072,4d1bbb6a7e41425ebb2d4736ac70b805,https://cdn.taiwanlottery.com.tw/app/Images/Scratch/20240412_183919707_1.jpg,https://www.taiwanlottery.com/news/news/4d1bbb6a7e41425ebb2d4736ac70b805
5027,獎金嘉年華,本屆(2024/1/1起),9,200,2000000,2024-04-18,113/04/18,2024-10-18,113/10/18,2025-01-20,114/01/20,6116500,87.48%,4,0,f0882ecd5e9e49eaace591854fe311d9,4d1bbb6a7e41425ebb2d4736ac70b805,https://cdn.taiwanlottery.com.tw/app/Images/Scratch/20240412_183542380_1.jpg,https://www.taiwanlottery.com/news/news/4d1bbb6a7e41425ebb2d4736ac70b805
5026,幸運投籃機,本屆(2024/1/1起),8,100,300000,2024-04-09,113/04/09,2024-10-09,113/10/09,2025-01-10,114/01/10,6120000,50.23%,6,1,560f719acb814024a3802eff3ed50a80,8aafeda0b5714c179ebe9eaf9272bade,https://cdn.taiwanlottery.com.tw/app/Images/Scratch/20240401_171600326_1.jpg,https://www.taiwanlottery.com/news/news/8aafeda0b5714c179ebe9eaf9272bade
5025,轉出好運,本屆(2024/1/1起),11,200,2000000,2024-04-09,113/04/09,2024-10-09,113/10/09,2025-01-10,114/01/10,6120000,49.56%,5,3,fbd0668ec6cf4946be0862989b9d5e56,8aafeda0b5714c179ebe9eaf9272bade,https://cdn.taiwanlottery.com.tw/app/Images/Scratch/20240401_171127016_1.jpg,https://www.taiwanlottery.com/news/news/8aafeda0b5714c179ebe9eaf9272bade
5024,瘋狂跳舞機,本屆(2024/1/1起),12,100,600000,2024-03-19,113/03/19,2024-09-19,113/09/19,2024-12-19,113/12/19,6120000,59.21%,6,4,fa2c665a96154382984205fb130c2880,88c8757f4c3c41218ce753cc80cdee37,https://cdn.taiwanlottery.com.tw/app/Images/Scratch/20240312_101412024_1.jpg,https://www.taiwanlottery.com/news/news/88c8757f4c3c41218ce753cc80cdee37
5023,幸運拉霸,本屆(2024/1/1起),10,200,2000000,2024-03-19,113/03/19,2024-09-19,113/09/19,2024-12-19,113/12/19,6120000,48.62%,6,3,b998dc2d20a2407382fcf8f091b955e8,88c8757f4c3c41218ce753cc80cdee37,https://cdn.taiwanlottery.com.tw/app/Images/Scratch/20240312_101007924_1.jpg,https://www.taiwanlottery.com/news/news/88c8757f4c3c41218ce753cc80cdee37
5022,鈔票滿天飛,本屆(2024/1/1起),10,200,2000000,2024-03-05,113/03/05,2024-09-05,113/09/05,2024-12-05,113/12/05,6120000,66.75%,7,3,58abc1f0c98743259e32b9276693d91d,0ad696f042c04a038ebc73f365888c6f,https://cdn.taiwanlottery.com.tw/app/Images/Scratch/20240227_163123731_1.jpg,https://www.taiwanlottery.com/news/news/0ad696f042c04a038ebc73f365888c6f
5021,海底大尋寶,本屆(2024/1/1起),10,300,3000000,2024-03-05,113/03/05,2024-09-05,113/09/05,2024-12-05,113/12/05,6022600,100%,3,0,cff4a90702474d928bc2aeb6cb337c96,0ad696f042c04a038ebc73f365888c6f,https://cdn.taiwanlottery.com.tw/app/Images/Scratch/20240227_162615329_1.jpg,https://www.taiwanlottery.com/news/news/0ad696f042c04a038ebc73f365888c6f
5020,超級777,本屆(2024/1/1起),11,200,2000000,2024-02-20,113/02/20,2024-08-20,113/08/20,2024-11-20,113/11/20,6062800,99.53%,6,1,38e1fd8877234149b053752ef8c6d4a1,bf54ed78dc6e4d669ad2529a64965183,https://cdn.taiwanlottery.com.tw/app/Images/Scratch/20240207_134145126_1.jpg,https://www.taiwanlottery.com/news/news/bf54ed78dc6e4d669ad2529a64965183
5019,釣魚高手,本屆(2024/1/1起),11,200,2000000,2024-02-20,113/02/20,2024-08-20,113/08/20,2024-11-20,113/11/20,6120000,89.18%,6,1,982da0d7ec6a4621aea613a3a7217384,bf54ed78dc6e4d669ad2529a64965183,https://cdn.taiwanlottery.com.tw/app/Images/Scratch/20240207_133513147_1.jpg,https://www.taiwanlottery.com/news/news/bf54ed78dc6e4d669ad2529a64965183
5018,超級麻將,本屆(2024/1/1起),9,500,5000000,2024-02-20,113/02/20,2024-08-20,113/08/20,2024-11-20,113/11/20,4000000,100%,5,0,7aae2f335beb4e788ba55c555dc96279,bf54ed78dc6e4d669ad2529a64965183,https://cdn.taiwanlottery.com.tw/app/Images/Scratch/20240207_133100972_1.jpg,https://www.taiwanlottery.com/news/news/bf54ed78dc6e4d669ad2529a64965183
5017,良橙吉時,本屆(2024/1/1起),10,100,300000,2024-01-30,113/01/30,2024-07-30,113/07/30,2024-11-07,113/11/07,8160000,73.46%,7,0,0cef2d53d65445bface728747dd41e62,b67a9c429d79436e80d9ceb4efd731c7,https://cdn.taiwanlottery.com.tw/app/Images/Scratch/20240124_155731053_1.jpg,https://www.taiwanlottery.com/news/news/b67a9c429d79436e80d9ceb4efd731c7
5016,龍年行大運,本屆(2024/1/1起),10,100,50000,2024-01-30,113/01/30,2024-07-30,113/07/30,2024-11-07,113/11/07,8160000,88.96%,150,22,be617250fb8d41d7878aa55fda88ab8c,b67a9c429d79436e80d9ceb4efd731c7,https://cdn.taiwanlottery.com.tw/app/Images/Scratch/20240124_155032614_1.jpg,https://www.taiwanlottery.com/news/news/b67a9c429d79436e80d9ceb4efd731c7
5015,龍來發,本屆(2024/1/1起),11,200,2000000,2024-01-30,113/01/30,2024-07-30,113/07/30,2024-11-07,113/11/07,8160000,79.1%,8,1,ff66b94963a1481eb1ade951f33ffe9a,b67a9c429d79436e80d9ceb4efd731c7,https://cdn.taiwanlottery.com.tw/app/Images/Scratch/20240124_154459660_1.jpg,https://www.taiwanlottery.com/news/news/b67a9c429d79436e80d9ceb4efd731c7
5014,恭喜發財,本屆(2024/1/1起),11,200,2000000,2024-01-30,113/01/30,2024-07-30,113/07/30,2024-11-07,113/11/07,8160000,78.44%,8,3,97909e0b45584bd1a6ceb66db587fa22,b67a9c429d79436e80d9ceb4efd731c7,https://cdn.taiwanlottery.com.tw/app/Images/Scratch/20240124_153814613_1.jpg,https://www.taiwanlottery.com/news/news/b67a9c429d79436e80d9ceb4efd731c7
5013,五路財神,本屆(2024/1/1起),9,500,5000000,2024-01-30,113/01/30,2024-07-30,113/07/30,2024-11-07,113/11/07,6000000,100%,8,0,363a01dd0cb5462baccc361559dde538,b67a9c429d79436e80d9ceb4efd731c7,https://cdn.taiwanlottery.com.tw/app/Images/Scratch/20240124_153303059_1.jpg,https://www.taiwanlottery.com/news/news/b67a9c429d79436e80d9ceb4efd731c7
5012,"1,200萬大吉利",本屆(2024/1/1起),11,1000,12000000,2024-01-30,113/01/30,2024-07-30,113/07/30,2024-11-07,113/11/07,6000000,100%,5,0,a46c34b52dc54d49981506e7d329b3b7,b67a9c429d79436e80d9ceb4efd731c7,https://cdn.taiwanlottery.com.tw/app/Images/Scratch/20240124_152741105_1.jpg,https://www.taiwanlottery.com/news/news/b67a9c429d79436e80d9ceb4efd731c7
5011,攏好運,本屆(2024/1/1起),10,100,300000,2024-01-16,113/01/16,2024-07-16,113/07/16,2024-10-16,113/10/16,8036800,78.08%,7,2,2d48b546fcd1463cb02601ac3a0edb7d,6fe6372f571849658dc844e616878d80,https://cdn.taiwanlottery.com.tw/app/Images/Scratch/20240115_183505508_1.jpg,https://www.taiwanlottery.com/news/news/6fe6372f571849658dc844e616878d80
5010,幸運紅包,本屆(2024/1/1起),10,200,2000000,2024-01-16,113/01/16,2024-07-16,113/07/16,2024-10-16,113/10/16,8160000,79.45%,6,1,3d113d082b044e5c87b7d7914a32ca4c,6fe6372f571849658dc844e616878d80,https://cdn.taiwanlottery.com.tw/app/Images/Scratch/20240115_182840539_1.jpg,https://www.taiwanlottery.com/news/news/6fe6372f571849658dc844e616878d80
5009,金龍報喜,本屆(2024/1/1起),8,200,100000,2024-01-16,113/01/16,2024-07-16,113/07/16,2024-10-16,113/10/16,8160000,98.78%,600,12,7bfa5ec4d7ee4a9c88f7230e4753dfc3,6fe6372f571849658dc844e616878d80,https://cdn.taiwanlottery.com.tw/app/Images/Scratch/20240115_182036788_1.jpg,https://www.taiwanlottery.com/news/news/6fe6372f571849658dc844e616878d80
5008,金龍獎,本屆(2024/1/1起),13,500,3000000,2024-01-16,113/01/16,2024-07-16,113/07/16,2024-10-16,113/10/16,7000000,100%,13,0,4a5d8aff2375420fa0a3bab4e8819b48,6fe6372f571849658dc844e616878d80,https://cdn.taiwanlottery.com.tw/app/Images/Scratch/20240115_181336552_1.jpg,https://www.taiwanlottery.com/news/news/6fe6372f571849658dc844e616878d80
5007,"2,000萬超級紅包",本屆(2024/1/1起),9,2000,20000000,2024-01-16,113/01/16,2024-07-16,113/07/16,2024-10-16,113/10/16,9999360,100%,8,0,d69f1fe1022a4a4eb4eab478c0afac86,6fe6372f571849658dc844e616878d80,https://cdn.taiwanlottery.com.tw/app/Images/Scratch/20240115_180217676_1.jpg,https://www.taiwanlottery.com/news/news/6fe6372f571849658dc844e616878d80
5006,柿柿如意,本屆(2024/1/1起),10,100,300000,2024-01-01,113/01/01,2024-07-01,113/07/01,2024-10-07,113/10/07,8160000,80.5%,8,2,ef4c515ab6534f379ffba4d90bc68a99,2422fe6d3c6f44fa94b1a5dc65d22812,https://cdn.taiwanlottery.com.tw/app/Images/Scratch/20231226_145057293_1.jpg,https://www.taiwanlottery.com/news/news/2422fe6d3c6f44fa94b1a5dc65d22812
5005,聚寶盆,本屆(2024/1/1起),13,100,500000,2024-01-01,113/01/01,2024-07-01,113/07/01,2024-10-07,113/10/07,8144800,81.41%,8,3,c2eb7e6eb8654741a19ea4add9149aee,2422fe6d3c6f44fa94b1a5dc65d22812,https://cdn.taiwanlottery.com.tw/app/Images/Scratch/20231226_144639683_1.jpg,https://www.taiwanlottery.com/news/news/2422fe6d3c6f44fa94b1a5dc65d22812
5004,招財進寶,本屆(2024/1/1起),10,200,2000000,2024-01-01,113/01/01,2024-07-01,113/07/01,2024-10-07,113/10/07,8160000,82.65%,6,2,d1552745d8be49ebbafaf0df1fd757e6,2422fe6d3c6f44fa94b1a5dc65d22812,https://cdn.taiwanlottery.com.tw/app/Images/Scratch/20231226_143638771_1.jpg,https://www.taiwanlottery.com/news/news/2422fe6d3c6f44fa94b1a5dc65d22812
5003,百萬年終獎金,本屆(2024/1/1起),10,200,1000000,2024-01-01,113/01/01,2024-07-01,113/07/01,2024-10-07,113/10/07,8160000,83.04%,120,26,eafc30d194574bc9a4747a4d304ed582,2422fe6d3c6f44fa94b1a5dc65d22812,https://cdn.taiwanlottery.com.tw/app/Images/Scratch/20231226_143225849_1.jpg,https://www.taiwanlottery.com/news/news/2422fe6d3c6f44fa94b1a5dc65d22812
5002,無敵開獎機,本屆(2024/1/1起),10,300,3000000,2024-01-01,113/01/01,2024-07-01,113/07/01,2024-10-07,113/10/07,8127000,100%,5,1,99f13084e5e54888b1d7c78bac4418d6,2422fe6d3c6f44fa94b1a5dc65d22812,https://cdn.taiwanlottery.com.tw/app/Images/Scratch/20231226_141554253_1.jpg,https://www.taiwanlottery.com/news/news/2422fe6d3c6f44fa94b1a5dc65d22812
5001,大發利市,本屆(2024/1/1起),9,500,5000000,2024-01-01,113/01/01,2024-07-01,113/07/01,2024-10-07,113/10/07,5000000,100%,4,0,8472378d62b6406b9b45b809d04413be,2422fe6d3c6f44fa94b1a5dc65d22812,https://cdn.taiwanlottery.com.tw/app/Images/Scratch/20231226_133903202_1.jpg,https://www.taiwanlottery.com/news/news/2422fe6d3c6f44fa94b1a5dc65d22812
4647,金多謝,上一屆(2024/1/1前),8,200,2000000,2023-11-01,112/11/01,2023-12-29,112/12/29,2024-04-01,113/04/01,3562700,95.82%,3,0,7aa9237030c54771912f1fc611a0726b,546007ff7a4c4eac801be91ad3063a19,https://cdn.taiwanlottery.com.tw/app/Images/Scratch/20231026_093846901_1.jpg,https://www.taiwanlottery.com/news/news/546007ff7a4c4eac801be91ad3063a19
4646,歡樂大集合,上一屆(2024/1/1前),9,500,5000000,2023-11-01,112/11/01,2023-12-29,112/12/29,2024-04-01,113/04/01,2500000,100%,3,0,97086b239ac946458f0370c2a6c8551f,546007ff7a4c4eac801be91ad3063a19,https://cdn.taiwanlottery.com.tw/app/Images/Scratch/20231026_093650754_1.jpg,https://www.taiwanlottery.com/news/news/546007ff7a4c4eac801be91ad3063a19
4645,金骰子,上一屆(2024/1/1前),10,100,500000,2023-10-17,112/10/17,2023-12-29,112/12/29,2024-04-01,113/04/01,3570000,89.15%,3,2,e8e7329bf6884595987fd41ea575f068,be067c3fdb1543b3bc7b41b8967f3b55,https://cdn.taiwanlottery.com.tw/app/Images/Scratch/20231012_135730644_1.jpg,https://www.taiwanlottery.com/news/news/be067c3fdb1543b3bc7b41b8967f3b55
4644,加倍旺,上一屆(2024/1/1前),12,200,2000000,2023-10-17,112/10/17,2023-12-29,112/12/29,2024-04-01,113/04/01,3549000,85.26%,3,0,cc9838adc1314607be938ab7aad4c1f9,be067c3fdb1543b3bc7b41b8967f3b55,https://cdn.taiwanlottery.com.tw/app/Images/Scratch/20231012_135629191_1.jpg,https://www.taiwanlottery.com/news/news/be067c3fdb1543b3bc7b41b8967f3b55
4643,金磚疊疊樂,上一屆(2024/1/1前),10,200,2000000,2023-10-03,112/10/03,2023-12-29,112/12/29,2024-04-01,113/04/01,3570000,73.65%,3,0,d5d59ec394bb48b6a12f92e68a9b7f89,04thinsetantsaleinfo202346424643,https://cdn.taiwanlottery.com.tw/app/Images/Scratch/20230927_143416871_1.jpg,https://www.taiwanlottery.com/news/news/04thinsetantsaleinfo202346424643
4642,好運輪盤,上一屆(2024/1/1前),8,200,2000000,2023-10-03,112/10/03,2023-12-29,112/12/29,2024-04-01,113/04/01,4042700,76.85%,4,0,389406c598434d7e9f0632ecc72a2244,04thinsetantsaleinfo202346424643,https://cdn.taiwanlottery.com.tw/app/Images/Scratch/20230927_143301043_1.jpg,https://www.taiwanlottery.com/news/news/04thinsetantsaleinfo202346424643
4641,錢進888,上一屆(2024/1/1前),11,100,800000,2023-09-19,112/09/19,2023-12-29,112/12/29,2024-04-01,113/04/01,3570000,84.8%,3,1,fa2e8fa6897c4d69915d5917d5263fd9,04thinsetantsaleinfo202346404641,https://cdn.taiwanlottery.com.tw/app/Images/Scratch/20230914_110934352_1.jpg,https://www.taiwanlottery.com/news/news/04thinsetantsaleinfo202346404641
4640,無敵777,上一屆(2024/1/1前),12,300,3000000,2023-09-19,112/09/19,2023-12-29,112/12/29,2024-04-01,113/04/01,3570000,97.43%,3,0,06c0fdacaeaa42ee969e3acd9da11f9e,04thinsetantsaleinfo202346404641,https://cdn.taiwanlottery.com.tw/app/Images/Scratch/20230914_110710070_1.jpg,https://www.taiwanlottery.com/news/news/04thinsetantsaleinfo202346404641
4639,"樂刮$2,000",上一屆(2024/1/1前),7,200,1000000,2023-09-05,112/09/05,2023-12-29,112/12/29,2024-04-01,113/04/01,3570000,86.55%,3,0,b62235051f0c4eef8f0db0ff133538ef,04thinsetantsaleinfo202346384639,https://cdn.taiwanlottery.com.tw/app/Images/Scratch/20230831_171448846_1.jpg,https://www.taiwanlottery.com/news/news/04thinsetantsaleinfo202346384639
4638,麻將,上一屆(2024/1/1前),13,200,2000000,2023-09-05,112/09/05,2023-12-29,112/12/29,2024-04-01,113/04/01,5100000,100%,5,0,4bedcda0e98d40e5a765932ac44ecb3d,04thinsetantsaleinfo202346384639,https://cdn.taiwanlottery.com.tw/app/Images/Scratch/20230831_170530376_1.jpg,https://www.taiwanlottery.com/news/news/04thinsetantsaleinfo202346384639
4637,歡樂賓果,上一屆(2024/1/1前),7,100,300000,2023-08-15,112/08/15,2023-12-29,112/12/29,2024-04-01,113/04/01,4080000,99.88%,4,0,0852b9a285284eb78867e586fb15be81,04thinsetantsaleinfo202346364637,https://cdn.taiwanlottery.com.tw/app/Images/Scratch/20230809_154133197_1.jpg,https://www.taiwanlottery.com/news/news/04thinsetantsaleinfo202346364637
4636,黃金連線,上一屆(2024/1/1前),8,200,2000000,2023-08-15,112/08/15,2023-12-29,112/12/29,2024-04-01,113/04/01,5100000,100%,5,0,f905ce52d348428aa4ddb2c58eaa5562,04thinsetantsaleinfo202346364637,https://cdn.taiwanlottery.com.tw/app/Images/Scratch/20230809_153944994_1.jpg,https://www.taiwanlottery.com/news/news/04thinsetantsaleinfo202346364637
4635,萬事大吉,上一屆(2024/1/1前),12,200,2000000,2023-08-03,112/08/03,2023-12-29,112/12/29,2024-04-01,113/04/01,3570000,63.09%,3,1,6f09a97b44e34891990f308610539787,04thinsetantsaleinfo202346344635,https://cdn.taiwanlottery.com.tw/app/Images/Scratch/20230727_091504182_1.jpg,https://www.taiwanlottery.com/news/news/04thinsetantsaleinfo202346344635
4634,至尊撲克,上一屆(2024/1/1前),9,200,2000000,2023-08-03,112/08/03,2023-12-29,112/12/29,2024-04-01,113/04/01,3570000,60.47%,4,3,bbc16113ebc84b4ea8509d7ffd699ee1,04thinsetantsaleinfo202346344635,https://cdn.taiwanlottery.com.tw/app/Images/Scratch/20230727_091258620_1.jpg,https://www.taiwanlottery.com/news/news/04thinsetantsaleinfo202346344635
4633,幸運777,上一屆(2024/1/1前),9,100,700000,2023-07-18,112/07/18,2023-12-29,112/12/29,2024-04-01,113/04/01,4080000,79.17%,4,0,801c25466687429d8050c5ddd54d48e1,04thinsetantsaleinfo202346324633,https://cdn.taiwanlottery.com.tw/app/Images/Scratch/20230712_151831848_1.jpg,https://www.taiwanlottery.com/news/news/04thinsetantsaleinfo202346324633
4632,瘋狂彈珠台,上一屆(2024/1/1前),11,300,3000000,2023-07-18,112/07/18,2023-12-29,112/12/29,2024-04-01,113/04/01,3570000,96.87%,3,0,32a596a5fa654d1ba3700e65dfb2d246,04thinsetantsaleinfo202346324633,https://cdn.taiwanlottery.com.tw/app/Images/Scratch/20230712_091812041_1.jpg,https://www.taiwanlottery.com/news/news/04thinsetantsaleinfo202346324633
4631,獎金倍倍樂,上一屆(2024/1/1前),12,200,2000000,2023-07-04,112/07/04,2023-12-29,112/12/29,2024-04-01,113/04/01,3516000,81.16%,3,0,d253ecd5d6734902b4131d0bf59af2ed,04thinsetantsaleinfo202346304631,https://cdn.taiwanlottery.com.tw/app/Images/Scratch/20230628_135235880_1.jpg,https://www.taiwanlottery.com/news/news/04thinsetantsaleinfo202346304631
4630,鑽很大,上一屆(2024/1/1前),9,500,5000000,2023-07-04,112/07/04,2023-12-29,112/12/29,2024-04-01,113/04/01,3000000,100%,3,0,8c91ac3184d14126891dd185d96970f0,04thinsetantsaleinfo202346304631,https://cdn.taiwanlottery.com.tw/app/Images/Scratch/20230628_134902083_1.jpg,https://www.taiwanlottery.com/news/news/04thinsetantsaleinfo202346304631
4629,刮呱幸運星,上一屆(2024/1/1前),10,100,300000,2023-06-02,112/06/02,2023-12-04,112/12/04,2024-03-04,113/03/04,3570000,95.94%,4,0,4fe2ff4b843241cdafb5fbcec35dee26,04thinsetantsaleinfo202346274629,https://cdn.taiwanlottery.com.tw/app/Images/Scratch/20230529_142012835_1.jpg,https://www.taiwanlottery.com/news/news/04thinsetantsaleinfo202346274629
4628,黃金滿屋,上一屆(2024/1/1前),12,200,2000000,2023-06-02,112/06/02,2023-12-04,112/12/04,2024-03-04,113/03/04,3570000,95.11%,4,0,839c3e19dce34ebeb0ebe686845caf9c,04thinsetantsaleinfo202346274629,https://cdn.taiwanlottery.com.tw/app/Images/Scratch/20230529_141415460_1.jpg,https://www.taiwanlottery.com/news/news/04thinsetantsaleinfo202346274629
4627,大麻將,上一屆(2024/1/1前),10,1000,10000000,2023-06-02,112/06/02,2023-12-04,112/12/04,2024-03-04,113/03/04,3500000,100%,3,0,c1143bab7f8444439922c943ad5e9d1b,04thinsetantsaleinfo202346274629,https://cdn.taiwanlottery.com.tw/app/Images/Scratch/20230529_141006568_1.jpg,https://www.taiwanlottery.com/news/news/04thinsetantsaleinfo202346274629
4626,好運起舞,上一屆(2024/1/1前),10,200,2000000,2023-05-16,112/05/16,2023-11-16,112/11/16,2024-02-16,113/02/16,3024000,61.03%,3,1,fc493b5dd7d344d88b28cce2d685eacd,04thinsetantsaleinfo202346254626,https://cdn.taiwanlottery.com.tw/app/Images/Scratch/20230508_105044050_1.jpg,https://www.taiwanlottery.com/news/news/04thinsetantsaleinfo202346254626
4625,刮刮金樂透,上一屆(2024/1/1前),8,200,2000000,2023-05-16,112/05/16,2023-11-16,112/11/16,2024-02-16,113/02/16,5100000,100%,6,0,0dffec31721a4a04ad5b4f3e6832b8d0,04thinsetantsaleinfo202346254626,https://cdn.taiwanlottery.com.tw/app/Images/Scratch/20230508_104854378_1.jpg,https://www.taiwanlottery.com/news/news/04thinsetantsaleinfo202346254626
4624,歡樂888,上一屆(2024/1/1前),9,200,1000000,2023-05-02,112/05/02,2023-11-02,112/11/02,2024-02-02,113/02/02,3570000,63.13%,30,13,32e3576680d64f3a8af1ec38e9f91347,04thinsetantsaleinfo202346234624,https://cdn.taiwanlottery.com.tw/app/Images/Scratch/20230425_162947736_1.jpg,https://www.taiwanlottery.com/news/news/04thinsetantsaleinfo202346234624
4623,鈔票一把抓,上一屆(2024/1/1前),8,300,3000000,2023-05-02,112/05/02,2023-11-02,112/11/02,2024-02-02,113/02/02,4080000,88.94%,4,1,0a648343a2db426e9c9454fc7a8b6d68,04thinsetantsaleinfo202346234624,https://cdn.taiwanlottery.com.tw/app/Images/Scratch/20230425_161851969_1.jpg,https://www.taiwanlottery.com/news/news/04thinsetantsaleinfo202346234624
4622,荷包滿滿,上一屆(2024/1/1前),10,100,500000,2023-04-18,112/04/18,2023-10-18,112/10/18,2024-01-18,113/01/18,4080000,70.73%,3,0,6a01f8c1587a4dd1b7bb8ee49866f132,04thinsetantsaleinfo202346214622,https://cdn.taiwanlottery.com.tw/app/Images/Scratch/20230413_144020267_1.jpg,https://www.taiwanlottery.com/news/news/04thinsetantsaleinfo202346214622
4621,麻將賓果,上一屆(2024/1/1前),8,200,2000000,2023-04-18,112/04/18,2023-10-18,112/10/18,2024-01-18,113/01/18,5608100,99.99%,4,0,f9369eeb5e7d4948993b6296c6605918,04thinsetantsaleinfo202346214622,https://cdn.taiwanlottery.com.tw/app/Images/Scratch/20230413_092052042_1.jpg,https://www.taiwanlottery.com/news/news/04thinsetantsaleinfo202346214622
4620,獎金嘉年華,上一屆(2024/1/1前),9,200,2000000,2023-04-07,112/04/07,2023-10-11,112/10/11,2024-01-11,113/01/11,4080000,98.87%,3,0,de07f99d2ecf448597b88b195050a2b8,04thinsetantsaleinfo202346194620,https://cdn.taiwanlottery.com.tw/app/Images/Scratch/20230330_144521633_1.jpg,https://www.taiwanlottery.com/news/news/04thinsetantsaleinfo202346194620
4619,一路發,上一屆(2024/1/1前),11,200,2000000,2023-04-07,112/04/07,2023-10-11,112/10/11,2024-01-11,113/01/11,3570000,79.88%,4,2,65fb6ece8d42462aa12cecc415ba80d2,04thinsetantsaleinfo202346194620,https://cdn.taiwanlottery.com.tw/app/Images/Scratch/20230330_143449242_1.jpg,https://www.taiwanlottery.com/news/news/04thinsetantsaleinfo202346194620
4618,雙重好運,上一屆(2024/1/1前),10,200,2000000,2023-03-17,112/03/17,2023-09-18,112/09/18,2023-12-18,112/12/18,3570000,53.95%,4,2,555d7eac8afa40e3ad6254c12f3fb86f,04thinsetantsaleinfo202346174618,https://cdn.taiwanlottery.com.tw/app/Images/Scratch/20230314_112929771_1.jpg,https://www.taiwanlottery.com/news/news/04thinsetantsaleinfo202346174618
4617,海底大尋寶,上一屆(2024/1/1前),10,300,3000000,2023-03-17,112/03/17,2023-09-18,112/09/18,2023-12-18,112/12/18,5100000,99.95%,3,0,c9adbea8f7254f0192b780037251d420,04thinsetantsaleinfo202346174618,https://cdn.taiwanlottery.com.tw/app/Images/Scratch/20230314_111759801_1.jpg,https://www.taiwanlottery.com/news/news/04thinsetantsaleinfo202346174618
4616,獎金紅不讓,上一屆(2024/1/1前),11,200,2000000,2023-03-03,112/03/03,2023-09-05,112/09/05,2023-12-04,112/12/04,3570000,58%,3,3,65b3063e8b044dbdb721a205b210f773,04thinsetantsaleinfo202346154616,https://cdn.taiwanlottery.com.tw/app/Images/Scratch/20230223_153257124_1.jpg,https://www.taiwanlottery.com/news/news/04thinsetantsaleinfo202346154616
4615,大富大貴,上一屆(2024/1/1前),9,500,5000000,2023-03-03,112/03/03,2023-09-05,112/09/05,2023-12-04,112/12/04,2500000,99.95%,2,0,fa0b1f8268794454af0663bc40e1ac67,04thinsetantsaleinfo202346154616,https://cdn.taiwanlottery.com.tw/app/Images/Scratch/20230223_152809858_1.jpg,https://www.taiwanlottery.com/news/news/04thinsetantsaleinfo202346154616
4614,甜蜜蜜,上一屆(2024/1/1前),10,100,600000,2023-02-14,112/02/14,2023-08-14,112/08/14,2023-11-14,112/11/14,3570000,83.89%,3,2,64c55c715c6143008c00f835b018d0ae,04thinsetantsaleinfo202346124614,https://cdn.taiwanlottery.com.tw/app/Images/Scratch/20230206_165824318_1.jpg,https://www.taiwanlottery.com/news/news/04thinsetantsaleinfo202346124614
4613,超級777,上一屆(2024/1/1前),11,200,2000000,2023-02-14,112/02/14,2023-08-14,112/08/14,2023-11-14,112/11/14,5610000,89.48%,5,0,daf4f313bf7445658af12ef7d34a9da5,04thinsetantsaleinfo202346124614,https://cdn.taiwanlottery.com.tw/app/Images/Scratch/20230206_165543412_1.jpg,https://www.taiwanlottery.com/news/news/04thinsetantsaleinfo202346124614
4612,獎金獵人,上一屆(2024/1/1前),9,200,2000000,2023-02-14,112/02/14,2023-08-14,112/08/14,2023-11-14,112/11/14,5100000,95.26%,5,0,0c41ee54bca94e3fa2d8b4a293af29c7,04thinsetantsaleinfo202346124614,https://cdn.taiwanlottery.com.tw/app/Images/Scratch/20230206_164934427_1.jpg,https://www.taiwanlottery.com/news/news/04thinsetantsaleinfo202346124614
4611,超速777,上一屆(2024/1/1前),12,100,700000,2023-01-31,112/01/31,2023-07-31,112/07/31,2023-10-31,112/10/31,5100000,95.68%,4,0,a827e4c2fc9d40e4aa96053f1ed04b80,04thinsetantsaleinfo202346094611,https://cdn.taiwanlottery.com.tw/app/Images/Scratch/20230117_170706388_1.jpg,https://www.taiwanlottery.com/news/news/04thinsetantsaleinfo202346094611
4610,吉福開運,上一屆(2024/1/1前),12,200,2000000,2023-01-31,112/01/31,2023-07-31,112/07/31,2023-10-31,112/10/31,4080000,69.44%,4,2,b783897e16bd42ac876847fdb7eeeac0,04thinsetantsaleinfo202346094611,https://cdn.taiwanlottery.com.tw/app/Images/Scratch/20230117_170447809_1.jpg,https://www.taiwanlottery.com/news/news/04thinsetantsaleinfo202346094611
4609,超級麻將,上一屆(2024/1/1前),9,500,5000000,2023-01-31,112/01/31,2023-07-31,112/07/31,2023-10-31,112/10/31,4000000,99.99%,5,0,8ac0d06b027949d5a1719d02da3df32a,04thinsetantsaleinfo202346094611,https://cdn.taiwanlottery.com.tw/app/Images/Scratch/20230117_170324794_1.jpg,https://www.taiwanlottery.com/news/news/04thinsetantsaleinfo202346094611
4608,招財兔,上一屆(2024/1/1前),13,100,800000,2023-01-12,112/01/12,2023-07-12,112/07/12,2023-10-12,112/10/12,6114200,99.05%,6,0,6b05047bff7f4ec78a65651754d0f74c,04thinsetantsaleinfo202346024608,https://cdn.taiwanlottery.com.tw/app/Images/Scratch/20230107_092833618_1.jpg,https://www.taiwanlottery.com/news/news/04thinsetantsaleinfo202346024608
4607,好運旺來,上一屆(2024/1/1前),10,100,300000,2023-01-12,112/01/12,2023-07-12,112/07/12,2023-10-12,112/10/12,6120000,94.69%,5,0,7a9c85404195488c9de97b7a74d79849,04thinsetantsaleinfo202346024608,https://cdn.taiwanlottery.com.tw/app/Images/Scratch/20230107_092653305_1.jpg,https://www.taiwanlottery.com/news/news/04thinsetantsaleinfo202346024608
4606,恭喜發財,上一屆(2024/1/1前),11,200,2000000,2023-01-12,112/01/12,2023-07-12,112/07/12,2023-10-12,112/10/12,6120000,97.02%,6,0,71de6cbbce0e4f52a4435a866054a045,04thinsetantsaleinfo202346024608,https://cdn.taiwanlottery.com.tw/app/Images/Scratch/20230107_092456164_1.jpg,https://www.taiwanlottery.com/news/news/04thinsetantsaleinfo202346024608
4605,金兔報喜,上一屆(2024/1/1前),8,200,100000,2023-01-12,112/01/12,2023-07-12,112/07/12,2023-10-12,112/10/12,6120000,99.21%,500,16,682a2b5c705a41758a599ac4eab06bb6,04thinsetantsaleinfo202346024608,https://cdn.taiwanlottery.com.tw/app/Images/Scratch/20230107_092053226_1.jpg,https://www.taiwanlottery.com/news/news/04thinsetantsaleinfo202346024608
4604,無敵開獎機,上一屆(2024/1/1前),10,300,3000000,2023-01-12,112/01/12,2023-07-12,112/07/12,2023-10-12,112/10/12,6120000,100%,4,0,414446d119914cb3aa6ef27db5fdcf02,04thinsetantsaleinfo202346024608,https://cdn.taiwanlottery.com.tw/app/Images/Scratch/20230107_091822788_1.jpg,https://www.taiwanlottery.com/news/news/04thinsetantsaleinfo202346024608
4603,五路財神,上一屆(2024/1/1前),9,500,5000000,2023-01-12,112/01/12,2023-07-12,112/07/12,2023-10-12,112/10/12,6000000,99.99%,8,0,0f992c8d2546422a9afd6dc0278e6a69,04thinsetantsaleinfo202346024608,https://cdn.taiwanlottery.com.tw/app/Images/Scratch/20230107_091456288_1.jpg,https://www.taiwanlottery.com/news/news/04thinsetantsaleinfo202346024608
4602,"1,200萬大吉利",上一屆(2024/1/1前),11,1000,12000000,2023-01-12,112/01/12,2023-07-12,112/07/12,2023-10-12,112/10/12,7000000,100%,6,0,c0b2c0370a99407c82e33394172b54d0,04thinsetantsaleinfo202346024608,https://cdn.taiwanlottery.com.tw/app/Images/Scratch/20230107_091244678_1.jpg,https://www.taiwanlottery.com/news/news/04thinsetantsaleinfo202346024608
4601,財神迎春,上一屆(2024/1/1前),10,100,500000,2023-01-04,112/01/04,2023-07-04,112/07/04,2023-10-11,112/10/11,6120000,98.42%,5,0,9c5f953458fc4d6e99ddb4df39856876,04thinsetantsaleinfo202345964601,https://cdn.taiwanlottery.com.tw/app/Images/Scratch/20221228_095110729_1.jpg,https://www.taiwanlottery.com/news/news/04thinsetantsaleinfo202345964601
4600,兔年行大運,上一屆(2024/1/1前),10,100,50000,2023-01-04,112/01/04,2023-07-04,112/07/04,2023-10-11,112/10/11,6120000,99.81%,100,3,d76b4ed58e00435e87ae59839bf8d0f6,04thinsetantsaleinfo202345964601,https://cdn.taiwanlottery.com.tw/app/Images/Scratch/20221228_095359683_1.jpg,https://www.taiwanlottery.com/news/news/04thinsetantsaleinfo202345964601
4599,好運連發,上一屆(2024/1/1前),10,200,2000000,2023-01-04,112/01/04,2023-07-04,112/07/04,2023-10-11,112/10/11,6120000,89.34%,6,0,7b169c99b63d43f4be15e0f7bebf28b5,04thinsetantsaleinfo202345964601,https://cdn.taiwanlottery.com.tw/app/Images/Scratch/20221228_094014853_1.jpg,https://www.taiwanlottery.com/news/news/04thinsetantsaleinfo202345964601
4598,大三元,上一屆(2024/1/1前),12,200,2000000,2023-01-04,112/01/04,2023-07-04,112/07/04,2023-10-11,112/10/11,6120000,91.1%,6,0,1f6cd39a6c5840708cdd7cf687649e97,04thinsetantsaleinfo202345964601,https://cdn.taiwanlottery.com.tw/app/Images/Scratch/20221228_093717930_1.jpg,https://www.taiwanlottery.com/news/news/04thinsetantsaleinfo202345964601
4597,金兔獎,上一屆(2024/1/1前),13,500,3000000,2023-01-04,112/01/04,2023-07-04,112/07/04,2023-10-11,112/10/11,7500000,100%,14,0,146b3e132e714cd597090ddd17188910,04thinsetantsaleinfo202345964601,https://cdn.taiwanlottery.com.tw/app/Images/Scratch/20221228_093415211_1.jpg,https://www.taiwanlottery.com/news/news/04thinsetantsaleinfo202345964601
4596,"2,000萬超級紅包",上一屆(2024/1/1前),9,2000,20000000,2023-01-04,112/01/04,2023-07-04,112/07/04,2023-10-11,112/10/11,8499456,100%,7,0,463426ac1c26481f9a1b84b4cb4d2fd0,04thinsetantsaleinfo202345964601,https://cdn.taiwanlottery.com.tw/app/Images/Scratch/20221228_092410116_1.jpg,https://www.taiwanlottery.com/news/news/04thinsetantsaleinfo202345964601
4595,加倍旺,上一屆(2024/1/1前),12,200,2000000,2022-12-16,111/12/16,2023-06-16,112/06/16,2023-09-18,112/09/18,4080000,94.63%,3,0,d705ee239da74637821876d520a3c1f5,04thinsetantsaleinfo202245944595,https://cdn.taiwanlottery.com.tw/app/Images/Scratch/20221212_105413506_1.jpg,https://www.taiwanlottery.com/news/news/04thinsetantsaleinfo202245944595
4594,無敵777,上一屆(2024/1/1前),12,300,3000000,2022-12-16,111/12/16,2023-06-16,112/06/16,2023-09-18,112/09/18,4590000,99.93%,4,0,04e857bf3a0a4986838866536ebea653,04thinsetantsaleinfo202245944595,https://cdn.taiwanlottery.com.tw/app/Images/Scratch/20221212_105226803_1.jpg,https://www.taiwanlottery.com/news/news/04thinsetantsaleinfo202245944595
4593,金鑽寶盒,上一屆(2024/1/1前),11,200,2000000,2022-12-02,111/12/02,2023-06-02,112/06/02,2023-09-06,112/09/06,4080000,77.61%,3,0,7eeeaeed391b44a2ad00002f038109df,04thinsetantsaleinfo202245914593,https://cdn.taiwanlottery.com.tw/app/Images/Scratch/20221125_134323337_1.jpg,https://www.taiwanlottery.com/news/news/04thinsetantsaleinfo202245914593
4592,百萬年終獎金,上一屆(2024/1/1前),10,200,1000000,2022-12-02,111/12/02,2023-06-02,112/06/02,2023-09-06,112/09/06,4080000,97.75%,60,2,84324f22e3cf4f868591cb6a0554c5ba,04thinsetantsaleinfo202245914593,https://cdn.taiwanlottery.com.tw/app/Images/Scratch/20221125_134150525_1.jpg,https://www.taiwanlottery.com/news/news/04thinsetantsaleinfo202245914593
4591,黃金大連線,上一屆(2024/1/1前),9,500,5000000,2022-12-02,111/12/02,2023-06-02,112/06/02,2023-09-06,112/09/06,4000000,100%,5,0,8fcd3a65bed34279969f7885d32db50a,04thinsetantsaleinfo202245914593,https://cdn.taiwanlottery.com.tw/app/Images/Scratch/20221125_133911243_1.jpg,https://www.taiwanlottery.com/news/news/04thinsetantsaleinfo202245914593
4590,歡樂賓果,上一屆(2024/1/1前),7,100,300000,2022-11-15,111/11/15,2023-05-15,112/05/15,2023-08-15,112/08/15,5050600,99.98%,5,0,2031b5a086c44066b038ff15591ceb62,04thinsetantsaleinfo202245894590,https://cdn.taiwanlottery.com.tw/app/Images/Scratch/20221104_092217677_1.jpg,https://www.taiwanlottery.com/news/news/04thinsetantsaleinfo202245894590
4589,"樂刮$2,000",上一屆(2024/1/1前),7,200,1000000,2022-11-15,111/11/15,2023-05-15,112/05/15,2023-08-15,112/08/15,3570000,98.53%,3,0,cb1bf37c126e4544a72cb01443217342,04thinsetantsaleinfo202245894590,https://cdn.taiwanlottery.com.tw/app/Images/Scratch/20221104_091954192_1.jpg,https://www.taiwanlottery.com/news/news/04thinsetantsaleinfo202245894590
4588,金磚疊疊樂,上一屆(2024/1/1前),10,200,2000000,2022-11-01,111/11/01,2023-05-02,112/05/02,2023-08-02,112/08/02,3570000,68.24%,3,2,3747e5bb19af4a1a833426cadf174f71,04thinsetantsaleinfo202245874588,https://cdn.taiwanlottery.com.tw/app/Images/Scratch/20221027_094213388_1.jpg,https://www.taiwanlottery.com/news/news/04thinsetantsaleinfo202245874588
4587,麻將,上一屆(2024/1/1前),13,200,2000000,2022-11-01,111/11/01,2023-05-02,112/05/02,2023-08-02,112/08/02,8160000,100%,8,0,effaf6528b0f4cedb5636440297ee5ae,04thinsetantsaleinfo202245874588,https://cdn.taiwanlottery.com.tw/app/Images/Scratch/20221027_094030700_1.jpg,https://www.taiwanlottery.com/news/news/04thinsetantsaleinfo202245874588
4586,推金幣,上一屆(2024/1/1前),10,100,500000,2022-10-18,111/10/18,2023-04-18,112/04/18,2023-07-18,112/07/18,4080000,60.06%,4,2,87014fd8fb0e457b993ea444b2fd9fe1,04thinsetantsaleinfo202245854586,https://cdn.taiwanlottery.com.tw/app/Images/Scratch/20221013_173358533_1.jpg,https://www.taiwanlottery.com/news/news/04thinsetantsaleinfo202245854586
4585,台灣金讚,上一屆(2024/1/1前),8,200,2000000,2022-10-18,111/10/18,2023-04-18,112/04/18,2023-07-18,112/07/18,4080000,75.51%,3,1,a0b63e604e7b49509a7b0c24830b9738,04thinsetantsaleinfo202245854586,https://cdn.taiwanlottery.com.tw/app/Images/Scratch/20221013_173200860_1.jpg,https://www.taiwanlottery.com/news/news/04thinsetantsaleinfo202245854586
4584,寵麻吉,上一屆(2024/1/1前),10,200,2000000,2022-10-04,111/10/04,2023-04-06,112/04/06,2023-07-06,112/07/06,4080000,64.65%,3,0,0d81150069f1429db7b704cf89b9c11a,04thinsetantsaleinfo202245834584,https://cdn.taiwanlottery.com.tw/app/Images/Scratch/20220929_141959382_1.jpg,https://www.taiwanlottery.com/news/news/04thinsetantsaleinfo202245834584
4583,鑽很大,上一屆(2024/1/1前),9,500,5000000,2022-10-04,111/10/04,2023-04-06,112/04/06,2023-07-06,112/07/06,3000000,100%,3,0,993c1a07fdaa48c09ca00585ef60101b,04thinsetantsaleinfo202245834584,https://cdn.taiwanlottery.com.tw/app/Images/Scratch/20220929_141453381_1.jpg,https://www.taiwanlottery.com/news/news/04thinsetantsaleinfo202245834584
4582,幸運777,上一屆(2024/1/1前),9,100,700000,2022-09-16,111/09/16,2023-03-16,112/03/16,2023-06-16,112/06/16,5081200,64.71%,5,3,1d4e15c9a5ba4ddcb877593ee4b1fe33,04thinsetantsaleinfo202245814582,https://cdn.taiwanlottery.com.tw/app/Images/Scratch/20220913_131307747_1.jpg,https://www.taiwanlottery.com/news/news/04thinsetantsaleinfo202245814582
4581,連線派對,上一屆(2024/1/1前),8,200,2000000,2022-09-16,111/09/16,2023-03-16,112/03/16,2023-06-16,112/06/16,5547100,100%,5,0,d34c0611474e43b49f59ae8c7ef34520,04thinsetantsaleinfo202245814582,https://cdn.taiwanlottery.com.tw/app/Images/Scratch/20220913_131131137_1.jpg,https://www.taiwanlottery.com/news/news/04thinsetantsaleinfo202245814582
4580,獎金倍倍樂,上一屆(2024/1/1前),12,200,2000000,2022-09-02,111/09/02,2023-03-02,112/03/02,2023-06-02,112/06/02,3570000,79.53%,3,1,b6708b43c72b46a49f9064c0218f5564,04thinsetantsaleinfo202245544580,https://cdn.taiwanlottery.com.tw/app/Images/Scratch/20220830_170346391_1.jpg,https://www.taiwanlottery.com/news/news/04thinsetantsaleinfo202245544580
4579,贏家爭霸,上一屆(2024/1/1前),10,200,1000000,2022-08-16,111/08/16,2023-02-16,112/02/16,2023-05-16,112/05/16,3489000,53.54%,4,2,86da7b8271c34da4aeabc8bcd1b59485,04thinsetantsaleinfo202245784579,https://cdn.taiwanlottery.com.tw/app/Images/Scratch/20220810_141758530_1.jpg,https://www.taiwanlottery.com/news/news/04thinsetantsaleinfo202245784579
4578,刮刮金樂透,上一屆(2024/1/1前),8,200,2000000,2022-08-16,111/08/16,2023-02-16,112/02/16,2023-05-16,112/05/16,5100000,100%,6,0,34b9e3e5a1d244aa8879fee6bd9a90ec,04thinsetantsaleinfo202245784579,https://cdn.taiwanlottery.com.tw/app/Images/Scratch/20220810_141613639_1.jpg,https://www.taiwanlottery.com/news/news/04thinsetantsaleinfo202245784579
4577,好運圓滿,上一屆(2024/1/1前),8,100,10000,2022-08-02,111/08/02,2023-02-02,112/02/02,2023-05-02,112/05/02,3570000,83.17%,100,21,c6ef7338431b425196e72f0c95e413ab,04thinsetantsaleinfo202245764577,https://cdn.taiwanlottery.com.tw/app/Images/Scratch/20220725_153343569_1.jpg,https://www.taiwanlottery.com/news/news/04thinsetantsaleinfo202245764577
4576,"1,000萬大富翁",上一屆(2024/1/1前),7,1000,10000000,2022-08-02,111/08/02,2023-02-02,112/02/02,2023-05-02,112/05/02,2500000,100%,3,0,1590dd4fc20141178b33bdef2c2ac902,04thinsetantsaleinfo202245764577,https://cdn.taiwanlottery.com.tw/app/Images/Scratch/20220725_144109849_1.jpg,https://www.taiwanlottery.com/news/news/04thinsetantsaleinfo202245764577
4575,金喜滿天,上一屆(2024/1/1前),10,100,500000,2022-07-19,111/07/19,2023-01-19,112/01/19,2023-05-02,112/05/02,4055200,61.24%,3,2,e98b4508d32b434e99c5edf0aca4a4ff,04thinsetantsaleinfo202245744575,https://cdn.taiwanlottery.com.tw/app/Images/Scratch/20220713_151237270_1.jpg,https://www.taiwanlottery.com/news/news/04thinsetantsaleinfo202245744575
4574,獎金大本贏,上一屆(2024/1/1前),9,200,2000000,2022-07-19,111/07/19,2023-01-19,112/01/19,2023-05-02,112/05/02,4590000,100%,3,0,01095007466740da993447b01534d2fd,04thinsetantsaleinfo202245744575,https://cdn.taiwanlottery.com.tw/app/Images/Scratch/20220713_151118769_1.jpg,https://www.taiwanlottery.com/news/news/04thinsetantsaleinfo202245744575
4573,撲克對對樂,上一屆(2024/1/1前),12,200,2000000,2022-07-05,111/07/05,2023-01-05,112/01/05,2023-04-06,112/04/06,3570000,45.16%,3,1,b18033bf2fc446548d1e0bd72a7c2f90,04thinsetantsaleinfo202245554573,https://cdn.taiwanlottery.com.tw/app/Images/Scratch/20220630_100731396_1.jpg,https://www.taiwanlottery.com/news/news/04thinsetantsaleinfo202245554573
4572,瘋狂888,上一屆(2024/1/1前),10,100,800000,2022-06-21,111/06/21,2022-12-21,111/12/21,2023-03-21,112/03/21,3570000,79.24%,3,2,0bc532c9ad9e4235b6c7176a1db6e1c1,04thinsetantsaleinfo202245714572,https://cdn.taiwanlottery.com.tw/app/Images/Scratch/20220616_112722134_1.jpg,https://www.taiwanlottery.com/news/news/04thinsetantsaleinfo202245714572
4571,麻將賓果,上一屆(2024/1/1前),8,200,2000000,2022-06-21,111/06/21,2022-12-21,111/12/21,2023-03-21,112/03/21,5100000,100%,4,0,ebcc58d7317f4e71a0c1e265c0c6234a,04thinsetantsaleinfo202245714572,https://cdn.taiwanlottery.com.tw/app/Images/Scratch/20220616_112522368_1.jpg,https://www.taiwanlottery.com/news/news/04thinsetantsaleinfo202245714572
4570,三星樂,上一屆(2024/1/1前),12,200,2000000,2022-06-07,111/06/07,2022-12-07,111/12/07,2023-03-07,112/03/07,3506500,45.26%,3,0,a7964d3bbb274fc18824ce787c360abe,04thinsetantsaleinfo202245694570,https://cdn.taiwanlottery.com.tw/app/Images/Scratch/20220531_112832509_1.jpg,https://www.taiwanlottery.com/news/news/04thinsetantsaleinfo202245694570
4569,幸運輪盤,上一屆(2024/1/1前),12,200,2000000,2022-06-07,111/06/07,2022-12-07,111/12/07,2023-03-07,112/03/07,3570000,73.91%,3,0,8ff62e21a6a04bd5b20bbf130d8fc332,04thinsetantsaleinfo202245694570,https://cdn.taiwanlottery.com.tw/app/Images/Scratch/20220531_112708102_1.jpg,https://www.taiwanlottery.com/news/news/04thinsetantsaleinfo202245694570
4568,海底大尋寶,上一屆(2024/1/1前),10,300,3000000,2022-05-17,111/05/17,2022-11-17,111/11/17,2023-02-17,112/02/17,5100000,100%,3,0,5fd8b83e61cf4c3489b516805e6d904f,04thinsetantsaleinfo202245684561,https://cdn.taiwanlottery.com.tw/app/Images/Scratch/20220513_162911872_1.jpg,https://www.taiwanlottery.com/news/news/04thinsetantsaleinfo202245684561
4567,金鑽999,上一屆(2024/1/1前),9,200,2000000,2022-05-03,111/05/03,2022-11-03,111/11/03,2023-02-03,112/02/03,3570000,59.03%,3,1,b23f406ce69c452aac35a498d824df27,04thinsetantsaleinfo202245664567,https://cdn.taiwanlottery.com.tw/app/Images/Scratch/20220426_111729899_1.jpg,https://www.taiwanlottery.com/news/news/04thinsetantsaleinfo202245664567
4566,金好中,上一屆(2024/1/1前),10,200,550000,2022-05-03,111/05/03,2022-11-03,111/11/03,2023-02-03,112/02/03,3570000,62.62%,50,22,a78de833cf804152baa3525764d5cbf5,04thinsetantsaleinfo202245664567,https://cdn.taiwanlottery.com.tw/app/Images/Scratch/20220426_111540446_1.jpg,https://www.taiwanlottery.com/news/news/04thinsetantsaleinfo202245664567
4565,喜從天降,上一屆(2024/1/1前),11,100,300000,2022-04-21,111/04/21,2022-10-21,111/10/21,2023-01-30,112/01/30,3570000,57.02%,7,3,0f4137b2f22c40f9880d9de745e3a2f8,04thinsetantsaleinfo202245644565,https://cdn.taiwanlottery.com.tw/app/Images/Scratch/20220414_133157280_1.jpg,https://www.taiwanlottery.com/news/news/04thinsetantsaleinfo202245644565
4564,超級麻將,上一屆(2024/1/1前),9,500,5000000,2022-04-21,111/04/21,2022-10-21,111/10/21,2023-01-30,112/01/30,2500000,100%,3,0,4845c963ffd84d05927bf46bc99cf116,04thinsetantsaleinfo202245644565,https://cdn.taiwanlottery.com.tw/app/Images/Scratch/20220414_132829452_1.jpg,https://www.taiwanlottery.com/news/news/04thinsetantsaleinfo202245644565
4563,雙重好運,上一屆(2024/1/1前),10,200,2000000,2022-04-07,111/04/07,2022-10-07,111/10/07,2023-01-10,112/01/10,3570000,75.59%,4,1,790f02843b954722af1c1a19d8dd8121,04thinsetantsaleinfo202245624563,https://cdn.taiwanlottery.com.tw/app/Images/Scratch/20220331_111729737_1.jpg,https://www.taiwanlottery.com/news/news/04thinsetantsaleinfo202245624563
4562,一路發,上一屆(2024/1/1前),11,200,2000000,2022-04-07,111/04/07,2022-10-07,111/10/07,2023-01-10,112/01/10,3570000,84.28%,4,0,2916ec01d2b040a2bc4ead565ded7b6b,04thinsetantsaleinfo202245624563,https://cdn.taiwanlottery.com.tw/app/Images/Scratch/20220331_111446611_1.jpg,https://www.taiwanlottery.com/news/news/04thinsetantsaleinfo202245624563
4561,加倍鑽,上一屆(2024/1/1前),13,100,1000000,2022-05-17,111/05/17,2022-11-17,111/11/17,2023-02-17,112/02/17,5100000,43.83%,4,3,5f36da5b3bdc46ccae5b1f2897904c60,04thinsetantsaleinfo202245684561,https://cdn.taiwanlottery.com.tw/app/Images/Scratch/20220513_163116122_1.jpg,https://www.taiwanlottery.com/news/news/04thinsetantsaleinfo202245684561
4560,獎金獵人,上一屆(2024/1/1前),9,200,2000000,2022-03-22,111/03/22,2022-09-22,111/09/22,2022-12-22,111/12/22,5100000,99.86%,5,0,5a50787f564f402487cf341763ae0664,04thinsetantsaleinfo202245600000,https://cdn.taiwanlottery.com.tw/app/Images/Scratch/20220317_104144094_1.jpg,https://www.taiwanlottery.com/news/news/04thinsetantsaleinfo202245600000
4559,釣魚高手,上一屆(2024/1/1前),11,200,2000000,2022-03-08,111/03/08,2022-09-08,111/09/08,2022-12-12,111/12/12,4080000,69.03%,4,1,7b279333b1c240428a091eac69bf9b9c,04thinsetantsaleinfo202245584559,https://cdn.taiwanlottery.com.tw/app/Images/Scratch/20220302_103946067_1.jpg,https://www.taiwanlottery.com/news/news/04thinsetantsaleinfo202245584559
4558,瘋狂吐鈔機,上一屆(2024/1/1前),11,200,2000000,2022-03-08,111/03/08,2022-09-08,111/09/08,2022-12-12,111/12/12,4080000,53.93%,4,3,70caf285d0284f348da03d0ec4ea55ab,04thinsetantsaleinfo202245584559,https://cdn.taiwanlottery.com.tw/app/Images/Scratch/20220302_103835989_1.jpg,https://www.taiwanlottery.com/news/news/04thinsetantsaleinfo202245584559
4557,好事成雙,上一屆(2024/1/1前),9,100,300000,2022-02-22,111/02/22,2022-08-22,111/08/22,2022-11-22,111/11/22,4080000,46.06%,6,5,992c4ee6d4094db6b65055125b81d148,04thinsetantsaleinfo202245514557,https://cdn.taiwanlottery.com.tw/app/Images/Scratch/20220211_140226480_1.jpg,https://www.taiwanlottery.com/news/news/04thinsetantsaleinfo202245514557
4556,黃金滿屋,上一屆(2024/1/1前),12,200,2000000,2022-02-22,111/02/22,2022-08-22,111/08/22,2022-11-22,111/11/22,4590000,99.32%,5,0,8fb7d2816c4048f0bde5ec3e58101ae2,04thinsetantsaleinfo202245514557,https://cdn.taiwanlottery.com.tw/app/Images/Scratch/20220211_135740714_1.jpg,https://www.taiwanlottery.com/news/news/04thinsetantsaleinfo202245514557
4555,好神保庇,上一屆(2024/1/1前),11,200,2000000,2022-07-05,111/07/05,2023-01-05,112/01/05,2023-04-06,112/04/06,3937400,41.42%,3,3,7d82adc7cdd049ee938e0dfbd21af84e,04thinsetantsaleinfo202245554573,https://cdn.taiwanlottery.com.tw/app/Images/Scratch/20220630_100340661_1.jpg,https://www.taiwanlottery.com/news/news/04thinsetantsaleinfo202245554573
4554,吃角子老虎,上一屆(2024/1/1前),8,300,3000000,2022-09-02,111/09/02,2023-03-02,112/03/02,2023-06-02,112/06/02,4590000,85.6%,3,0,7667fa9b1d724749b4311f24d68bd3ab,04thinsetantsaleinfo202245544580,https://cdn.taiwanlottery.com.tw/app/Images/Scratch/20220830_165125671_1.jpg,https://www.taiwanlottery.com/news/news/04thinsetantsaleinfo202245544580
4553,虎年行大運,上一屆(2024/1/1前),10,100,50000,2022-02-22,111/02/22,2022-07-18,111/07/18,2022-10-18,111/10/18,6120000,48.37%,100,52,f70375011209415f889e995b659884a9,04thinsetantsaleinfo202245514557,https://cdn.taiwanlottery.com.tw/app/Images/Scratch/20220211_142742030_1.jpg,https://www.taiwanlottery.com/news/news/04thinsetantsaleinfo202245514557
4552,財神報到,上一屆(2024/1/1前),13,100,800000,2022-02-22,111/02/22,2022-07-18,111/07/18,2022-10-18,111/10/18,6120000,33.5%,6,3,f3f7f988b6ec4cca867a07b947566600,04thinsetantsaleinfo202245514557,https://cdn.taiwanlottery.com.tw/app/Images/Scratch/20220211_134832542_1.jpg,https://www.taiwanlottery.com/news/news/04thinsetantsaleinfo202245514557
4551,筊好運,上一屆(2024/1/1前),10,200,2000000,2022-02-22,111/02/22,2022-07-18,111/07/18,2022-10-18,111/10/18,6120000,39.08%,6,5,3b87b0cf76054a16a83761cc44228df9,04thinsetantsaleinfo202245514557,https://cdn.taiwanlottery.com.tw/app/Images/Scratch/20220211_134634714_1.jpg,https://www.taiwanlottery.com/news/news/04thinsetantsaleinfo202245514557
4550,無敵開獎機,上一屆(2024/1/1前),10,300,3000000,2022-01-18,111/01/18,2022-07-18,111/07/18,2022-10-18,111/10/18,8160000,100%,5,0,8a178efabb824074b756ed51d49219da,04thinsetantsaleinfo202245494550,https://cdn.taiwanlottery.com.tw/app/Images/Scratch/20220111_150353520_1.jpg,https://www.taiwanlottery.com/news/news/04thinsetantsaleinfo202245494550
4549,五路財神,上一屆(2024/1/1前),9,500,5000000,2022-01-18,111/01/18,2022-07-18,111/07/18,2022-10-18,111/10/18,5500000,100%,7,0,a88fa10e441c4e54bc1d47b74e402a38,04thinsetantsaleinfo202245494550,https://cdn.taiwanlottery.com.tw/app/Images/Scratch/20220111_150154613_1.jpg,https://www.taiwanlottery.com/news/news/04thinsetantsaleinfo202245494550
4548,超速777,上一屆(2024/1/1前),12,100,700000,2022-01-11,111/01/11,2022-07-11,111/07/11,2022-10-11,111/10/11,6120000,97.49%,5,0,5337b9d902ef4c01b2a4d9fce8ab89d4,04thinsetantsaleinfo202245434548,https://cdn.taiwanlottery.com.tw/app/Images/Scratch/20220106_110335538_1.jpg,https://www.taiwanlottery.com/news/news/04thinsetantsaleinfo202245434548
4547,金骰子,上一屆(2024/1/1前),10,100,500000,2022-01-11,111/01/11,2022-07-11,111/07/11,2022-10-11,111/10/11,6120000,96.82%,5,0,a8db74d7bbf940f29ff6d3d21af3c02b,04thinsetantsaleinfo202245434548,https://cdn.taiwanlottery.com.tw/app/Images/Scratch/20220106_110154960_1.jpg,https://www.taiwanlottery.com/news/news/04thinsetantsaleinfo202245434548
4546,鴻運當頭,上一屆(2024/1/1前),10,200,2000000,2022-01-11,111/01/11,2022-07-11,111/07/11,2022-10-11,111/10/11,6120000,98%,6,0,1be2a8c3b3ed4ce38b882ab6e2fbe9ba,04thinsetantsaleinfo202245434548,https://cdn.taiwanlottery.com.tw/app/Images/Scratch/20220106_100624486_1.jpg,https://www.taiwanlottery.com/news/news/04thinsetantsaleinfo202245434548
4545,虎來旺,上一屆(2024/1/1前),9,200,100000,2022-01-11,111/01/11,2022-07-11,111/07/11,2022-10-11,111/10/11,6041300,98.8%,500,12,f1696bd0e8274b40976413221fe0fbfe,04thinsetantsaleinfo202245434548,https://cdn.taiwanlottery.com.tw/app/Images/Scratch/20220106_100501017_1.jpg,https://www.taiwanlottery.com/news/news/04thinsetantsaleinfo202245434548
4544,好運爆棚,上一屆(2024/1/1前),9,500,5000000,2022-01-11,111/01/11,2022-07-11,111/07/11,2022-10-11,111/10/11,4000000,100%,5,0,373c501e7fc14ebd847c518f75720e14,04thinsetantsaleinfo202245434548,https://cdn.taiwanlottery.com.tw/app/Images/Scratch/20220106_100310204_1.jpg,https://www.taiwanlottery.com/news/news/04thinsetantsaleinfo202245434548
4543,"1,200萬大吉利",上一屆(2024/1/1前),11,1000,12000000,2022-01-11,111/01/11,2022-07-11,111/07/11,2022-10-11,111/10/11,6000000,100%,5,0,1a0d3f86f17e4ef3b1f2b4a5eabc49df,04thinsetantsaleinfo202245434548,https://cdn.taiwanlottery.com.tw/app/Images/Scratch/20220106_100104423_1.jpg,https://www.taiwanlottery.com/news/news/04thinsetantsaleinfo202245434548
4542,金鼓開運,上一屆(2024/1/1前),10,100,300000,2022-01-04,111/01/04,2022-07-04,111/07/04,2022-10-04,111/10/04,6120000,94.75%,5,0,24000ff3207244179dbe4620b34cbd06,04thinsetantsaleinfo202245384542,https://cdn.taiwanlottery.com.tw/app/Images/Scratch/20211229_110150318_1.jpg,https://www.taiwanlottery.com/news/news/04thinsetantsaleinfo202245384542
4541,萬事大吉,上一屆(2024/1/1前),12,200,2000000,2022-01-04,111/01/04,2022-07-04,111/07/04,2022-10-04,111/10/04,6102000,96.21%,6,0,7571c928c98f4acfa75b8b8bc9b3d297,04thinsetantsaleinfo202245384542,https://cdn.taiwanlottery.com.tw/app/Images/Scratch/20211229_105125973_1.jpg,https://www.taiwanlottery.com/news/news/04thinsetantsaleinfo202245384542
4540,超級777,上一屆(2024/1/1前),11,200,2000000,2022-01-04,111/01/04,2022-07-04,111/07/04,2022-10-04,111/10/04,6120000,99.9%,6,0,c73e91dad1754cda873088a211bdc976,04thinsetantsaleinfo202245384542,https://cdn.taiwanlottery.com.tw/app/Images/Scratch/20211229_094304437_1.jpg,https://www.taiwanlottery.com/news/news/04thinsetantsaleinfo202245384542
4539,金虎獎,上一屆(2024/1/1前),13,500,3000000,2022-01-04,111/01/04,2022-07-04,111/07/04,2022-10-04,111/10/04,6500000,100%,12,0,e47db9aec44340eaaf84e237a5d212bf,04thinsetantsaleinfo202245384542,https://cdn.taiwanlottery.com.tw/app/Images/Scratch/20211229_093716936_1.jpg,https://www.taiwanlottery.com/news/news/04thinsetantsaleinfo202245384542
4538,"2,000萬超級紅包",上一屆(2024/1/1前),9,2000,20000000,2022-01-04,111/01/04,2022-07-04,111/07/04,2022-10-04,111/10/04,6499584,100%,5,0,0ee1f19afe15494db352f592a0aa5dff,04thinsetantsaleinfo202245384542,https://cdn.taiwanlottery.com.tw/app/Images/Scratch/20211229_093147920_1.jpg,https://www.taiwanlottery.com/news/news/04thinsetantsaleinfo202245384542
4537,歡樂賓果,上一屆(2024/1/1前),7,100,300000,2021-12-16,110/12/16,2022-06-16,111/06/16,2022-09-16,111/09/16,5100000,99.94%,5,0,c068f38d679749e8a5e01f73c282d097,04thinsetantsaleinfo202145364537,https://cdn.taiwanlottery.com.tw/app/Images/Scratch/20211210_100714670_1.jpg,https://www.taiwanlottery.com/news/news/04thinsetantsaleinfo202145364537
4536,百萬年終獎金,上一屆(2024/1/1前),10,200,1000000,2021-12-16,110/12/16,2022-06-16,111/06/16,2022-09-16,111/09/16,4080000,98.21%,60,2,f479ceb202174661b9d0bf7857d0d2ee,04thinsetantsaleinfo202145364537,https://cdn.taiwanlottery.com.tw/app/Images/Scratch/20211210_100221232_1.jpg,https://www.taiwanlottery.com/news/news/04thinsetantsaleinfo202145364537
4535,台灣金讚,上一屆(2024/1/1前),8,200,2000000,2021-12-02,110/12/02,2022-06-02,111/06/02,2022-09-05,111/09/05,4080000,99.71%,3,0,1ab3a0d88466456d8e4f35c96992ec4c,04thinsetantsaleinfo202145344535,https://cdn.taiwanlottery.com.tw/app/Images/Scratch/20211129_153416430_1.jpg,https://www.taiwanlottery.com/news/news/04thinsetantsaleinfo202145344535
4534,迎向2022,上一屆(2024/1/1前),9,500,5000000,2021-12-02,110/12/02,2022-06-02,111/06/02,2022-09-05,111/09/05,3000000,99.99%,3,0,27fbc311fdde46cf95af860870430e2c,04thinsetantsaleinfo202145344535,https://cdn.taiwanlottery.com.tw/app/Images/Scratch/20211130_101001071_1.jpg,https://www.taiwanlottery.com/news/news/04thinsetantsaleinfo202145344535
4533,辦桌,上一屆(2024/1/1前),8,100,10000,2021-11-16,110/11/16,2022-05-16,111/05/16,2022-08-16,111/08/16,4080000,98.92%,120,6,eef2733e188f42c991a43c561e3fd2ce,04thinsetantsaleinfo202145164533,https://cdn.taiwanlottery.com.tw/app/Images/Scratch/20211108_152611220_1.jpg,https://www.taiwanlottery.com/news/news/04thinsetantsaleinfo202145164533
4532,魔術金塊,上一屆(2024/1/1前),11,300,3000000,2021-11-02,110/11/02,2022-05-03,111/05/03,2022-08-03,111/08/03,4080000,69.43%,3,1,655f56ae7dcc44d58f3fd8247bb78022,04thinsetantsaleinfo202145324517,https://cdn.taiwanlottery.com.tw/app/Images/Scratch/20211026_131704208_1.jpg,https://www.taiwanlottery.com/news/news/04thinsetantsaleinfo202145324517
4531,幸運777,上一屆(2024/1/1前),9,100,700000,2021-10-19,110/10/19,2022-04-19,111/04/19,2022-07-19,111/07/19,5100000,97.72%,5,0,aa0b799db5df4aa882876bd556cee0e6,04thinsetantsaleinfo202145304531,https://cdn.taiwanlottery.com.tw/app/Images/Scratch/20211014_162737395_1.jpg,https://www.taiwanlottery.com/news/news/04thinsetantsaleinfo202145304531
4530,獎金倍倍樂,上一屆(2024/1/1前),12,200,2000000,2021-10-19,110/10/19,2022-04-19,111/04/19,2022-07-19,111/07/19,4025800,98.05%,3,0,c944209256504bb8b7955cecaf327136,04thinsetantsaleinfo202145304531,https://cdn.taiwanlottery.com.tw/app/Images/Scratch/20211014_162542098_1.jpg,https://www.taiwanlottery.com/news/news/04thinsetantsaleinfo202145304531
4529,哞力四射,上一屆(2024/1/1前),11,200,2000000,2021-10-05,110/10/05,2022-04-06,111/04/06,2022-07-06,111/07/06,3570000,47.59%,3,3,863cb8b7e64444298534f130379d0722,04thinsetantsaleinfo202145284529,https://cdn.taiwanlottery.com.tw/app/Images/Scratch/20210923_141226198_1.jpg,https://www.taiwanlottery.com/news/news/04thinsetantsaleinfo202145284529
4528,刮刮金樂透,上一屆(2024/1/1前),8,200,2000000,2021-10-05,110/10/05,2022-04-06,111/04/06,2022-07-06,111/07/06,5524400,100%,7,0,93bc953ec2914d19a1bb18fad7fb0b22,04thinsetantsaleinfo202145284529,https://cdn.taiwanlottery.com.tw/app/Images/Scratch/20210923_140105509_1.jpg,https://www.taiwanlottery.com/news/news/04thinsetantsaleinfo202145284529
4527,金喜大禮包,上一屆(2024/1/1前),11,200,1000000,2021-09-14,110/09/14,2022-03-14,111/03/14,2022-06-14,111/06/14,4080000,49.42%,50,26,5629d78ac2a442baa5bb706d8625974b,04thinsetantsaleinfo202145270000,https://cdn.taiwanlottery.com.tw/app/Images/Scratch/20210909_152253176_1.jpg,https://www.taiwanlottery.com/news/news/04thinsetantsaleinfo202145270000
4526,烤肉趣,上一屆(2024/1/1前),9,100,800000,2021-09-02,110/09/02,2022-03-02,111/03/02,2022-06-02,111/06/02,4080000,67.59%,3,1,9323f92139f44afd8db55bb9a41f372f,04thinsetantsaleinfo202145244526,https://cdn.taiwanlottery.com.tw/app/Images/Scratch/20210827_110800164_1.jpg,https://www.taiwanlottery.com/news/news/04thinsetantsaleinfo202145244526
4525,小精靈,上一屆(2024/1/1前),10,200,2000000,2021-09-02,110/09/02,2022-03-02,111/03/02,2022-06-02,111/06/02,4076300,59.65%,4,3,1fedba97004b4ec99e065f1f8cf8c8e2,04thinsetantsaleinfo202145244526,https://cdn.taiwanlottery.com.tw/app/Images/Scratch/20210827_110211022_1.jpg,https://www.taiwanlottery.com/news/news/04thinsetantsaleinfo202145244526
4524,大麻將,上一屆(2024/1/1前),10,1000,10000000,2021-09-02,110/09/02,2022-03-02,111/03/02,2022-06-02,111/06/02,3000000,100%,3,0,a4d786d28538470eace1375ec691fb02,04thinsetantsaleinfo202145244526,https://cdn.taiwanlottery.com.tw/app/Images/Scratch/20210827_104052410_1.jpg,https://www.taiwanlottery.com/news/news/04thinsetantsaleinfo202145244526
4523,單雙樂,上一屆(2024/1/1前),9,100,300000,2021-08-17,110/08/17,2022-02-17,111/02/17,2022-05-17,111/05/17,4080000,55.63%,3,2,8de9c8aa72cd48aa90f13e585c1d9db3,04thinsetantsaleinfo202145224523,https://cdn.taiwanlottery.com.tw/app/Images/Scratch/20210811_152148191_1.jpg,https://www.taiwanlottery.com/news/news/04thinsetantsaleinfo202145224523
4522,獎金大本贏,上一屆(2024/1/1前),9,200,2000000,2021-08-17,110/08/17,2022-02-17,111/02/17,2022-05-17,111/05/17,5083600,96.55%,3,0,901d2935185843a19495cf0bd55b5e73,04thinsetantsaleinfo202145224523,https://cdn.taiwanlottery.com.tw/app/Images/Scratch/20210811_151933035_1.jpg,https://www.taiwanlottery.com/news/news/04thinsetantsaleinfo202145224523
4521,金爆888,上一屆(2024/1/1前),9,200,1000000,2021-08-03,110/08/03,2022-02-07,111/02/07,2022-05-09,111/05/09,3486400,72.62%,30,9,fe004821f1a44d559195bc81e70f42c3,04thinsetantsaleinfo202145204521,https://cdn.taiwanlottery.com.tw/app/Images/Scratch/20210723_111940609_1.jpg,https://www.taiwanlottery.com/news/news/04thinsetantsaleinfo202145204521
4520,無敵777,上一屆(2024/1/1前),12,300,3000000,2021-08-03,110/08/03,2022-02-07,111/02/07,2022-05-09,111/05/09,5580600,90.86%,5,0,b80808c645764407a175f7369c492266,04thinsetantsaleinfo202145204521,https://cdn.taiwanlottery.com.tw/app/Images/Scratch/20210723_111152264_1.jpg,https://www.taiwanlottery.com/news/news/04thinsetantsaleinfo202145204521
4519,推金幣,上一屆(2024/1/1前),10,100,500000,2021-07-20,110/07/20,2022-01-20,111/01/20,2022-04-20,111/04/20,4080000,60.18%,4,4,f5c3ac8e3430483aaf0dbed7636903b6,04thinsetantsaleinfo202145184519,https://cdn.taiwanlottery.com.tw/app/Images/Scratch/20210714_091105930_1.jpg,https://www.taiwanlottery.com/news/news/04thinsetantsaleinfo202145184519
4518,金澎湃,上一屆(2024/1/1前),11,200,2000000,2021-07-20,110/07/20,2022-01-20,111/01/20,2022-04-20,111/04/20,4080000,35.98%,4,3,a237008110154aa0aa6a383d94517ba2,04thinsetantsaleinfo202145184519,https://cdn.taiwanlottery.com.tw/app/Images/Scratch/20210714_090816992_1.jpg,https://www.taiwanlottery.com/news/news/04thinsetantsaleinfo202145184519
4517,"樂刮$2,000",上一屆(2024/1/1前),7,200,1000000,2021-11-02,110/11/02,2022-05-03,111/05/03,2022-08-03,111/08/03,4000000,74.14%,3,0,581bd521492547ecb98ca753d8793f1d,04thinsetantsaleinfo202145324517,https://cdn.taiwanlottery.com.tw/app/Images/Scratch/20211026_132333318_1.jpg,https://www.taiwanlottery.com/news/news/04thinsetantsaleinfo202145324517
4516,黃金連線,上一屆(2024/1/1前),8,200,2000000,2021-11-16,110/11/16,2022-05-16,111/05/16,2022-08-16,111/08/16,5925600,100%,6,0,13ad308262ac44c78fbdf3a092f3b3eb,04thinsetantsaleinfo202145164533,https://cdn.taiwanlottery.com.tw/app/Images/Scratch/20211108_152336860_1.jpg,https://www.taiwanlottery.com/news/news/04thinsetantsaleinfo202145164533
4515,66大順,上一屆(2024/1/1前),10,100,600000,2021-06-16,110/06/16,2021-12-16,110/12/16,2022-03-16,111/03/16,4080000,61.25%,4,1,5fb7d8e9f9ce468197a3508188fed6e4,04thinsetantsaleinfo202145144515,https://cdn.taiwanlottery.com.tw/app/Images/Scratch/20210609_155156471_1.jpg,https://www.taiwanlottery.com/news/news/04thinsetantsaleinfo202145144515
4514,雙贏輪盤,上一屆(2024/1/1前),11,200,2000000,2021-06-16,110/06/16,2021-12-16,110/12/16,2022-03-16,111/03/16,4080000,47.21%,3,2,9229c59f68fe4573868f0001873f78a3,04thinsetantsaleinfo202145144515,https://cdn.taiwanlottery.com.tw/app/Images/Scratch/20210609_153737438_1.jpg,https://www.taiwanlottery.com/news/news/04thinsetantsaleinfo202145144515
4513,一路發,上一屆(2024/1/1前),11,200,2000000,2021-07-06,110/07/06,2021-12-02,110/12/02,2022-03-02,111/03/02,4080000,65.3%,4,2,02735040ffe84b3baf82f146a57d7cf7,04thinsetantsaleinfo202145124513,https://cdn.taiwanlottery.com.tw/app/Images/Scratch/20210621_155852598_1.jpg,https://www.taiwanlottery.com/news/news/04thinsetantsaleinfo202145124513
4512,鑽很大,上一屆(2024/1/1前),9,500,5000000,2021-07-06,110/07/06,2021-12-02,110/12/02,2022-03-02,111/03/02,2500000,99.99%,3,0,68b01fc1e4e34b1b859c6c9d0caa2e62,04thinsetantsaleinfo202145124513,https://cdn.taiwanlottery.com.tw/app/Images/Scratch/20210621_155410972_1.jpg,https://www.taiwanlottery.com/news/news/04thinsetantsaleinfo202145124513
4511,端出好事,上一屆(2024/1/1前),10,100,55000,2021-05-18,110/05/18,2021-11-18,110/11/18,2022-02-18,111/02/18,4019600,52.66%,55,26,b83d3296c815495a94a3fe6fa74f6ca0,04thinsetantsaleinfo202145104511,https://cdn.taiwanlottery.com.tw/app/Images/Scratch/20210506_153724699_1.jpg,https://www.taiwanlottery.com/news/news/04thinsetantsaleinfo202145104511
4510,幸運出擊,上一屆(2024/1/1前),12,200,2000000,2021-05-18,110/05/18,2021-11-18,110/11/18,2022-02-18,111/02/18,4080000,31.82%,4,4,c8dec00130d347d4aeb6ad73a89a12ed,04thinsetantsaleinfo202145104511,https://cdn.taiwanlottery.com.tw/app/Images/Scratch/20210506_153354120_1.jpg,https://www.taiwanlottery.com/news/news/04thinsetantsaleinfo202145104511
4509,黃金寶藏,上一屆(2024/1/1前),11,200,2000000,2021-05-04,110/05/04,2021-11-04,110/11/04,2022-02-07,111/02/07,4080000,45.38%,4,1,67b9236b9cc348fb9b316b1b009c8faf,04thinsetantsaleinfo202145084509,https://cdn.taiwanlottery.com.tw/app/Images/Scratch/20210421_162719727_1.jpg,https://www.taiwanlottery.com/news/news/04thinsetantsaleinfo202145084509
4508,瘋狂彈珠台,上一屆(2024/1/1前),11,300,3000000,2021-05-04,110/05/04,2021-11-04,110/11/04,2022-02-07,111/02/07,4590000,89.75%,3,1,4d7b59b0cdb1483c8f8b8e821f1e2f4a,04thinsetantsaleinfo202145084509,https://cdn.taiwanlottery.com.tw/app/Images/Scratch/20210421_161945663_1.jpg,https://www.taiwanlottery.com/news/news/04thinsetantsaleinfo202145084509
4507,釣魚高手,上一屆(2024/1/1前),11,200,2000000,2021-04-20,110/04/20,2021-10-20,110/10/20,2022-01-20,111/01/20,4080000,67.24%,4,2,fa30dabd705a47c796826bf8b28ecc40,04thinsetantsaleinfo202145064507,https://cdn.taiwanlottery.com.tw/app/Images/Scratch/20210412_170209813_1.jpg,https://www.taiwanlottery.com/news/news/04thinsetantsaleinfo202145064507
4506,幸運開獎機,上一屆(2024/1/1前),11,200,2000000,2021-04-20,110/04/20,2021-10-20,110/10/20,2022-01-20,111/01/20,5100000,99.91%,4,0,15e856d837f4423e922893ffdf5982b6,04thinsetantsaleinfo202145064507,https://cdn.taiwanlottery.com.tw/app/Images/Scratch/20210412_164807390_1.jpg,https://www.taiwanlottery.com/news/news/04thinsetantsaleinfo202145064507
4505,一起愛地球,上一屆(2024/1/1前),8,100,300000,2021-04-06,110/04/06,2021-10-06,110/10/06,2022-01-06,111/01/06,4080000,63.06%,3,1,e340ec75ca204bfd9301461051228793,04thinsetantsaleinfo202145044505,https://cdn.taiwanlottery.com.tw/app/Images/Scratch/20210325_163935598_1.jpg,https://www.taiwanlottery.com/news/news/04thinsetantsaleinfo202145044505
4504,喜八啦,上一屆(2024/1/1前),12,200,2000000,2021-04-06,110/04/06,2021-10-06,110/10/06,2022-01-06,111/01/06,4053900,58.06%,3,1,4af460ccd5554696b46a692ac85e5727,04thinsetantsaleinfo202145044505,https://cdn.taiwanlottery.com.tw/app/Images/Scratch/20210325_163022831_1.jpg,https://www.taiwanlottery.com/news/news/04thinsetantsaleinfo202145044505
4503,樂迎贏,上一屆(2024/1/1前),9,100,300000,2021-03-16,110/03/16,2021-09-16,110/09/16,2021-12-16,110/12/16,4590000,72.49%,5,2,60dce195874742c8896f3af9740cb243,04thinsetantsaleinfo202145024503,https://cdn.taiwanlottery.com.tw/app/Images/Scratch/20210308_144110844_1.jpg,https://www.taiwanlottery.com/news/news/04thinsetantsaleinfo202145024503
4502,獎金獵人,上一屆(2024/1/1前),9,200,2000000,2021-03-16,110/03/16,2021-09-16,110/09/16,2021-12-16,110/12/16,5100000,99.33%,5,1,74dc810e82dd4d9d94369276384415d9,04thinsetantsaleinfo202145024503,https://cdn.taiwanlottery.com.tw/app/Images/Scratch/20210308_143419765_1.jpg,https://www.taiwanlottery.com/news/news/04thinsetantsaleinfo202145024503
4501,加倍旺,上一屆(2024/1/1前),12,200,2000000,2021-03-02,110/03/02,2021-09-02,110/09/02,2021-12-02,110/12/02,4080000,91.53%,3,0,e230182012ef4a5cb6ed11934267b924,04thinsetantsaleinfo202145004501,https://cdn.taiwanlottery.com.tw/app/Images/Scratch/20210220_143242334_1.jpg,https://www.taiwanlottery.com/news/news/04thinsetantsaleinfo202145004501
4500,寵麻吉,上一屆(2024/1/1前),10,200,2000000,2021-03-02,110/03/02,2021-09-02,110/09/02,2021-12-02,110/12/02,5100000,68.32%,3,1,45b9167f49684ae0a1899d11c1d98924,04thinsetantsaleinfo202145004501,https://cdn.taiwanlottery.com.tw/app/Images/Scratch/20210220_142110051_1.jpg,https://www.taiwanlottery.com/news/news/04thinsetantsaleinfo202145004501
4441,海底大尋寶,上一屆(2024/1/1前),10,300,3000000,2021-02-18,110/02/18,2021-08-18,110/08/18,2021-11-18,110/11/18,4071300,99.9%,3,0,268f0309b58241bc89f3d4cf1b69fc6c,04thinsetantsaleinfo202144404441,https://cdn.taiwanlottery.com.tw/app/Images/Scratch/20210205_091702237_1.jpg,https://www.taiwanlottery.com/news/news/04thinsetantsaleinfo202144404441
4440,大富大貴,上一屆(2024/1/1前),9,500,5000000,2021-02-18,110/02/18,2021-08-18,110/08/18,2021-11-18,110/11/18,2500000,99.98%,2,0,12435cce18084d86a5933823c6f6f961,04thinsetantsaleinfo202144404441,https://cdn.taiwanlottery.com.tw/app/Images/Scratch/20210205_091252174_1.jpg,https://www.taiwanlottery.com/news/news/04thinsetantsaleinfo202144404441
4439,牛運當紅,上一屆(2024/1/1前),10,100,50000,2021-02-02,110/02/02,2021-08-02,110/08/02,2021-11-02,110/11/02,6100700,99.52%,100,3,23a4e1ad0b54413cab264144a7c1cda8,04thinsetantsaleinfo202144354439,https://cdn.taiwanlottery.com.tw/app/Images/Scratch/20210127_172212739_1.jpg,https://www.taiwanlottery.com/news/news/04thinsetantsaleinfo202144354439
4438,財神報到,上一屆(2024/1/1前),13,100,800000,2021-02-02,110/02/02,2021-08-02,110/08/02,2021-11-02,110/11/02,6091300,96.75%,6,0,0e8e19d9dbd44204b4e4eb3ee9d7fda4,04thinsetantsaleinfo202144354439,https://cdn.taiwanlottery.com.tw/app/Images/Scratch/20210122_172840363_1.jpg,https://www.taiwanlottery.com/news/news/04thinsetantsaleinfo202144354439
4437,招財進寶,上一屆(2024/1/1前),9,200,100000,2021-02-02,110/02/02,2021-08-02,110/08/02,2021-11-02,110/11/02,6120000,99.29%,500,11,b9e52d0cab7249afb5fdbaddf6c70808,04thinsetantsaleinfo202144354439,https://cdn.taiwanlottery.com.tw/app/Images/Scratch/20210122_172923363_1.jpg,https://www.taiwanlottery.com/news/news/04thinsetantsaleinfo202144354439
4436,超級777,上一屆(2024/1/1前),11,200,2000000,2021-02-02,110/02/02,2021-08-02,110/08/02,2021-11-02,110/11/02,6073600,99.89%,6,0,4994c5a0e8454cd0b9d4c146d96b8b1b,04thinsetantsaleinfo202144354439,https://cdn.taiwanlottery.com.tw/app/Images/Scratch/20210122_171416017_1.jpg,https://www.taiwanlottery.com/news/news/04thinsetantsaleinfo202144354439
4435,超級麻將,上一屆(2024/1/1前),9,500,5000000,2021-02-02,110/02/02,2021-08-02,110/08/02,2021-11-02,110/11/02,5000000,100%,7,1,3630ee5e22d742748d7366660c6f11b1,04thinsetantsaleinfo202144354439,https://cdn.taiwanlottery.com.tw/app/Images/Scratch/20210122_165615952_1.jpg,https://www.taiwanlottery.com/news/news/04thinsetantsaleinfo202144354439
4434,超速777,上一屆(2024/1/1前),0,100,700000,2021-01-19,110/01/19,2021-09-22,110/09/22,2021-12-22,110/12/22,6072000,99.45%,5,0,b8cb0064e54a4e338b3d16aab145aef6,04thinsetantsaleinfo202144294434,https://cdn.taiwanlottery.com.tw/app/Images/Scratch/20210114_143627750_1.jpg,https://www.taiwanlottery.com/news/news/04thinsetantsaleinfo202144294434
4433,好運到,上一屆(2024/1/1前),8,100,300000,2021-01-19,110/01/19,2021-09-22,110/09/22,2021-12-22,110/12/22,6120000,97.79%,5,0,5046abef49d74c6391af2a733ffefe67,04thinsetantsaleinfo202144294434,https://cdn.taiwanlottery.com.tw/app/Images/Scratch/20210114_143238390_1.jpg,https://www.taiwanlottery.com/news/news/04thinsetantsaleinfo202144294434
4432,大三元,上一屆(2024/1/1前),12,200,2000000,2021-01-19,110/01/19,2021-09-22,110/09/22,2021-12-22,110/12/22,6055900,83.94%,6,0,109ed08bb32548329474efe9725e9f07,04thinsetantsaleinfo202144294434,https://cdn.taiwanlottery.com.tw/app/Images/Scratch/20210114_142832640_1.jpg,https://www.taiwanlottery.com/news/news/04thinsetantsaleinfo202144294434
4431,刮刮金樂透,上一屆(2024/1/1前),8,200,2000000,2021-01-19,110/01/19,2021-09-22,110/09/22,2021-12-22,110/12/22,6120000,100%,8,0,0b14a3af00a34ccdb149622c9336024b,04thinsetantsaleinfo202144294434,https://cdn.taiwanlottery.com.tw/app/Images/Scratch/20210114_142501342_1.jpg,https://www.taiwanlottery.com/news/news/04thinsetantsaleinfo202144294434
4430,金牛獎,上一屆(2024/1/1前),13,500,3000000,2021-01-19,110/01/19,2021-09-22,110/09/22,2021-12-22,110/12/22,6000000,100%,10,0,1445ba9df375431fbc076641740f3a7c,04thinsetantsaleinfo202144294434,https://cdn.taiwanlottery.com.tw/app/Images/Scratch/20210114_142040498_1.jpg,https://www.taiwanlottery.com/news/news/04thinsetantsaleinfo202144294434
4429,"1,000萬行大運",上一屆(2024/1/1前),12,1000,10000000,2021-01-19,110/01/19,2021-09-22,110/09/22,2021-12-22,110/12/22,7500000,100%,5,0,e70e3221768f49febc304f9e4c503d72,04thinsetantsaleinfo202144294434,https://cdn.taiwanlottery.com.tw/app/Images/Scratch/20210114_141444575_1.jpg,https://www.taiwanlottery.com/news/news/04thinsetantsaleinfo202144294434
4428,金喜滿天,上一屆(2024/1/1前),10,100,500000,2021-01-05,110/01/05,2021-09-06,110/09/06,2021-12-06,110/12/06,5973500,96.53%,5,1,33f345dbf332425eb1c521f2a163a5b3,04thinsetantsaleinfo202144244428,https://cdn.taiwanlottery.com.tw/app/Images/Scratch/20201231_152959408_1.jpg,https://www.taiwanlottery.com/news/news/04thinsetantsaleinfo202144244428
4427,拉斯維加斯,上一屆(2024/1/1前),10,200,2000000,2021-01-05,110/01/05,2021-09-06,110/09/06,2021-12-06,110/12/06,6113300,71.95%,6,1,6c3ce2db5a5347fb91cbed1eb4dd8d5b,04thinsetantsaleinfo202144244428,https://cdn.taiwanlottery.com.tw/app/Images/Scratch/20201231_152548861_1.jpg,https://www.taiwanlottery.com/news/news/04thinsetantsaleinfo202144244428
4426,鈔票一把抓,上一屆(2024/1/1前),8,300,3000000,2021-01-05,110/01/05,2021-09-06,110/09/06,2021-12-06,110/12/06,6120000,99.19%,6,0,28d310ec02a0427eac4162b619d9bebb,04thinsetantsaleinfo202144244428,https://cdn.taiwanlottery.com.tw/app/Images/Scratch/20201231_151242546_1.jpg,https://www.taiwanlottery.com/news/news/04thinsetantsaleinfo202144244428
4425,2021賺翻天,上一屆(2024/1/1前),9,500,5000000,2021-01-05,110/01/05,2021-09-06,110/09/06,2021-12-06,110/12/06,4000000,99.98%,3,0,73ceb73d7972464fbd04d25d818aefd4,04thinsetantsaleinfo202144244428,https://cdn.taiwanlottery.com.tw/app/Images/Scratch/20201231_150208092_1.jpg,https://www.taiwanlottery.com/news/news/04thinsetantsaleinfo202144244428
4424,"2,000萬超級紅包",上一屆(2024/1/1前),9,2000,20000000,2021-01-05,110/01/05,2021-09-06,110/09/06,2021-12-06,110/12/06,4999680,100%,3,0,d26c22b92e304e6793ca6144bd417a2b,04thinsetantsaleinfo202144244428,https://cdn.taiwanlottery.com.tw/app/Images/Scratch/20201231_095738174_1.jpg,https://www.taiwanlottery.com/news/news/04thinsetantsaleinfo202144244428
4423,歡樂賓果,上一屆(2024/1/1前),7,100,300000,2020-12-15,109/12/15,2021-08-16,110/08/16,2021-11-16,110/11/16,5100000,99.98%,5,0,3a2252a28d71424089f79a520b134b4b,04thinsetantsaleinfo202044224423,https://cdn.taiwanlottery.com.tw/app/Images/Scratch/20201223_095306559_1.jpg,https://www.taiwanlottery.com/news/news/04thinsetantsaleinfo202044224423
4422,魔術金塊,上一屆(2024/1/1前),11,300,3000000,2020-12-15,109/12/15,2021-08-16,110/08/16,2021-11-16,110/11/16,4080000,96.74%,3,0,dbbf1ade2c7a4570b221b1b68521a618,04thinsetantsaleinfo202044224423,https://cdn.taiwanlottery.com.tw/app/Images/Scratch/20201222_162644256_1.jpg,https://www.taiwanlottery.com/news/news/04thinsetantsaleinfo202044224423
4421,連線派對,上一屆(2024/1/1前),8,200,2000000,2020-12-02,109/12/02,2021-06-02,110/06/02,2021-09-02,110/09/02,5100000,99.99%,5,0,ddeb35a46bf64937a87dd024fbdbadb0,04thinsetantsaleinfo202044204421,https://cdn.taiwanlottery.com.tw/app/Images/Scratch/20201209_145302133_1.jpg,https://www.taiwanlottery.com/news/news/04thinsetantsaleinfo202044204421
4420,"5,000再慶",上一屆(2024/1/1前),6,500,5000000,2020-12-02,109/12/02,2021-06-02,110/06/02,2021-09-02,110/09/02,3000000,99.99%,2,0,a00d2332acb9420991546ec017106e49,04thinsetantsaleinfo202044204421,https://cdn.taiwanlottery.com.tw/app/Images/Scratch/20201209_144626914_1.jpg,https://www.taiwanlottery.com/news/news/04thinsetantsaleinfo202044204421
4419,加倍鑽,上一屆(2024/1/1前),13,100,1000000,2020-11-17,109/11/17,2021-05-17,110/05/17,2021-08-17,110/08/17,4080000,99.83%,3,0,7688b09a28e44acd99b82a672ed75dde,04thinsetantsaleinfo202044184419,https://cdn.taiwanlottery.com.tw/app/Images/Scratch/20201209_143951757_1.jpg,https://www.taiwanlottery.com/news/news/04thinsetantsaleinfo202044184419
4418,三星樂,上一屆(2024/1/1前),12,200,2000000,2020-11-17,109/11/17,2021-05-17,110/05/17,2021-08-17,110/08/17,4080000,66.36%,3,2,f37cafe3d0984198a0d5f09356aed805,04thinsetantsaleinfo202044184419,https://cdn.taiwanlottery.com.tw/app/Images/Scratch/20201223_131354907_1.jpg,https://www.taiwanlottery.com/news/news/04thinsetantsaleinfo202044184419
4417,"樂刮$2,000",上一屆(2024/1/1前),0,200,1000000,2020-10-20,109/10/20,2021-05-03,110/05/03,2021-08-03,110/08/03,4080000,84.96%,3,0,61d0f7aafe674edb8844a43777b481fb,04thinsetantsaleinfo202044134417,https://cdn.taiwanlottery.com.tw/app/Images/Scratch/20201222_145019387_1.jpg,https://www.taiwanlottery.com/news/news/04thinsetantsaleinfo202044134417
4416,金喜成雙,上一屆(2024/1/1前),11,200,2000000,2020-11-03,109/11/03,2021-05-03,110/05/03,2021-08-03,110/08/03,4080000,58.91%,3,3,8af5125aac3545698ab55a03f9d38a6d,04thinsetantsaleinfo202044154416,https://cdn.taiwanlottery.com.tw/app/Images/Scratch/20201223_134350583_1.jpg,https://www.taiwanlottery.com/news/news/04thinsetantsaleinfo202044154416
4415,獎金大本贏,上一屆(2024/1/1前),9,200,2000000,2020-11-03,109/11/03,2021-05-03,110/05/03,2021-08-03,110/08/03,4033000,100%,3,0,b25ac6194279460d84d1d2a696a862b0,04thinsetantsaleinfo202044154416,https://cdn.taiwanlottery.com.tw/app/Images/Scratch/20201223_134131708_1.jpg,https://www.taiwanlottery.com/news/news/04thinsetantsaleinfo202044154416
4414,單雙樂,上一屆(2024/1/1前),9,100,300000,2020-10-06,109/10/06,2021-04-20,110/04/20,2021-07-20,110/07/20,4080000,99.74%,3,0,f7e569ca311a4ca889351a1dc3db8860,04thinsetantsaleinfo202044114414,https://cdn.taiwanlottery.com.tw/app/Images/Scratch/20201224_162647046_1.jpg,https://www.taiwanlottery.com/news/news/04thinsetantsaleinfo202044114414
4413,鈔票滿天飛,上一屆(2024/1/1前),0,200,2000000,2020-10-20,109/10/20,2021-04-20,110/04/20,2021-07-20,110/07/20,4080000,58.25%,5,4,0d4c2e707ecf4ac996cd7f8a2999aa3c,04thinsetantsaleinfo202044134417,https://cdn.taiwanlottery.com.tw/app/Images/Scratch/20201224_162946703_1.jpg,https://www.taiwanlottery.com/news/news/04thinsetantsaleinfo202044134417
4412,順10中,上一屆(2024/1/1前),10,200,1000000,2020-10-06,109/10/06,2021-04-06,110/04/06,2021-07-06,110/07/06,4080000,56.38%,30,12,62f24915aae04a54a094201222ed91d2,04thinsetantsaleinfo202044114414,https://cdn.taiwanlottery.com.tw/app/Images/Scratch/20201224_162305124_1.jpg,https://www.taiwanlottery.com/news/news/04thinsetantsaleinfo202044114414
4411,生日快樂,上一屆(2024/1/1前),11,200,2000000,2020-10-06,109/10/06,2021-04-06,110/04/06,2021-07-06,110/07/06,4073400,54.32%,4,2,b2a85e35943d40999e7328f097b170eb,04thinsetantsaleinfo202044114414,https://cdn.taiwanlottery.com.tw/app/Images/Scratch/20201223_135027162_1.jpg,https://www.taiwanlottery.com/news/news/04thinsetantsaleinfo202044114414
4410,麻將,上一屆(2024/1/1前),13,200,2000000,2020-09-15,109/09/15,2021-03-15,110/03/15,2021-06-15,110/06/15,5100000,100%,5,0,c0e81280439549bdae45e8c1202d2b0b,04thinsetantsaleinfo202044094410,https://cdn.taiwanlottery.com.tw/app/Images/Scratch/20201223_140338836_1.jpg,https://www.taiwanlottery.com/news/news/04thinsetantsaleinfo202044094410
4409,無敵777,上一屆(2024/1/1前),12,300,3000000,2020-09-15,109/09/15,2021-03-15,110/03/15,2021-06-15,110/06/15,4080000,100%,4,0,00106dd7ac9b44b6acea8fa3cee5892b,04thinsetantsaleinfo202044094410,https://cdn.taiwanlottery.com.tw/app/Images/Scratch/20201209_142241098_1.jpg,https://www.taiwanlottery.com/news/news/04thinsetantsaleinfo202044094410
4408,幸福好圓,上一屆(2024/1/1前),10,200,100000,2020-09-02,109/09/02,2021-03-02,110/03/02,2021-06-02,110/06/02,3570000,75.25%,200,64,0b999c8dfed848e0b1c2df38cb273fe5,04thinsetantsaleinfo202044074408,https://cdn.taiwanlottery.com.tw/app/Images/Scratch/20201223_133128581_1.jpg,https://www.taiwanlottery.com/news/news/04thinsetantsaleinfo202044074408
4407,"1,000萬大富翁",上一屆(2024/1/1前),7,1000,10000000,2020-09-02,109/09/02,2021-03-02,110/03/02,2021-06-02,110/06/02,1500000,100%,2,0,aacbc37d7c1a477086ffa245ee0f186d,04thinsetantsaleinfo202044074408,https://cdn.taiwanlottery.com.tw/app/Images/Scratch/20201209_140601408_1.jpg,https://www.taiwanlottery.com/news/news/04thinsetantsaleinfo202044074408
4406,推金幣,上一屆(2024/1/1前),10,100,500000,2020-08-18,109/08/18,2021-02-18,110/02/18,2021-05-18,110/05/18,3570000,99.96%,3,0,75216e9e83a74fd883a1bdf0f2b558b0,04thinsetantsaleinfo202044054406,https://cdn.taiwanlottery.com.tw/app/Images/Scratch/20201223_113644847_1.jpg,https://www.taiwanlottery.com/news/news/04thinsetantsaleinfo202044054406
4405,鑽石樂園,上一屆(2024/1/1前),11,200,1000000,2020-08-18,109/08/18,2021-02-18,110/02/18,2021-05-18,110/05/18,3570000,53.06%,4,2,fc65a9582ca242bf868095055fbb3eb9,04thinsetantsaleinfo202044054406,https://cdn.taiwanlottery.com.tw/app/Images/Scratch/20201223_132200502_1.jpg,https://www.taiwanlottery.com/news/news/04thinsetantsaleinfo202044054406
4404,台灣好棒,上一屆(2024/1/1前),8,200,1000000,2020-08-04,109/08/04,2021-02-04,110/02/04,2021-05-04,110/05/04,3570000,99.87%,3,0,0facfb5fc73340c9a4ffc84c007cd7b5,04thinsetantsaleinfo202044034404,https://cdn.taiwanlottery.com.tw/app/Images/Scratch/20201209_135055265_1.jpg,https://www.taiwanlottery.com/news/news/04thinsetantsaleinfo202044034404
4403,黃金連線,上一屆(2024/1/1前),8,200,2000000,2020-08-04,109/08/04,2021-02-04,110/02/04,2021-05-04,110/05/04,4590000,100%,5,0,90b69b1386704df69dc6ce0628858786,04thinsetantsaleinfo202044034404,https://cdn.taiwanlottery.com.tw/app/Images/Scratch/20201224_161915639_1.jpg,https://www.taiwanlottery.com/news/news/04thinsetantsaleinfo202044034404
4402,幸運輪盤,上一屆(2024/1/1前),12,200,2000000,2020-07-15,109/07/15,2021-01-15,110/01/15,2021-04-19,110/04/19,3570000,96.18%,3,0,086ae516aba84993b4d12197d1e9f7da,04thinsetantsaleinfo202044014402,https://cdn.taiwanlottery.com.tw/app/Images/Scratch/20201224_161344763_1.jpg,https://www.taiwanlottery.com/news/news/04thinsetantsaleinfo202044014402
4401,一路發,上一屆(2024/1/1前),11,200,2000000,2020-07-15,109/07/15,2021-01-15,110/01/15,2021-04-19,110/04/19,3570000,98.44%,4,0,07a61db4d3f94ef9a3ec9727e3be29fb,04thinsetantsaleinfo202044014402,https://cdn.taiwanlottery.com.tw/app/Images/Scratch/20201224_160738968_1.jpg,https://www.taiwanlottery.com/news/news/04thinsetantsaleinfo202044014402
4400,幸運開獎機,上一屆(2024/1/1前),11,200,2000000,2020-07-02,109/07/02,2021-01-04,110/01/04,2021-04-06,110/04/06,4058200,100%,3,0,607fe74c15a349769590f542ca4ecc5a,04thinsetantsaleinfo202043994400,https://cdn.taiwanlottery.com.tw/app/Images/Scratch/20201223_141430069_1.jpg,https://www.taiwanlottery.com/news/news/04thinsetantsaleinfo202043994400
4399,幸運777,上一屆(2024/1/1前),9,100,700000,2020-07-02,109/07/02,2021-01-04,110/01/04,2021-04-06,110/04/06,3570000,100%,4,0,bdad6013a27b4a038d7852c15f866286,04thinsetantsaleinfo202043994400,https://cdn.taiwanlottery.com.tw/app/Images/Scratch/20201223_141856132_1.jpg,https://www.taiwanlottery.com/news/news/04thinsetantsaleinfo202043994400
4398,鑽很大,上一屆(2024/1/1前),9,500,5000000,2020-06-16,109/06/16,2020-12-16,109/12/16,2021-03-16,110/03/16,3000000,99.99%,3,0,0eb837eaf1174ffbb0f35803118063b0,04thinsetantsaleinfo202043980000,https://cdn.taiwanlottery.com.tw/app/Images/Scratch/20201223_113124018_1.jpg,https://www.taiwanlottery.com/news/news/04thinsetantsaleinfo202043980000
4397,黃金滿屋,上一屆(2024/1/1前),12,200,2000000,2020-06-02,109/06/02,2020-12-02,109/12/02,2021-03-02,110/03/02,4066500,98.6%,5,0,be675434694e430599f066d2dd05aea0,04thinsetantsaleinfo202043964397,https://cdn.taiwanlottery.com.tw/app/Images/Scratch/20201223_112921361_1.jpg,https://www.taiwanlottery.com/news/news/04thinsetantsaleinfo202043964397
4396,金好中,上一屆(2024/1/1前),10,200,550000,2020-06-02,109/06/02,2020-12-02,109/12/02,2021-03-02,110/03/02,4048600,69.67%,55,22,63d61e1b395842b1977e38f6211f2fbf,04thinsetantsaleinfo202043964397,https://cdn.taiwanlottery.com.tw/app/Images/Scratch/20201223_112725173_1.jpg,https://www.taiwanlottery.com/news/news/04thinsetantsaleinfo202043964397
4395,海底大尋寶,上一屆(2024/1/1前),10,300,3000000,2020-05-19,109/05/19,2020-11-19,109/11/19,2021-02-19,110/02/19,5100000,100%,3,0,f6ef6bf4256a4b988525bae55ac425f4,04thinsetantsaleinfo202043950000,https://cdn.taiwanlottery.com.tw/app/Images/Scratch/20201223_112127063_1.jpg,https://www.taiwanlottery.com/news/news/04thinsetantsaleinfo202043950000
4394,2020520,上一屆(2024/1/1前),9,200,200000,2020-05-05,109/05/05,2020-11-05,109/11/05,2021-02-05,110/02/05,4075900,45.58%,100,56,f3c49bd6c238401b8c46e5d9e76499ad,04thinsetantsaleinfo202043934394,https://cdn.taiwanlottery.com.tw/app/Images/Scratch/20201223_111332656_1.jpg,https://www.taiwanlottery.com/news/news/04thinsetantsaleinfo202043934394
4393,寵麻吉,上一屆(2024/1/1前),10,200,2000000,2020-05-05,109/05/05,2020-11-05,109/11/05,2021-02-05,110/02/05,4080000,74.82%,3,0,d45ddee855df4e3cbf221b226bf94a17,04thinsetantsaleinfo202043934394,https://cdn.taiwanlottery.com.tw/app/Images/Scratch/20201223_111147624_1.jpg,https://www.taiwanlottery.com/news/news/04thinsetantsaleinfo202043934394
4391,麻將賓果,上一屆(2024/1/1前),8,200,2000000,2020-04-21,109/04/21,2020-10-21,109/10/21,2021-01-21,110/01/21,5100000,100%,4,0,a0f5c19912a4444c9394db27864fc761,04thinsetantsaleinfo202043910000,https://cdn.taiwanlottery.com.tw/app/Images/Scratch/20201223_110718050_1.jpg,https://www.taiwanlottery.com/news/news/04thinsetantsaleinfo202043910000
4389,轉運星盤,上一屆(2024/1/1前),11,200,2000000,2020-04-07,109/04/07,2020-10-07,109/10/07,2021-01-07,110/01/07,4080000,53.92%,4,3,1309,04thinsetantsaleinfo202043890000,https://cdn.taiwanlottery.com.tw/app/FilesForDownload/TLCWeb/instant/images/150/IN1090331_small_4389.jpg,https://www.taiwanlottery.com/news/news/04thinsetantsaleinfo202043890000
4387,棋開得勝,上一屆(2024/1/1前),12,200,2000000,2020-03-17,109/03/17,2020-09-17,109/09/17,2020-12-17,109/12/17,4080000,47.33%,3,1,1308,04thinsetantsaleinfo202043870000,https://cdn.taiwanlottery.com.tw/app/FilesForDownload/TLCWeb/instant/images/149/IN1090312_small_4387.jpg,https://www.taiwanlottery.com/news/news/04thinsetantsaleinfo202043870000
4385,贏向終點線,上一屆(2024/1/1前),12,200,2000000,2020-03-03,109/03/03,2020-09-03,109/09/03,2020-12-03,109/12/03,4076300,33.84%,3,2,1307,04thinsetantsaleinfo202043850000,https://cdn.taiwanlottery.com.tw/app/FilesForDownload/TLCWeb/instant/images/148/IN1090226_small_4385.jpg,https://www.taiwanlottery.com/news/news/04thinsetantsaleinfo202043850000
4384,幸福肥,上一屆(2024/1/1前),10,100,300000,2020-02-18,109/02/18,2020-08-18,109/08/18,2020-11-18,109/11/18,4080000,78%,4,1,1306,04thinsetantsaleinfo202043834384,https://cdn.taiwanlottery.com.tw/app/FilesForDownload/TLCWeb/instant/images/147/IN1090214_small_4384.jpg,https://www.taiwanlottery.com/news/news/04thinsetantsaleinfo202043834384
4383,媽祖保庇,上一屆(2024/1/1前),12,200,2000000,2020-02-18,109/02/18,2020-08-18,109/08/18,2020-11-18,109/11/18,4064000,38.66%,5,4,1305,04thinsetantsaleinfo202043834384,https://cdn.taiwanlottery.com.tw/app/FilesForDownload/TLCWeb/instant/images/147/IN1090214_small_4383.jpg,https://www.taiwanlottery.com/news/news/04thinsetantsaleinfo202043834384
4381,獎金獵人,上一屆(2024/1/1前),9,200,2000000,2020-02-04,109/02/04,2020-08-04,109/08/04,2020-11-04,109/11/04,5100000,83.96%,5,1,1304,04thinsetantsaleinfo202043804381,https://cdn.taiwanlottery.com.tw/app/FilesForDownload/TLCWeb/instant/images/146/IN1090204_small_4381.jpg,https://www.taiwanlottery.com/news/news/04thinsetantsaleinfo202043804381
4380,好運天天,上一屆(2024/1/1前),10,200,1000000,2020-02-04,109/02/04,2020-08-04,109/08/04,2020-11-04,109/11/04,4080000,42.05%,4,2,1303,04thinsetantsaleinfo202043804381,https://cdn.taiwanlottery.com.tw/app/FilesForDownload/TLCWeb/instant/images/146/IN1090204_small_4380.jpg,https://www.taiwanlottery.com/news/news/04thinsetantsaleinfo202043804381
4379,鼠年行大運,上一屆(2024/1/1前),10,100,50000,2020-01-16,109/01/16,2020-07-16,109/07/16,2020-10-16,109/10/16,6120000,98.49%,100,2,1302,04thinsetantsaleinfo202043744379,https://cdn.taiwanlottery.com.tw/app/FilesForDownload/TLCWeb/instant/images/145/IN1090116_small_4379.jpg,https://www.taiwanlottery.com/news/news/04thinsetantsaleinfo202043744379
4378,好運鼠不完,上一屆(2024/1/1前),8,100,300000,2020-01-16,109/01/16,2020-07-16,109/07/16,2020-10-16,109/10/16,6120000,79.61%,5,2,1301,04thinsetantsaleinfo202043744379,https://cdn.taiwanlottery.com.tw/app/FilesForDownload/TLCWeb/instant/images/145/IN1090116_small_4378.jpg,https://www.taiwanlottery.com/news/news/04thinsetantsaleinfo202043744379
4377,金鼠報喜,上一屆(2024/1/1前),10,200,2000000,2020-01-16,109/01/16,2020-07-16,109/07/16,2020-10-16,109/10/16,6120000,79.05%,6,3,1300,04thinsetantsaleinfo202043744379,https://cdn.taiwanlottery.com.tw/app/FilesForDownload/TLCWeb/instant/images/145/IN1090116_small_4377.jpg,https://www.taiwanlottery.com/news/news/04thinsetantsaleinfo202043744379
4376,金麻將,上一屆(2024/1/1前),11,300,3000000,2020-01-16,109/01/16,2020-07-16,109/07/16,2020-10-16,109/10/16,6106600,100%,6,0,1299,04thinsetantsaleinfo202043744379,https://cdn.taiwanlottery.com.tw/app/FilesForDownload/TLCWeb/instant/images/145/IN1090116_small_4376.jpg,https://www.taiwanlottery.com/news/news/04thinsetantsaleinfo202043744379
4375,金鼠獎,上一屆(2024/1/1前),13,500,3000000,2020-01-16,109/01/16,2020-07-16,109/07/16,2020-10-16,109/10/16,6000000,89.29%,10,1,1298,04thinsetantsaleinfo202043744379,https://cdn.taiwanlottery.com.tw/app/FilesForDownload/TLCWeb/instant/images/145/IN1090116_small_4375.jpg,https://www.taiwanlottery.com/news/news/04thinsetantsaleinfo202043744379
4374,發紅包,上一屆(2024/1/1前),9,200,100000,2020-01-16,109/01/16,2020-07-16,109/07/16,2020-10-16,109/10/16,6120000,61.25%,500,199,1297,04thinsetantsaleinfo202043744379,https://cdn.taiwanlottery.com.tw/app/FilesForDownload/TLCWeb/instant/images/145/IN1090116_small_4374.jpg,https://www.taiwanlottery.com/news/news/04thinsetantsaleinfo202043744379
4373,超級777,上一屆(2024/1/1前),11,200,2000000,2020-01-09,109/01/09,2020-07-09,109/07/09,2020-10-12,109/10/12,6120000,99.62%,6,0,1296,04thinsetantsaleinfo202043684373,https://cdn.taiwanlottery.com.tw/app/FilesForDownload/TLCWeb/instant/images/144/IN1090109_small_4373.jpg,https://www.taiwanlottery.com/news/news/04thinsetantsaleinfo202043684373
4372,財神報到,上一屆(2024/1/1前),13,100,800000,2020-01-09,109/01/09,2020-07-09,109/07/09,2020-10-12,109/10/12,6120000,91.53%,6,1,1295,04thinsetantsaleinfo202043684373,https://cdn.taiwanlottery.com.tw/app/FilesForDownload/TLCWeb/instant/images/144/IN1090109_small_4372.jpg,https://www.taiwanlottery.com/news/news/04thinsetantsaleinfo202043684373
4371,步步高升,上一屆(2024/1/1前),10,100,500000,2020-01-09,109/01/09,2020-07-09,109/07/09,2020-10-12,109/10/12,6120000,90.41%,5,1,1294,04thinsetantsaleinfo202043684373,https://cdn.taiwanlottery.com.tw/app/FilesForDownload/TLCWeb/instant/images/144/IN1090109_small_4371.jpg,https://www.taiwanlottery.com/news/news/04thinsetantsaleinfo202043684373
4370,五路財神,上一屆(2024/1/1前),9,500,5000000,2020-01-09,109/01/09,2020-07-09,109/07/09,2020-10-12,109/10/12,3000000,94.96%,4,0,1293,04thinsetantsaleinfo202043684373,https://cdn.taiwanlottery.com.tw/app/FilesForDownload/TLCWeb/instant/images/144/IN1090109_small_4370.jpg,https://www.taiwanlottery.com/news/news/04thinsetantsaleinfo202043684373
4369,紅包一把抓,上一屆(2024/1/1前),8,300,3000000,2020-01-09,109/01/09,2020-07-09,109/07/09,2020-10-12,109/10/12,6120000,80.01%,8,2,1292,04thinsetantsaleinfo202043684373,https://cdn.taiwanlottery.com.tw/app/FilesForDownload/TLCWeb/instant/images/144/IN1090109_small_4369.jpg,https://www.taiwanlottery.com/news/news/04thinsetantsaleinfo202043684373
4368,"1,200萬大吉利",上一屆(2024/1/1前),12,1000,12000000,2020-01-09,109/01/09,2020-07-09,109/07/09,2020-10-12,109/10/12,4000000,99.46%,3,0,1291,04thinsetantsaleinfo202043684373,https://cdn.taiwanlottery.com.tw/app/FilesForDownload/TLCWeb/instant/images/144/IN1090109_small_4368.jpg,https://www.taiwanlottery.com/news/news/04thinsetantsaleinfo202043684373
4367,超速777,上一屆(2024/1/1前),12,100,700000,2020-01-02,109/01/02,2020-07-02,109/07/02,2020-10-05,109/10/05,6120000,99.72%,5,0,1290,04thinsetantsaleinfo202043634367,https://cdn.taiwanlottery.com.tw/app/FilesForDownload/TLCWeb/instant/images/143/IN1090102_small_4367.jpg,https://www.taiwanlottery.com/news/news/04thinsetantsaleinfo202043634367
4366,百萬年終獎金,上一屆(2024/1/1前),10,200,1000000,2020-01-02,109/01/02,2020-07-02,109/07/02,2020-10-05,109/10/05,6120000,77.69%,100,22,1289,04thinsetantsaleinfo202043634367,https://cdn.taiwanlottery.com.tw/app/FilesForDownload/TLCWeb/instant/images/143/IN1090102_small_4366.jpg,https://www.taiwanlottery.com/news/news/04thinsetantsaleinfo202043634367
4365,刮刮金樂透,上一屆(2024/1/1前),8,200,2000000,2020-01-02,109/01/02,2020-07-02,109/07/02,2020-10-05,109/10/05,6120000,99.75%,8,0,1288,04thinsetantsaleinfo202043634367,https://cdn.taiwanlottery.com.tw/app/FilesForDownload/TLCWeb/instant/images/143/IN1090102_small_4365.jpg,https://www.taiwanlottery.com/news/news/04thinsetantsaleinfo202043634367
4364,贏家對決,上一屆(2024/1/1前),8,500,3000000,2020-01-02,109/01/02,2020-07-02,109/07/02,2020-10-05,109/10/05,3000000,82.59%,5,0,1287,04thinsetantsaleinfo202043634367,https://cdn.taiwanlottery.com.tw/app/FilesForDownload/TLCWeb/instant/images/143/IN1090102_small_4364.jpg,https://www.taiwanlottery.com/news/news/04thinsetantsaleinfo202043634367
4363,"2,000萬超級紅包",上一屆(2024/1/1前),9,2000,20000000,2020-01-02,109/01/02,2020-07-02,109/07/02,2020-10-05,109/10/05,4999680,99.99%,3,0,1286,04thinsetantsaleinfo202043634367,https://cdn.taiwanlottery.com.tw/app/FilesForDownload/TLCWeb/instant/images/143/IN1090102_small_4363.jpg,https://www.taiwanlottery.com/news/news/04thinsetantsaleinfo202043634367
4362,新年快樂,上一屆(2024/1/1前),13,500,3000000,2019-12-16,108/12/16,2020-06-16,109/06/16,2020-09-16,109/09/16,4000000,86.64%,4,1,1285,04thinsetantsaleinfo201943614362,https://cdn.taiwanlottery.com.tw/app/FilesForDownload/TLCWeb/instant/images/142/IN1081211_small_4362.jpg,https://www.taiwanlottery.com/news/news/04thinsetantsaleinfo201943614362
4361,大麻將,上一屆(2024/1/1前),11,1000,10000000,2019-12-16,108/12/16,2020-06-16,109/06/16,2020-09-16,109/09/16,3500000,94.26%,2,0,1283,04thinsetantsaleinfo201943614362,https://cdn.taiwanlottery.com.tw/app/FilesForDownload/TLCWeb/instant/images/142/IN1081211_small_4361.jpg,https://www.taiwanlottery.com/news/news/04thinsetantsaleinfo201943614362
4360,辦桌,上一屆(2024/1/1前),8,100,10000,2019-12-02,108/12/02,2020-06-02,109/06/02,2020-09-02,109/09/02,5100000,91.94%,150,12,1282,04thinsetantsaleinfo201943584360,https://cdn.taiwanlottery.com.tw/app/FilesForDownload/TLCWeb/instant/images/141/IN1081127_small_4360.jpg,https://www.taiwanlottery.com/news/news/04thinsetantsaleinfo201943584360
4359,新北市歡樂耶誕城,上一屆(2024/1/1前),10,200,2000000,2019-12-02,108/12/02,2020-06-02,109/06/02,2020-09-02,109/09/02,3570000,66.71%,3,1,1281,04thinsetantsaleinfo201943584360,https://cdn.taiwanlottery.com.tw/app/FilesForDownload/TLCWeb/instant/images/141/IN1081127_small_4359.jpg,https://www.taiwanlottery.com/news/news/04thinsetantsaleinfo201943584360
4358,"5,000同慶",上一屆(2024/1/1前),5,500,5000,2019-12-02,108/12/02,2020-06-02,109/06/02,2020-09-02,109/09/02,2250000,98.85%,50000,732,1280,04thinsetantsaleinfo201943584360,https://cdn.taiwanlottery.com.tw/app/FilesForDownload/TLCWeb/instant/images/141/IN1081127_small_4358.jpg,https://www.taiwanlottery.com/news/news/04thinsetantsaleinfo201943584360
4357,歡樂賓果,上一屆(2024/1/1前),7,100,300000,2019-11-18,108/11/18,2020-05-18,109/05/18,2020-08-18,109/08/18,5060600,99.74%,5,0,1279,04thinsetantsaleinfo201943564357,https://cdn.taiwanlottery.com.tw/app/FilesForDownload/TLCWeb/instant/images/140/IN1081113_small_4357.jpg,https://www.taiwanlottery.com/news/news/04thinsetantsaleinfo201943564357
4356,連線派對,上一屆(2024/1/1前),8,200,2000000,2019-11-18,108/11/18,2020-05-18,109/05/18,2020-08-18,109/08/18,6001400,99.99%,6,0,1278,04thinsetantsaleinfo201943564357,https://cdn.taiwanlottery.com.tw/app/FilesForDownload/TLCWeb/instant/images/140/IN1081113_small_4356.jpg,https://www.taiwanlottery.com/news/news/04thinsetantsaleinfo201943564357
4355,虎來寶,上一屆(2024/1/1前),10,200,2000000,2019-11-04,108/11/04,2020-05-04,109/05/04,2020-08-04,109/08/04,3570000,57.83%,3,2,1277,04thinsetantsaleinfo201943544355,https://cdn.taiwanlottery.com.tw/app/FilesForDownload/TLCWeb/instant/images/139/IN1081104_small_4355.jpg,https://www.taiwanlottery.com/news/news/04thinsetantsaleinfo201943544355
4354,2020向前行,上一屆(2024/1/1前),11,200,1000000,2019-11-04,108/11/04,2020-05-04,109/05/04,2020-08-04,109/08/04,4031600,57.75%,50,19,1276,04thinsetantsaleinfo201943544355,https://cdn.taiwanlottery.com.tw/app/FilesForDownload/TLCWeb/instant/images/139/IN1081104_small_4354.jpg,https://www.taiwanlottery.com/news/news/04thinsetantsaleinfo201943544355
4353,釣蝦趣,上一屆(2024/1/1前),9,100,300000,2019-10-16,108/10/16,2020-04-16,109/04/16,2020-07-16,109/07/16,4044900,78.39%,3,0,1275,04thinsetantsaleinfo201943524353,https://cdn.taiwanlottery.com.tw/app/FilesForDownload/TLCWeb/instant/images/138/IN1081009_small_4353.jpg,https://www.taiwanlottery.com/news/news/04thinsetantsaleinfo201943524353
4352,麻將,上一屆(2024/1/1前),13,200,2000000,2019-10-16,108/10/16,2020-04-16,109/04/16,2020-07-16,109/07/16,6100300,99.97%,6,0,1274,04thinsetantsaleinfo201943524353,https://cdn.taiwanlottery.com.tw/app/FilesForDownload/TLCWeb/instant/images/138/IN1081009_small_4352.jpg,https://www.taiwanlottery.com/news/news/04thinsetantsaleinfo201943524353
4351,台灣好麻吉,上一屆(2024/1/1前),11,200,2000000,2019-10-02,108/10/02,2020-04-06,109/04/06,2020-07-06,109/07/06,4080000,62.73%,3,2,1266,04thinsetantsaleinfo201943464351,https://cdn.taiwanlottery.com.tw/app/FilesForDownload/TLCWeb/instant/images/137/IN1080927_small_4351.jpg,https://www.taiwanlottery.com/news/news/04thinsetantsaleinfo201943464351
4350,加倍鑽,上一屆(2024/1/1前),13,100,1000000,2019-09-16,108/09/16,2020-03-16,109/03/16,2020-06-16,109/06/16,3500000,94.76%,3,0,1263,04thinsetantsaleinfo201943494350,https://cdn.taiwanlottery.com.tw/app/FilesForDownload/TLCWeb/instant/images/136/IN1080910_small_4350.jpg,https://www.taiwanlottery.com/news/news/04thinsetantsaleinfo201943494350
4349,黃金拉霸機,上一屆(2024/1/1前),9,300,3000000,2019-09-16,108/09/16,2020-03-16,109/03/16,2020-06-16,109/06/16,4590000,79.74%,3,0,1262,04thinsetantsaleinfo201943494350,https://cdn.taiwanlottery.com.tw/app/FilesForDownload/TLCWeb/instant/images/136/IN1080910_small_4349.jpg,https://www.taiwanlottery.com/news/news/04thinsetantsaleinfo201943494350
4348,幸運開獎機,上一屆(2024/1/1前),12,200,2000000,2019-09-02,108/09/02,2020-03-02,109/03/02,2020-06-02,109/06/02,6630000,99.4%,5,0,1261,04thinsetantsaleinfo201943474348,https://cdn.taiwanlottery.com.tw/app/FilesForDownload/TLCWeb/instant/images/135/IN1080828_small_4348.jpg,https://www.taiwanlottery.com/news/news/04thinsetantsaleinfo201943474348
4347,嫦娥發紅包,上一屆(2024/1/1前),8,200,100000,2019-09-02,108/09/02,2020-03-02,109/03/02,2020-06-02,109/06/02,3548000,94.08%,200,12,1260,04thinsetantsaleinfo201943474348,https://cdn.taiwanlottery.com.tw/app/FilesForDownload/TLCWeb/instant/images/135/IN1080828_small_4347.jpg,https://www.taiwanlottery.com/news/news/04thinsetantsaleinfo201943474348
4346,10來運轉,上一屆(2024/1/1前),11,200,1000000,2019-10-02,108/10/02,2020-04-06,109/04/06,2020-07-06,109/07/06,4080000,63.71%,10,2,1265,04thinsetantsaleinfo201943464351,https://cdn.taiwanlottery.com.tw/app/FilesForDownload/TLCWeb/instant/images/137/IN1080927_small_4346.jpg,https://www.taiwanlottery.com/news/news/04thinsetantsaleinfo201943464351
4345,恰是傳奇,上一屆(2024/1/1前),11,200,2000000,2019-08-19,108/08/19,2020-02-19,109/02/19,2020-05-19,109/05/19,3570000,90.18%,3,0,1259,04thinsetantsaleinfo201943444345,https://cdn.taiwanlottery.com.tw/app/FilesForDownload/TLCWeb/instant/images/134/IN1080814_small_4345.jpg,https://www.taiwanlottery.com/news/news/04thinsetantsaleinfo201943444345
4344,錢進888,上一屆(2024/1/1前),10,100,800000,2019-08-19,108/08/19,2020-02-19,109/02/19,2020-05-19,109/05/19,4080000,90.8%,3,0,1257,04thinsetantsaleinfo201943444345,https://cdn.taiwanlottery.com.tw/app/FilesForDownload/TLCWeb/instant/images/134/IN1080814_small_4344.jpg,https://www.taiwanlottery.com/news/news/04thinsetantsaleinfo201943444345
4343,"1,000萬大富翁",上一屆(2024/1/1前),7,1000,10000000,2019-08-02,108/08/02,2020-02-03,109/02/03,2020-05-04,109/05/04,2000000,99.62%,2,0,1256,04thinsetantsaleinfo201943424343,https://cdn.taiwanlottery.com.tw/app/FilesForDownload/TLCWeb/instant/images/133/IN1080730_small_4343.jpg,https://www.taiwanlottery.com/news/news/04thinsetantsaleinfo201943424343
4342,一路發,上一屆(2024/1/1前),11,200,2000000,2019-08-02,108/08/02,2020-02-03,109/02/03,2020-05-04,109/05/04,3570000,99.39%,4,0,1255,04thinsetantsaleinfo201943424343,https://cdn.taiwanlottery.com.tw/app/FilesForDownload/TLCWeb/instant/images/133/IN1080730_small_4342.jpg,https://www.taiwanlottery.com/news/news/04thinsetantsaleinfo201943424343
386,霹靂顯神威,上一屆(2024/1/1前),0,200,2000000,2013-11-25,102/11/25,2013-12-31,102/12/31,2014-03-31,103/03/31,3570000,79.84%,3,0,733,,https://cdn.taiwanlottery.com.tw/app/FilesForDownload/TLCWeb/3th_instant_images/images/164/IN1021113_small_386.jpg,
385,王牌投手,上一屆(2024/1/1前),0,100,1000000,2013-11-25,102/11/25,2013-12-31,102/12/31,2014-03-31,103/03/31,4080000,99.71%,4,0,727,,https://cdn.taiwanlottery.com.tw/app/FilesForDownload/TLCWeb/3th_instant_images/images/164/IN1021113_small_385.jpg,
384,聖誕響叮噹,上一屆(2024/1/1前),0,300,3000000,2013-11-25,102/11/25,2013-12-31,102/12/31,2014-03-31,103/03/31,3060000,99.98%,3,0,726,,https://cdn.taiwanlottery.com.tw/app/FilesForDownload/TLCWeb/3th_instant_images/images/164/IN1021113_small_384.jpg,
383,超級年終獎金,上一屆(2024/1/1前),0,200,1500000,2013-11-01,102/11/01,2013-12-31,102/12/31,2014-03-31,103/03/31,4080000,99.94%,2,0,725,,https://cdn.taiwanlottery.com.tw/app/FilesForDownload/TLCWeb/3th_instant_images/images/163/IN1021022_small_383.jpg,
382,錢滾錢,上一屆(2024/1/1前),0,100,1000000,2013-11-01,102/11/01,2013-12-31,102/12/31,2014-03-31,103/03/31,7140000,73.34%,8,2,723,,https://cdn.taiwanlottery.com.tw/app/FilesForDownload/TLCWeb/3th_instant_images/images/163/IN1021022_small_382.jpg,
381,閃亮彈珠台,上一屆(2024/1/1前),0,200,2000000,2013-10-15,102/10/15,2013-12-31,102/12/31,2014-03-31,103/03/31,5100000,69.62%,5,0,722,,https://cdn.taiwanlottery.com.tw/app/FilesForDownload/TLCWeb/3th_instant_images/images/162/IN1021004_small_381.jpg,
380,超速777,上一屆(2024/1/1前),0,100,700000,2013-10-15,102/10/15,2013-12-31,102/12/31,2014-03-31,103/03/31,5989400,80.20%,6,3,721,,https://cdn.taiwanlottery.com.tw/app/FilesForDownload/TLCWeb/3th_instant_images/images/162/IN1021004_small_380.jpg,
379,台灣尚讚,上一屆(2024/1/1前),0,100,1000000,2013-10-01,102/10/01,2013-12-31,102/12/31,2014-03-31,103/03/31,7140000,83.58%,4,1,720,,https://cdn.taiwanlottery.com.tw/app/FilesForDownload/TLCWeb/3th_instant_images/images/161/IN1020918_small_379.jpg,
378,一路發,上一屆(2024/1/1前),0,200,2000000,2013-10-01,102/10/01,2013-12-31,102/12/31,2014-03-31,103/03/31,3570000,85.13%,4,0,719,,https://cdn.taiwanlottery.com.tw/app/FilesForDownload/TLCWeb/3th_instant_images/images/161/IN1020918_small_378.jpg,
377,海底尋寶,上一屆(2024/1/1前),0,200,2000000,2013-09-12,102/09/12,2013-12-31,102/12/31,2014-03-31,103/03/31,4070800,98.89%,3,0,717,,https://cdn.taiwanlottery.com.tw/app/FilesForDownload/TLCWeb/3th_instant_images/images/160/IN1020902_small_377.jpg,
376,愛台灣,上一屆(2024/1/1前),0,500,5000000,2013-09-12,102/09/12,2013-12-31,102/12/31,2014-03-31,103/03/31,1500000,100%,2,0,716,,https://cdn.taiwanlottery.com.tw/app/FilesForDownload/TLCWeb/3th_instant_images/images/160/IN1020902_small_376.jpg,
375,吉星高照,上一屆(2024/1/1前),0,100,300000,2013-09-02,102/09/02,2013-12-31,102/12/31,2014-03-31,103/03/31,5100000,76.74%,10,4,713,,https://cdn.taiwanlottery.com.tw/app/FilesForDownload/TLCWeb/3th_instant_images/images/159/IN1020823_small_375.jpg,
374,超級777,上一屆(2024/1/1前),0,200,2000000,2013-09-02,102/09/02,2013-12-31,102/12/31,2014-03-31,103/03/31,5100000,84.91%,4,1,714,,https://cdn.taiwanlottery.com.tw/app/FilesForDownload/TLCWeb/3th_instant_images/images/159/IN1020823_small_374.jpg,
373,快刮$1000,上一屆(2024/1/1前),0,100,300000,2013-09-02,102/09/02,2013-12-31,102/12/31,2014-03-31,103/03/31,4590000,83.31%,5,3,709,,https://cdn.taiwanlottery.com.tw/app/FilesForDownload/TLCWeb/3th_instant_images/images/159/IN1020823_small_373.jpg,
372,花好月圓,上一屆(2024/1/1前),0,200,2000000,2013-08-15,102/08/15,2013-12-31,102/12/31,2014-03-31,103/03/31,2469600,99.99%,2,0,699,,https://cdn.taiwanlottery.com.tw/app/FilesForDownload/TLCWeb/3th_instant_images/images/158/IN1020805_small_372.jpg,
371,台灣好神,上一屆(2024/1/1前),0,100,300000,2013-08-01,102/08/01,2013-12-31,102/12/31,2014-03-31,103/03/31,4080000,99.44%,8,1,696,,https://cdn.taiwanlottery.com.tw/app/FilesForDownload/TLCWeb/3th_instant_images/images/157/IN1020722_small_371.jpg,
370,水果樂園,上一屆(2024/1/1前),0,100,300000,2013-08-15,102/08/15,2013-12-31,102/12/31,2014-03-31,103/03/31,3520300,98.92%,3,0,698,,https://cdn.taiwanlottery.com.tw/app/FilesForDownload/TLCWeb/3th_instant_images/images/158/IN1020805_small_370.jpg,
369,麻將,上一屆(2024/1/1前),0,200,2000000,2013-07-15,102/07/15,2013-12-31,102/12/31,2014-03-31,103/03/31,12240000,97.07%,12,3,692,,https://cdn.taiwanlottery.com.tw/app/FilesForDownload/TLCWeb/3th_instant_images/images/156/IN1020705_small_369.jpg,
368,金鑽999,上一屆(2024/1/1前),0,200,2000000,2013-08-01,102/08/01,2013-12-31,102/12/31,2014-03-31,103/03/31,5099300,98.04%,4,0,694,,https://cdn.taiwanlottery.com.tw/app/FilesForDownload/TLCWeb/3th_instant_images/images/157/IN1020722_small_368.jpg,
367,釣大魚,上一屆(2024/1/1前),0,100,500000,2013-08-15,102/08/15,2013-12-31,102/12/31,2014-03-31,103/03/31,6117700,94.40%,6,0,697,,https://cdn.taiwanlottery.com.tw/app/FilesForDownload/TLCWeb/3th_instant_images/images/158/IN1020805_small_367.jpg,
366,七彩霓虹燈,上一屆(2024/1/1前),0,200,2000000,2013-07-01,102/07/01,2013-12-31,102/12/31,2014-03-31,103/03/31,4080000,99.95%,4,0,691,,https://cdn.taiwanlottery.com.tw/app/FilesForDownload/TLCWeb/3th_instant_images/images/155/IN1020621_small_366.jpg,
365,66大順,上一屆(2024/1/1前),0,100,600000,2013-07-01,102/07/01,2013-12-31,102/12/31,2014-03-31,103/03/31,7139600,99.40%,8,0,690,,https://cdn.taiwanlottery.com.tw/app/FilesForDownload/TLCWeb/3th_instant_images/images/155/IN1020621_small_365.jpg,
364,超級黑傑克,上一屆(2024/1/1前),0,200,2000000,2013-07-01,102/07/01,2013-12-31,102/12/31,2014-03-31,103/03/31,4589000,99.98%,4,0,689,,https://cdn.taiwanlottery.com.tw/app/FilesForDownload/TLCWeb/3th_instant_images/images/155/IN1020621_small_364.jpg,
363,大三元,上一屆(2024/1/1前),0,200,2000000,2013-06-17,102/06/17,2013-12-17,102/12/17,2014-03-17,103/03/17,7644200,93.54%,6,2,688,,https://cdn.taiwanlottery.com.tw/app/FilesForDownload/TLCWeb/3th_instant_images/images/154/IN1020607_small_363.jpg,
362,金雞母,上一屆(2024/1/1前),0,100,1000000,2013-06-17,102/06/17,2013-12-17,102/12/17,2014-03-17,103/03/17,6119100,99.79%,6,0,685,,https://cdn.taiwanlottery.com.tw/app/FilesForDownload/TLCWeb/3th_instant_images/images/154/IN1020607_small_362.jpg,
361,招財貓,上一屆(2024/1/1前),0,100,300000,2013-06-17,102/06/17,2013-12-17,102/12/17,2014-03-17,103/03/17,3567800,99.93%,7,0,684,,https://cdn.taiwanlottery.com.tw/app/FilesForDownload/TLCWeb/3th_instant_images/images/154/IN1020607_small_361.jpg,
360,黃金24K,上一屆(2024/1/1前),0,200,2000000,2013-05-16,102/05/16,2013-11-18,102/11/18,2014-02-18,103/02/18,3059600,99.87%,3,0,679,,https://cdn.taiwanlottery.com.tw/app/FilesForDownload/TLCWeb/3th_instant_images/images/152/IN1020506_small_360.jpg,
359,熱刮$600,上一屆(2024/1/1前),0,100,300000,2013-06-17,102/06/17,2013-12-17,102/12/17,2014-03-17,103/03/17,3568100,99.85%,4,1,683,,https://cdn.taiwanlottery.com.tw/app/FilesForDownload/TLCWeb/3th_instant_images/images/154/IN1020607_small_359.jpg,
358,麻將,上一屆(2024/1/1前),0,200,2000000,2013-04-24,102/04/24,2013-11-04,102/11/04,2014-02-05,103/02/05,6119400,99.97%,6,1,672,,https://cdn.taiwanlottery.com.tw/app/FilesForDownload/TLCWeb/3th_instant_images/images/150/IN1020419_small_358.jpg,
357,拉斯維加斯,上一屆(2024/1/1前),0,200,2000000,2013-06-03,102/06/03,2013-12-03,102/12/03,2014-03-03,103/03/03,2039500,100%,2,0,681,,https://cdn.taiwanlottery.com.tw/app/FilesForDownload/TLCWeb/3th_instant_images/images/153/IN1020524_small_357.jpg,
356,鈔票一把抓,上一屆(2024/1/1前),0,300,3000000,2013-05-02,102/05/02,2013-11-04,102/11/04,2014-02-05,103/02/05,6119600,99.89%,6,1,674,,https://cdn.taiwanlottery.com.tw/app/FilesForDownload/TLCWeb/3th_instant_images/images/151/IN1020426_small_356.jpg,
355,幸運777,上一屆(2024/1/1前),0,100,700000,2013-06-03,102/06/03,2013-12-03,102/12/03,2014-03-03,103/03/03,3058900,99.98%,3,0,680,,https://cdn.taiwanlottery.com.tw/app/FilesForDownload/TLCWeb/3th_instant_images/images/153/IN1020524_small_355.jpg,
354,幸運開獎機,上一屆(2024/1/1前),0,200,2000000,2013-04-01,102/04/01,2013-11-18,102/11/18,2014-02-18,103/02/18,2550000,100%,2,0,668,,https://cdn.taiwanlottery.com.tw/app/FilesForDownload/TLCWeb/3th_instant_images/images/148/IN1020326_small_354.jpg,
353,端午包中,上一屆(2024/1/1前),0,500,3000000,2013-05-16,102/05/16,2013-11-18,102/11/18,2014-02-18,103/02/18,1500000,100%,3,0,677,,https://cdn.taiwanlottery.com.tw/app/FilesForDownload/TLCWeb/3th_instant_images/images/152/IN1020506_small_353.jpg,
352,黃金右腳,上一屆(2024/1/1前),0,200,2000000,2013-03-20,102/03/20,2013-11-04,102/11/04,2014-02-05,103/02/05,2039400,100%,2,0,663,,https://cdn.taiwanlottery.com.tw/app/FilesForDownload/TLCWeb/3th_instant_images/images/147/IN1020315_small_352.jpg,
351,找到錢,上一屆(2024/1/1前),0,100,300000,2013-03-20,102/03/20,2013-11-04,102/11/04,2014-02-05,103/02/05,3060000,99.96%,6,1,660,,https://cdn.taiwanlottery.com.tw/app/FilesForDownload/TLCWeb/3th_instant_images/images/147/IN1020315_small_351.jpg,
350,瘋狂888,上一屆(2024/1/1前),0,100,800000,2013-03-20,102/03/20,2013-11-04,102/11/04,2014-02-05,103/02/05,2500600, 100%,2,0,661,,https://cdn.taiwanlottery.com.tw/app/FilesForDownload/TLCWeb/3th_instant_images/images/147/IN1020315_small_350.jpg,
349,鈔票滿天飛,上一屆(2024/1/1前),0,200,2000000,2013-04-15,102/04/15,2013-10-15,102/10/15,2014-01-15,103/01/15,3824000,99.94%,3,0,670,,https://cdn.taiwanlottery.com.tw/app/FilesForDownload/TLCWeb/3th_instant_images/images/149/IN1020408_small_349.jpg,
348,超級777,上一屆(2024/1/1前),0,200,2000000,2013-04-15,102/04/15,2013-10-15,102/10/15,2014-01-15,103/01/15,2550000,100%,2,0,669,,https://cdn.taiwanlottery.com.tw/app/FilesForDownload/TLCWeb/3th_instant_images/images/149/IN1020408_small_348.jpg,
347,聚寶盆,上一屆(2024/1/1前),0,100,500000,2013-04-01,102/04/01,2013-10-15,102/10/15,2014-01-15,103/01/15,3059700, 99.98%,6,2,666,,https://cdn.taiwanlottery.com.tw/app/FilesForDownload/TLCWeb/3th_instant_images/images/148/IN1020326_small_347.jpg,
346,黃金城,上一屆(2024/1/1前),0,500,5000000,2013-03-20,102/03/20,2013-10-01,102/10/01,2014-01-02,103/01/02,2500000,100%,4,0,662,,https://cdn.taiwanlottery.com.tw/app/FilesForDownload/TLCWeb/3th_instant_images/images/147/IN1020315_small_346.jpg,
345,喜從天降,上一屆(2024/1/1前),0,100,300000,2013-03-20,102/03/20,2013-10-01,102/10/01,2014-01-02,103/01/02,3569900, 99.98%,7,0,657,,https://cdn.taiwanlottery.com.tw/app/FilesForDownload/TLCWeb/3th_instant_images/images/147/IN1020315_small_345.jpg,
344,全壘打,上一屆(2024/1/1前),0,100,600000,2013-03-20,102/03/20,2013-10-01,102/10/01,2014-01-02,103/01/02,3537200, 99.99%,4,0,656,,https://cdn.taiwanlottery.com.tw/app/FilesForDownload/TLCWeb/3th_instant_images/images/147/IN1020315_small_344.jpg,
343,水果樂園,上一屆(2024/1/1前),0,100,300000,2013-03-08,102/03/08,2013-09-18,102/09/18,2013-12-23,102/12/23,4079900,99.99%,3,0,655,,https://cdn.taiwanlottery.com.tw/app/FilesForDownload/TLCWeb/3th_instant_images/images/146/IN10200301_small_343.jpg,
342,黃金傳奇,上一屆(2024/1/1前),0,200,2000000,2013-03-08,102/03/08,2013-09-18,102/09/18,2013-12-23,102/12/23,2550000,100%,2,0,654,,https://cdn.taiwanlottery.com.tw/app/FilesForDownload/TLCWeb/3th_instant_images/images/146/IN10200301_small_342.jpg,
0341,幸運777,上一屆(2024/1/1前),9,100,700000,2019-07-16,108/07/16,2020-01-16,109/01/16,2020-04-16,109/04/16,3570000,99.72%,4,0,1254,04thinsetantsaleinfo201903400341,https://cdn.taiwanlottery.com.tw/app/FilesForDownload/TLCWeb/instant/images/132/IN1080711_small_0341.jpg,https://www.taiwanlottery.com/news/news/04thinsetantsaleinfo201903400341
341,幸福摩天輪,上一屆(2024/1/1前),0,100,300000,2013-03-08,102/03/08,2013-09-18,102/09/18,2013-12-23,102/12/23,3570000,100%,7,0,653,,https://cdn.taiwanlottery.com.tw/app/FilesForDownload/TLCWeb/3th_instant_images/images/146/IN10200301_small_341.jpg,
0340,麻將賓果,上一屆(2024/1/1前),8,200,2000000,2019-07-16,108/07/16,2020-01-16,109/01/16,2020-04-16,109/04/16,6074300,99.96%,5,0,1252,04thinsetantsaleinfo201903400341,https://cdn.taiwanlottery.com.tw/app/FilesForDownload/TLCWeb/instant/images/132/IN1080711_small_0340.jpg,https://www.taiwanlottery.com/news/news/04thinsetantsaleinfo201903400341
340,瘋狂吐鈔機,上一屆(2024/1/1前),0,200,2000000,2013-03-08,102/03/08,2013-09-18,102/09/18,2013-12-23,102/12/23,3059700,99.96%,3,0,652,,https://cdn.taiwanlottery.com.tw/app/FilesForDownload/TLCWeb/3th_instant_images/images/146/IN10200301_small_340.jpg,
0339,數字派對,上一屆(2024/1/1前),11,100,300000,2019-07-02,108/07/02,2020-01-02,109/01/02,2020-04-06,109/04/06,3570000,71.75%,3,0,1249,04thinsetantsaleinfo201903380339,https://cdn.taiwanlottery.com.tw/app/FilesForDownload/TLCWeb/instant/images/131/IN1080627_small_0339.jpg,https://www.taiwanlottery.com/news/news/04thinsetantsaleinfo201903380339
339,淘金熱,上一屆(2024/1/1前),0,200,2000000,2013-02-25,102/02/25,2013-09-04,102/09/04,2013-12-04,102/12/04,2549700,100%,2,0,651,,https://cdn.taiwanlottery.com.tw/app/FilesForDownload/TLCWeb/3th_instant_images/images/145/IN10200221_small_339.jpg,
0338,撲克對對樂,上一屆(2024/1/1前),12,200,2000000,2019-07-02,108/07/02,2020-01-02,109/01/02,2020-04-06,109/04/06,4056400,74.38%,3,0,1248,04thinsetantsaleinfo201903380339,https://cdn.taiwanlottery.com.tw/app/FilesForDownload/TLCWeb/instant/images/131/IN1080627_small_0338.jpg,https://www.taiwanlottery.com/news/news/04thinsetantsaleinfo201903380339
338,幸運御守,上一屆(2024/1/1前),0,100,500000,2013-02-25,102/02/25,2013-09-04,102/09/04,2013-12-04,102/12/04,3570000,99.92%,3,0,650,,https://cdn.taiwanlottery.com.tw/app/FilesForDownload/TLCWeb/3th_instant_images/images/145/IN10200221_small_338.jpg,
0337,雙贏樂,上一屆(2024/1/1前),4,100,100000,2019-06-17,108/06/17,2019-12-17,108/12/17,2020-03-17,109/03/17,3500000,90.42%,200,29,1247,04thinsetantsaleinfo201903370000,https://cdn.taiwanlottery.com.tw/app/FilesForDownload/TLCWeb/instant/images/130/IN1080612_small_0337.jpg,https://www.taiwanlottery.com/news/news/04thinsetantsaleinfo201903370000
337,麻將,上一屆(2024/1/1前),0,200,2000000,2013-02-25,102/02/25,2013-09-04,102/09/04,2013-12-04,102/12/04,3459300,100%,4,0,649,,https://cdn.taiwanlottery.com.tw/app/FilesForDownload/TLCWeb/3th_instant_images/images/145/IN10200221_small_337.jpg,
0336,超級麻將,上一屆(2024/1/1前),10,500,5000000,2019-06-03,108/06/03,2019-12-17,108/12/17,2020-03-17,109/03/17,2750000,100%,4,0,1246,04thinsetantsaleinfo201903340336,https://cdn.taiwanlottery.com.tw/app/FilesForDownload/TLCWeb/instant/images/129/IN1080529_small_0336.jpg,https://www.taiwanlottery.com/news/news/04thinsetantsaleinfo201903340336
336,迎媽祖,上一屆(2024/1/1前),0,100,300000,2013-02-25,102/02/25,2013-09-04,102/09/04,2013-12-04,102/12/04,12239900,99.48%,24,3,648,,https://cdn.taiwanlottery.com.tw/app/FilesForDownload/TLCWeb/3th_instant_images/images/145/IN10200221_small_336.jpg,
0335,好運輪盤,上一屆(2024/1/1前),8,200,2000000,2019-06-03,108/06/03,2019-12-03,108/12/03,2020-03-03,109/03/03,4080000,99.8%,4,0,1245,04thinsetantsaleinfo201903340336,https://cdn.taiwanlottery.com.tw/app/FilesForDownload/TLCWeb/instant/images/129/IN1080529_small_0335.jpg,https://www.taiwanlottery.com/news/news/04thinsetantsaleinfo201903340336
335,至尊王牌,上一屆(2024/1/1前),0,500,5000000,2013-02-18,102/02/18,2013-08-19,102/08/19,2013-11-19,102/11/19,1500000,100%,3,0,647,,https://cdn.taiwanlottery.com.tw/app/FilesForDownload/TLCWeb/3th_instant_images/images/144/IN1020208_small_335.jpg,
0334,66大順,上一屆(2024/1/1前),10,100,600000,2019-06-03,108/06/03,2019-12-03,108/12/03,2020-03-03,109/03/03,3570000,84.88%,4,0,1244,04thinsetantsaleinfo201903340336,https://cdn.taiwanlottery.com.tw/app/FilesForDownload/TLCWeb/instant/images/129/IN1080529_small_0334.jpg,https://www.taiwanlottery.com/news/news/04thinsetantsaleinfo201903340336
334,幸福滿天,上一屆(2024/1/1前),0,100,300000,2013-02-18,102/02/18,2013-08-19,102/08/19,2013-11-19,102/11/19,3570000,100%,7,0,645,,https://cdn.taiwanlottery.com.tw/app/FilesForDownload/TLCWeb/3th_instant_images/images/144/IN1020208_small_334.jpg,
0333,真好中,上一屆(2024/1/1前),10,100,55000,2019-05-16,108/05/16,2019-11-18,108/11/18,2020-02-18,109/02/18,3570000,97.42%,55,6,1243,04thinsetantsaleinfo201903330000,https://cdn.taiwanlottery.com.tw/app/FilesForDownload/TLCWeb/instant/images/128/IN1080513_small_0333.jpg,https://www.taiwanlottery.com/news/news/04thinsetantsaleinfo201903330000
333,賽金豬,上一屆(2024/1/1前),0,100,600000,2013-02-18,102/02/18,2013-08-19,102/08/19,2013-11-19,102/11/19,3570000,100%,3,0,644,,https://cdn.taiwanlottery.com.tw/app/FilesForDownload/TLCWeb/3th_instant_images/images/144/IN1020208_small_333.jpg,
0332,海底大尋寶,上一屆(2024/1/1前),11,300,3000000,2019-05-02,108/05/02,2019-11-18,108/11/18,2020-02-18,109/02/18,5054300,99.99%,3,0,1242,04thinsetantsaleinfo201903310332,https://cdn.taiwanlottery.com.tw/app/FilesForDownload/TLCWeb/instant/images/127/IN1080426_small_0332.jpg,https://www.taiwanlottery.com/news/news/04thinsetantsaleinfo201903310332
332,海底尋寶,上一屆(2024/1/1前),0,200,2000000,2013-02-18,102/02/18,2013-08-19,102/08/19,2013-11-19,102/11/19,3060000,100%,2,0,643,,https://cdn.taiwanlottery.com.tw/app/FilesForDownload/TLCWeb/3th_instant_images/images/144/IN1020208_small_332.jpg,
0331,"樂刮$2,000",上一屆(2024/1/1前),7,200,1000000,2019-05-02,108/05/02,2019-11-04,108/11/04,2020-02-04,109/02/04,3526900,99.93%,3,0,1241,04thinsetantsaleinfo201903310332,https://cdn.taiwanlottery.com.tw/app/FilesForDownload/TLCWeb/instant/images/127/IN1080426_small_0331.jpg,https://www.taiwanlottery.com/news/news/04thinsetantsaleinfo201903310332
331,甜蜜假期,上一屆(2024/1/1前),0,100,300000,2013-02-04,102/02/04,2013-08-05,102/08/05,2013-11-05,102/11/05,4078900,100%,8,1,641,,https://cdn.taiwanlottery.com.tw/app/FilesForDownload/TLCWeb/3th_instant_images/images/143/IN1020123_small_331.jpg,
0330,聖旨到,上一屆(2024/1/1前),13,200,2000000,2019-04-16,108/04/16,2019-10-16,108/10/16,2020-01-16,109/01/16,3570000,96.52%,4,0,1239,04thinsetantsaleinfo201903290330,https://cdn.taiwanlottery.com.tw/app/FilesForDownload/TLCWeb/instant/images/126/IN1080411_small_0330.jpg,https://www.taiwanlottery.com/news/news/04thinsetantsaleinfo201903290330
330,$2600萬大紅包,上一屆(2024/1/1前),0,2000,26000000,2013-02-04,102/02/04,2013-08-05,102/08/05,2013-11-05,102/11/05,999990,100%,1,1,640,,https://cdn.taiwanlottery.com.tw/app/FilesForDownload/TLCWeb/3th_instant_images/images/143/IN1020123_small_330.jpg,
0329,骰子樂,上一屆(2024/1/1前),13,100,500000,2019-04-16,108/04/16,2019-10-16,108/10/16,2020-01-16,109/01/16,3570000,63.75%,3,3,1238,04thinsetantsaleinfo201903290330,https://cdn.taiwanlottery.com.tw/app/FilesForDownload/TLCWeb/instant/images/126/IN1080411_small_0329.jpg,https://www.taiwanlottery.com/news/news/04thinsetantsaleinfo201903290330
329,紅包一把抓,上一屆(2024/1/1前),0,300,3000000,2013-01-23,102/01/23,2013-07-23,102/07/23,2013-10-23,102/10/23,3060000,100%,3,0,638,,https://cdn.taiwanlottery.com.tw/app/FilesForDownload/TLCWeb/3th_instant_images/images/142/IN1020116_small_329.jpg,
0328,鈔票滿天飛,上一屆(2024/1/1前),10,200,2000000,2019-04-01,108/04/01,2019-10-02,108/10/02,2020-01-02,109/01/02,3570000,98.4%,4,1,1272,04thinsetantsaleinfo201903270328,https://cdn.taiwanlottery.com.tw/app/FilesForDownload/TLCWeb/instant/images/125/IN1080327_small_0328.jpg,https://www.taiwanlottery.com/news/news/04thinsetantsaleinfo201903270328
328,幸運開獎機,上一屆(2024/1/1前),0,200,2000000,2013-02-04,102/02/04,2013-08-05,102/08/05,2013-11-05,102/11/05,3060000,100%,2,0,639,,https://cdn.taiwanlottery.com.tw/app/FilesForDownload/TLCWeb/3th_instant_images/images/143/IN1020123_small_328.jpg,
0327,"樂刮$1,000",上一屆(2024/1/1前),6,100,300000,2019-04-01,108/04/01,2019-10-02,108/10/02,2020-01-02,109/01/02,3570000,78.8%,3,1,1273,04thinsetantsaleinfo201903270328,https://cdn.taiwanlottery.com.tw/app/FilesForDownload/TLCWeb/instant/images/125/IN1080327_small_0327.jpg,https://www.taiwanlottery.com/news/news/04thinsetantsaleinfo201903270328
327,發財樹,上一屆(2024/1/1前),0,100,300000,2013-01-23,102/01/23,2013-07-23,102/07/23,2013-10-23,102/10/23,3570000,99.93%,7,1,636,,https://cdn.taiwanlottery.com.tw/app/FilesForDownload/TLCWeb/3th_instant_images/images/142/IN1020116_small_327.jpg,
0326,打地鼠,上一屆(2024/1/1前),8,100,300000,2019-03-18,108/03/18,2019-10-02,108/10/02,2020-01-02,109/01/02,4080000,56.13%,4,0,1271,04thinsetantsaleinfo201903240326,https://cdn.taiwanlottery.com.tw/app/FilesForDownload/TLCWeb/instant/images/124/IN1080313_small_0326.jpg,https://www.taiwanlottery.com/news/news/04thinsetantsaleinfo201903240326
326,麻將,上一屆(2024/1/1前),0,200,2000000,2013-01-23,102/01/23,2013-07-23,102/07/23,2013-10-23,102/10/23,4080000,100%,4,2,635,,https://cdn.taiwanlottery.com.tw/app/FilesForDownload/TLCWeb/3th_instant_images/images/142/IN1020116_small_326.jpg,
0325,好運連連,上一屆(2024/1/1前),9,100,300000,2019-03-18,108/03/18,2019-09-18,108/09/18,2019-12-18,108/12/18,4080000,50.46%,5,3,1229,04thinsetantsaleinfo201903240326,https://cdn.taiwanlottery.com.tw/app/FilesForDownload/TLCWeb/instant/images/124/IN1080313_small_0325.jpg,https://www.taiwanlottery.com/news/news/04thinsetantsaleinfo201903240326
325,好彩頭,上一屆(2024/1/1前),0,100,300000,2013-01-16,102/01/16,2013-07-16,102/07/16,2013-10-16,102/10/16,4080000,100%,8,0,634,,https://cdn.taiwanlottery.com.tw/app/FilesForDownload/TLCWeb/3th_instant_images/images/141/IN1020109_small_325.jpg,
0324,獎金獵人,上一屆(2024/1/1前),9,200,2000000,2019-03-18,108/03/18,2019-10-02,108/10/02,2020-01-02,109/01/02,4590000,99.95%,4,0,1267,04thinsetantsaleinfo201903240326,https://cdn.taiwanlottery.com.tw/app/FilesForDownload/TLCWeb/instant/images/124/IN1080313_small_0324.jpg,https://www.taiwanlottery.com/news/news/04thinsetantsaleinfo201903240326
324,開運年菜,上一屆(2024/1/1前),0,100,300000,2013-01-16,102/01/16,2013-07-16,102/07/16,2013-10-16,102/10/16,3569900,100%,7,1,633,,https://cdn.taiwanlottery.com.tw/app/FilesForDownload/TLCWeb/3th_instant_images/images/141/IN1020109_small_324.jpg,
0323,神保庇,上一屆(2024/1/1前),11,100,300000,2019-03-04,108/03/04,2019-09-04,108/09/04,2019-12-04,108/12/04,4080000,70.56%,5,1,1227,04thinsetantsaleinfo201902990323,https://cdn.taiwanlottery.com.tw/app/FilesForDownload/TLCWeb/instant/images/123/IN1080225_small_0323.jpg,https://www.taiwanlottery.com/news/news/04thinsetantsaleinfo201902990323
323,金銀財寶,上一屆(2024/1/1前),0,200,2000000,2013-01-16,102/01/16,2013-07-16,102/07/16,2013-10-16,102/10/16,2549700,100%,3,1,632,,https://cdn.taiwanlottery.com.tw/app/FilesForDownload/TLCWeb/3th_instant_images/images/141/IN1020109_small_323.jpg,
0322,喜從天降,上一屆(2024/1/1前),11,100,300000,2019-02-15,108/02/15,2019-08-15,108/08/15,2019-11-15,108/11/15,4076200,84.31%,8,2,1207,04thinsetantsaleinfo201903180322,https://cdn.taiwanlottery.com.tw/app/FilesForDownload/TLCWeb/instant/images/122/IN1080212_small_0322.jpg,https://www.taiwanlottery.com/news/news/04thinsetantsaleinfo201903180322
322,新年快樂,上一屆(2024/1/1前),0,500,3000000,2013-01-16,102/01/16,2013-07-16,102/07/16,2013-10-16,102/10/16,2500000,100%,3,0,631,,https://cdn.taiwanlottery.com.tw/app/FilesForDownload/TLCWeb/3th_instant_images/images/141/IN1020109_small_322.jpg,
0321,黃金連線,上一屆(2024/1/1前),8,200,2000000,2019-02-15,108/02/15,2019-08-15,108/08/15,2019-11-15,108/11/15,6604000,99.97%,7,0,1208,04thinsetantsaleinfo201903180322,https://cdn.taiwanlottery.com.tw/app/FilesForDownload/TLCWeb/instant/images/122/IN1080212_small_0321.jpg,https://www.taiwanlottery.com/news/news/04thinsetantsaleinfo201903180322
321,旺旺來,上一屆(2024/1/1前),0,100,300000,2013-01-09,102/01/09,2013-07-09,102/07/09,2013-10-09,102/10/09,4080000,100%,7,0,630,,https://cdn.taiwanlottery.com.tw/app/FilesForDownload/TLCWeb/3th_instant_images/images/140/IN1010102_small_321.jpg,
0320,好運10倍,上一屆(2024/1/1前),13,100,1000000,2019-02-15,108/02/15,2019-08-15,108/08/15,2019-11-15,108/11/15,4071200,89.77%,3,0,1205,04thinsetantsaleinfo201903180322,https://cdn.taiwanlottery.com.tw/app/FilesForDownload/TLCWeb/instant/images/122/IN1080212_small_0320.jpg,https://www.taiwanlottery.com/news/news/04thinsetantsaleinfo201903180322
320,超速777,上一屆(2024/1/1前),0,100,700000,2013-01-09,102/01/09,2013-07-09,102/07/09,2013-10-09,102/10/09,4080000,100%,4,0,629,,https://cdn.taiwanlottery.com.tw/app/FilesForDownload/TLCWeb/3th_instant_images/images/140/IN1010102_small_320.jpg,
0319,好運20倍,上一屆(2024/1/1前),12,200,2000000,2019-02-15,108/02/15,2019-08-15,108/08/15,2019-11-15,108/11/15,3570000,99.88%,3,0,1204,04thinsetantsaleinfo201903180322,https://cdn.taiwanlottery.com.tw/app/FilesForDownload/TLCWeb/instant/images/122/IN1080212_small_0319.jpg,https://www.taiwanlottery.com/news/news/04thinsetantsaleinfo201903180322
319,金玉滿堂,上一屆(2024/1/1前),0,200,2000000,2013-01-09,102/01/09,2013-07-09,102/07/09,2013-10-09,102/10/09,3060000,100%,3,0,628,,https://cdn.taiwanlottery.com.tw/app/FilesForDownload/TLCWeb/3th_instant_images/images/140/IN1010102_small_319.jpg,
0318,贏家對決,上一屆(2024/1/1前),8,500,3000000,2019-02-15,108/02/15,2019-08-15,108/08/15,2019-11-15,108/11/15,1750000,100%,3,0,1202,04thinsetantsaleinfo201903180322,https://cdn.taiwanlottery.com.tw/app/FilesForDownload/TLCWeb/instant/images/122/IN1080212_small_0318.jpg,https://www.taiwanlottery.com/news/news/04thinsetantsaleinfo201903180322
318,$1200萬大發財,上一屆(2024/1/1前),0,1000,12000000,2013-01-09,102/01/09,2013-07-09,102/07/09,2013-10-09,102/10/09,1500000,100%,1,0,626,,https://cdn.taiwanlottery.com.tw/app/FilesForDownload/TLCWeb/3th_instant_images/images/140/IN1010102_small_318.jpg,
0317,財神報到,上一屆(2024/1/1前),13,100,800000,2019-01-29,108/01/29,2019-07-29,108/07/29,2019-10-29,108/10/29,5100000,98.68%,5,0,1201,04thinsetantsaleinfo201903140317,https://cdn.taiwanlottery.com.tw/app/FilesForDownload/TLCWeb/instant/images/121/IN1080124_small_0317.jpg,https://www.taiwanlottery.com/news/news/04thinsetantsaleinfo201903140317
317,五福臨門,上一屆(2024/1/1前),0,500,5000000,2013-01-02,102/01/02,2013-07-02,102/07/02,2013-10-02,102/10/02,1500000,100%,2,0,625,,https://cdn.taiwanlottery.com.tw/app/FilesForDownload/TLCWeb/3th_instant_images/images/139/IN1011221_small_317.jpg,
0316,刮刮金樂透,上一屆(2024/1/1前),8,200,2000000,2019-01-29,108/01/29,2019-07-29,108/07/29,2019-10-29,108/10/29,6100600,100%,8,0,1200,04thinsetantsaleinfo201903140317,https://cdn.taiwanlottery.com.tw/app/FilesForDownload/TLCWeb/instant/images/121/IN1080124_small_0316.jpg,https://www.taiwanlottery.com/news/news/04thinsetantsaleinfo201903140317
316,年年有魚,上一屆(2024/1/1前),0,100,500000,2013-01-02,102/01/02,2013-07-02,102/07/02,2013-10-02,102/10/02,4080000,100%,4,0,624,,https://cdn.taiwanlottery.com.tw/app/FilesForDownload/TLCWeb/3th_instant_images/images/139/IN1011221_small_316.jpg,
0315,財神發紅包,上一屆(2024/1/1前),14,500,3000000,2019-01-29,108/01/29,2019-07-29,108/07/29,2019-10-29,108/10/29,3000000,100%,3,0,1199,04thinsetantsaleinfo201903140317,https://cdn.taiwanlottery.com.tw/app/FilesForDownload/TLCWeb/instant/images/121/IN1080124_small_0315.jpg,https://www.taiwanlottery.com/news/news/04thinsetantsaleinfo201903140317
315,花開富貴,上一屆(2024/1/1前),0,200,2000000,2013-01-02,102/01/02,2013-07-02,102/07/02,2013-10-02,102/10/02,3059800,100%,3,0,623,,https://cdn.taiwanlottery.com.tw/app/FilesForDownload/TLCWeb/3th_instant_images/images/139/IN1011221_small_315.jpg,
0314,"$1,000萬大贏家",上一屆(2024/1/1前),8,1000,10000000,2019-01-29,108/01/29,2019-07-29,108/07/29,2019-10-29,108/10/29,2000000,100%,1,0,1198,04thinsetantsaleinfo201903140317,https://cdn.taiwanlottery.com.tw/app/FilesForDownload/TLCWeb/instant/images/121/IN1080124_small_0314.jpg,https://www.taiwanlottery.com/news/news/04thinsetantsaleinfo201903140317
314,財神到,上一屆(2024/1/1前),0,100,800000,2013-01-02,102/01/02,2013-07-02,102/07/02,2013-10-02,102/10/02,4080000,100%,3,0,622,,https://cdn.taiwanlottery.com.tw/app/FilesForDownload/TLCWeb/3th_instant_images/images/139/IN1011221_small_314.jpg,
0313,豬年行大運,上一屆(2024/1/1前),10,100,50000,2019-01-16,108/01/16,2019-07-16,108/07/16,2019-10-16,108/10/16,5100000,99.66%,100,3,1197,04thinsetantsaleinfo201903070313,https://cdn.taiwanlottery.com.tw/app/FilesForDownload/TLCWeb/instant/images/120/IN1080111_small_0313.jpg,https://www.taiwanlottery.com/news/news/04thinsetantsaleinfo201903070313
313,小龍報喜,上一屆(2024/1/1前),0,100,300000,2013-01-02,102/01/02,2013-07-02,102/07/02,2013-10-02,102/10/02,4080000,99.88%,8,1,621,,https://cdn.taiwanlottery.com.tw/app/FilesForDownload/TLCWeb/3th_instant_images/images/139/IN1011221_small_313.jpg,
0312,賽金豬,上一屆(2024/1/1前),13,100,500000,2019-01-16,108/01/16,2019-07-16,108/07/16,2019-10-16,108/10/16,5100000,98.96%,5,0,1196,04thinsetantsaleinfo201903070313,https://cdn.taiwanlottery.com.tw/app/FilesForDownload/TLCWeb/instant/images/120/IN1080111_small_0312.jpg,https://www.taiwanlottery.com/news/news/04thinsetantsaleinfo201903070313
312,大吉大利,上一屆(2024/1/1前),0,100,500000,2012-12-17,101/12/17,2013-06-17,102/06/17,2013-09-17,102/09/17,4079200,100%,8,1,619,,https://cdn.taiwanlottery.com.tw/app/FilesForDownload/TLCWeb/3th_instant_images/images/138/IN1011212_small_312.jpg,
0311,金麻將,上一屆(2024/1/1前),11,300,3000000,2019-01-16,108/01/16,2019-07-16,108/07/16,2019-10-16,108/10/16,8079100,100%,8,0,1195,04thinsetantsaleinfo201903070313,https://cdn.taiwanlottery.com.tw/app/FilesForDownload/TLCWeb/instant/images/120/IN1080111_small_0311.jpg,https://www.taiwanlottery.com/news/news/04thinsetantsaleinfo201903070313
311,霹靂顯神威,上一屆(2024/1/1前),0,200,2000000,2012-12-17,101/12/17,2013-06-17,102/06/17,2013-09-17,102/09/17,2999800,100%,3,0,618,,https://cdn.taiwanlottery.com.tw/app/FilesForDownload/TLCWeb/3th_instant_images/images/138/IN1011212_small_311.jpg,
0310,金豬報喜,上一屆(2024/1/1前),10,200,2000000,2019-01-16,108/01/16,2019-07-16,108/07/16,2019-10-16,108/10/16,5100000,99.98%,5,1,1194,04thinsetantsaleinfo201903070313,https://cdn.taiwanlottery.com.tw/app/FilesForDownload/TLCWeb/instant/images/120/IN1080111_small_0310.jpg,https://www.taiwanlottery.com/news/news/04thinsetantsaleinfo201903070313
310,瘋狂骰子樂,上一屆(2024/1/1前),0,100,500000,2012-12-17,101/12/17,2013-06-17,102/06/17,2013-09-17,102/09/17,4080000,100%,6,0,617,,https://cdn.taiwanlottery.com.tw/app/FilesForDownload/TLCWeb/3th_instant_images/images/138/IN1011212_small_310.jpg,
0309,超級777,上一屆(2024/1/1前),11,200,2000000,2019-01-16,108/01/16,2019-07-16,108/07/16,2019-10-16,108/10/16,6120000,99.99%,6,0,1193,04thinsetantsaleinfo201903070313,https://cdn.taiwanlottery.com.tw/app/FilesForDownload/TLCWeb/instant/images/120/IN1080111_small_0309.jpg,https://www.taiwanlottery.com/news/news/04thinsetantsaleinfo201903070313
309,招財貓,上一屆(2024/1/1前),0,100,300000,2012-12-03,101/12/03,2013-06-03,102/06/03,2013-09-03,102/09/03,4080000,100%,8,0,615,,https://cdn.taiwanlottery.com.tw/app/FilesForDownload/TLCWeb/3th_instant_images/images/137/IN1011123_small_309.jpg,
0308,金豬疊疊樂,上一屆(2024/1/1前),10,200,2000000,2019-01-16,108/01/16,2019-07-16,108/07/16,2019-10-16,108/10/16,5090400,99.69%,5,0,1192,04thinsetantsaleinfo201903070313,https://cdn.taiwanlottery.com.tw/app/FilesForDownload/TLCWeb/instant/images/120/IN1080111_small_0308.jpg,https://www.taiwanlottery.com/news/news/04thinsetantsaleinfo201903070313
308,鈔票一把抓,上一屆(2024/1/1前),0,300,3000000,2012-12-03,101/12/03,2013-06-03,102/06/03,2013-09-03,102/09/03,2550000,100%,3,0,614,,https://cdn.taiwanlottery.com.tw/app/FilesForDownload/TLCWeb/3th_instant_images/images/137/IN1011123_small_308.jpg,
0307,金豬獎,上一屆(2024/1/1前),14,500,3000000,2019-01-16,108/01/16,2019-07-16,108/07/16,2019-10-16,108/10/16,5000000,100%,8,0,1191,04thinsetantsaleinfo201903070313,https://cdn.taiwanlottery.com.tw/app/FilesForDownload/TLCWeb/instant/images/120/IN1080111_small_0307.jpg,https://www.taiwanlottery.com/news/news/04thinsetantsaleinfo201903070313
307,聖誕嘉年華,上一屆(2024/1/1前),0,500,5000000,2012-12-03,101/12/03,2013-06-03,102/06/03,2013-09-03,102/09/03,1500000,100%,3,0,613,,https://cdn.taiwanlottery.com.tw/app/FilesForDownload/TLCWeb/3th_instant_images/images/137/IN1011123_small_307.jpg,
0306,超速777,上一屆(2024/1/1前),12,100,700000,2019-01-03,108/01/03,2019-07-03,108/07/03,2019-10-03,108/10/03,6120000,99.1%,5,0,1190,04thinsetantsaleinfo201903010306,https://cdn.taiwanlottery.com.tw/app/FilesForDownload/TLCWeb/instant/images/119/IN1071227_small_0306.jpg,https://www.taiwanlottery.com/news/news/04thinsetantsaleinfo201903010306
306,吉星高照,上一屆(2024/1/1前),0,100,300000,2012-11-15,101/11/15,2013-05-15,102/05/15,2013-08-15,102/08/15,4059500,100%,8,0,611,,https://cdn.taiwanlottery.com.tw/app/FilesForDownload/TLCWeb/3th_instant_images/images/136/IN1011105_small_306.jpg,
0305,辦桌,上一屆(2024/1/1前),8,100,10000,2019-01-03,108/01/03,2019-07-03,108/07/03,2019-10-03,108/10/03,6120000,98.85%,150,7,1189,04thinsetantsaleinfo201903010306,https://cdn.taiwanlottery.com.tw/app/FilesForDownload/TLCWeb/instant/images/119/IN1071227_small_0305.jpg,https://www.taiwanlottery.com/news/news/04thinsetantsaleinfo201903010306
305,超級年終獎金,上一屆(2024/1/1前),0,200,1500000,2012-11-15,101/11/15,2013-05-15,102/05/15,2013-08-15,102/08/15,3569900,99.97%,2,0,608,,https://cdn.taiwanlottery.com.tw/app/FilesForDownload/TLCWeb/3th_instant_images/images/136/IN1011105_small_305.jpg,
0304,大三元,上一屆(2024/1/1前),12,200,2000000,2019-01-03,108/01/03,2019-07-03,108/07/03,2019-10-03,108/10/03,5043500,99.87%,5,0,1188,04thinsetantsaleinfo201903010306,https://cdn.taiwanlottery.com.tw/app/FilesForDownload/TLCWeb/instant/images/119/IN1071227_small_0304.jpg,https://www.taiwanlottery.com/news/news/04thinsetantsaleinfo201903010306
304,雪人獎金,上一屆(2024/1/1前),0,200,2000000,2012-11-15,101/11/15,2013-05-15,102/05/15,2013-08-15,102/08/15,3059400,100%,3,0,607,,https://cdn.taiwanlottery.com.tw/app/FilesForDownload/TLCWeb/3th_instant_images/images/136/IN1011105_small_304.jpg,
0303,大富翁,上一屆(2024/1/1前),10,500,5000000,2019-01-03,108/01/03,2019-07-03,108/07/03,2019-10-03,108/10/03,4000000,99.95%,3,0,1187,04thinsetantsaleinfo201903010306,https://cdn.taiwanlottery.com.tw/app/FilesForDownload/TLCWeb/instant/images/119/IN1071227_small_0303.jpg,https://www.taiwanlottery.com/news/news/04thinsetantsaleinfo201903010306
303,水果樂園,上一屆(2024/1/1前),0,100,300000,2012-11-01,101/11/01,2013-05-02,102/05/02,2013-08-02,102/08/02,3991700,100%,3,0,606,,https://cdn.taiwanlottery.com.tw/app/FilesForDownload/TLCWeb/3th_instant_images/images/135/IN1011022_small_303.jpg,
0302,"$1,200萬大吉利",上一屆(2024/1/1前),12,1000,12000000,2018-12-18,107/12/18,2019-06-18,108/06/18,2019-09-18,108/09/18,3500000,100%,3,0,1185,04thinsetantsaleinfo201803020000,https://cdn.taiwanlottery.com.tw/app/FilesForDownload/TLCWeb/instant/images/118/IN1071213_small_0302.jpg,https://www.taiwanlottery.com/news/news/04thinsetantsaleinfo201803020000
302,快刮$1000,上一屆(2024/1/1前),0,100,300000,2012-11-01,101/11/01,2013-05-02,102/05/02,2013-08-02,102/08/02,3570000,100%,4,0,605,,https://cdn.taiwanlottery.com.tw/app/FilesForDownload/TLCWeb/3th_instant_images/images/135/IN1011022_small_302.jpg,
0301,"2,000萬超級紅包",上一屆(2024/1/1前),9,2000,20000000,2019-01-03,108/01/03,2019-07-03,108/07/03,2019-10-03,108/10/03,3999744,99.99%,3,0,1186,04thinsetantsaleinfo201903010306,https://cdn.taiwanlottery.com.tw/app/FilesForDownload/TLCWeb/instant/images/119/IN1071227_small_0301.jpg,https://www.taiwanlottery.com/news/news/04thinsetantsaleinfo201903010306
301,大三元,上一屆(2024/1/1前),0,200,2000000,2012-11-01,101/11/01,2013-05-02,102/05/02,2013-08-02,102/08/02,2549700,100%,2,0,603,,https://cdn.taiwanlottery.com.tw/app/FilesForDownload/TLCWeb/3th_instant_images/images/135/IN1011022_small_301.jpg,
0300,歡樂賓果,上一屆(2024/1/1前),7,100,300000,2018-12-04,107/12/04,2019-06-04,108/06/04,2019-09-04,108/09/04,7140000,99.94%,10,0,1180,04thinsetantsaleinfo201802980300,https://cdn.taiwanlottery.com.tw/app/FilesForDownload/TLCWeb/instant/images/117/IN1071129_small_0300.jpg,https://www.taiwanlottery.com/news/news/04thinsetantsaleinfo201802980300
300,幸運777,上一屆(2024/1/1前),0,100,700000,2012-10-15,101/10/15,2013-04-15,102/04/15,2013-07-15,102/07/15,3569500,100%,4,0,592,,https://cdn.taiwanlottery.com.tw/app/FilesForDownload/TLCWeb/3th_instant_images/images/134/IN1011005_small_300.jpg,
0299,開運密碼,上一屆(2024/1/1前),12,200,2000000,2019-03-04,108/03/04,2019-09-04,108/09/04,2019-12-04,108/12/04,4054400,86.69%,3,1,1225,04thinsetantsaleinfo201902990323,https://cdn.taiwanlottery.com.tw/app/FilesForDownload/TLCWeb/instant/images/123/IN1080225_small_0299.jpg,https://www.taiwanlottery.com/news/news/04thinsetantsaleinfo201902990323
299,麻將,上一屆(2024/1/1前),0,200,2000000,2012-10-15,101/10/15,2013-04-15,102/04/15,2013-07-15,102/07/15,3010100,100%,3,1,591,,https://cdn.taiwanlottery.com.tw/app/FilesForDownload/TLCWeb/3th_instant_images/images/134/IN1011005_small_299.jpg,
0298,金喜大禮包,上一屆(2024/1/1前),12,200,1000000,2018-12-04,107/12/04,2019-06-04,108/06/04,2019-09-04,108/09/04,5100000,99.38%,50,3,1183,04thinsetantsaleinfo201802980300,https://cdn.taiwanlottery.com.tw/app/FilesForDownload/TLCWeb/instant/images/117/IN1071129_small_0298.jpg,https://www.taiwanlottery.com/news/news/04thinsetantsaleinfo201802980300
298,金鑽999,上一屆(2024/1/1前),0,200,2000000,2012-10-01,101/10/01,2013-04-01,102/04/01,2013-07-01,102/07/01,2488500,100%,2,0,589,,https://cdn.taiwanlottery.com.tw/app/FilesForDownload/TLCWeb/3th_instant_images/images/133/IN1010921_small_298.jpg,
0297,娃娃機,上一屆(2024/1/1前),9,100,300000,2018-11-16,107/11/16,2019-05-16,108/05/16,2019-08-16,108/08/16,4080000,79.32%,6,3,1176,04thinsetantsaleinfo201802960297,https://cdn.taiwanlottery.com.tw/app/FilesForDownload/TLCWeb/instant/images/116/IN1071113_small_0297.jpg,https://www.taiwanlottery.com/news/news/04thinsetantsaleinfo201802960297
297,熱錢,上一屆(2024/1/1前),0,100,1000000,2012-10-15,101/10/15,2013-04-15,102/04/15,2013-07-15,102/07/15,3060000,100%,2,0,590,,https://cdn.taiwanlottery.com.tw/app/FilesForDownload/TLCWeb/3th_instant_images/images/134/IN1011005_small_297.jpg,
0296,灌籃大帝,上一屆(2024/1/1前),10,200,2000000,2018-11-16,107/11/16,2019-05-16,108/05/16,2019-08-16,108/08/16,4063400,86.28%,4,1,1175,04thinsetantsaleinfo201802960297,https://cdn.taiwanlottery.com.tw/app/FilesForDownload/TLCWeb/instant/images/116/IN1071113_small_0296.jpg,https://www.taiwanlottery.com/news/news/04thinsetantsaleinfo201802960297
296,台灣尚讚,上一屆(2024/1/1前),0,100,1000000,2012-10-01,101/10/01,2013-04-01,102/04/01,2013-07-01,102/07/01,4080000,100%,2,0,588,,https://cdn.taiwanlottery.com.tw/app/FilesForDownload/TLCWeb/3th_instant_images/images/133/IN1010921_small_296.jpg,
0295,雙11好運到,上一屆(2024/1/1前),12,100,1111000,2018-11-02,107/11/02,2019-05-02,108/05/02,2019-08-02,108/08/02,4080000,85.69%,3,0,1174,04thinsetantsaleinfo201802940295,https://cdn.taiwanlottery.com.tw/app/FilesForDownload/TLCWeb/instant/images/115/IN1071030_small_0295.jpg,https://www.taiwanlottery.com/news/news/04thinsetantsaleinfo201802940295
295,超級黑傑克,上一屆(2024/1/1前),0,200,2000000,2012-10-01,101/10/01,2013-04-01,102/04/01,2013-07-01,102/07/01,2541700,100%,2,0,587,,https://cdn.taiwanlottery.com.tw/app/FilesForDownload/TLCWeb/3th_instant_images/images/133/IN1010921_small_295.jpg,
0294,黃金娛樂城,上一屆(2024/1/1前),8,500,5000000,2018-11-02,107/11/02,2019-05-02,108/05/02,2019-08-02,108/08/02,3000000,99.83%,3,0,1173,04thinsetantsaleinfo201802940295,https://cdn.taiwanlottery.com.tw/app/FilesForDownload/TLCWeb/instant/images/115/IN1071030_small_0294.jpg,https://www.taiwanlottery.com/news/news/04thinsetantsaleinfo201802940295
294,超級777,上一屆(2024/1/1前),0,200,2000000,2012-09-17,101/09/17,2013-03-18,102/03/18,2013-06-18,102/06/18,3059900,100%,3,0,586,,https://cdn.taiwanlottery.com.tw/app/FilesForDownload/TLCWeb/3th_instant_images/images/132/IN1010907_small_294.jpg,
0293,金喜扭蛋,上一屆(2024/1/1前),9,100,300000,2018-10-02,107/10/02,2019-04-02,108/04/02,2019-07-02,108/07/02,4080000,73.77%,6,4,1170,04thinsetantsaleinfo201802920293,https://cdn.taiwanlottery.com.tw/app/FilesForDownload/TLCWeb/instant/images/113/IN1070927_small_0293.jpg,https://www.taiwanlottery.com/news/news/04thinsetantsaleinfo201802920293
293,找到錢,上一屆(2024/1/1前),0,100,300000,2012-09-17,101/09/17,2013-03-18,102/03/18,2013-06-18,102/06/18,3059700,100%,6,0,585,,https://cdn.taiwanlottery.com.tw/app/FilesForDownload/TLCWeb/3th_instant_images/images/132/IN1010907_small_293.jpg,
0292,台灣味,上一屆(2024/1/1前),11,200,2000000,2018-10-02,107/10/02,2019-04-02,108/04/02,2019-07-02,108/07/02,4056700,72.91%,4,2,1169,04thinsetantsaleinfo201802920293,https://cdn.taiwanlottery.com.tw/app/FilesForDownload/TLCWeb/instant/images/113/IN1070927_small_0292.jpg,https://www.taiwanlottery.com/news/news/04thinsetantsaleinfo201802920293
292,金磚帝國,上一屆(2024/1/1前),0,500,5000000,2012-09-17,101/09/17,2013-03-18,102/03/18,2013-06-18,102/06/18,1500000,100%,2,0,584,,https://cdn.taiwanlottery.com.tw/app/FilesForDownload/TLCWeb/3th_instant_images/images/132/IN1010907_small_292.jpg,
0291,幸運777,上一屆(2024/1/1前),9,100,700000,2018-09-18,107/09/18,2019-03-18,108/03/18,2019-06-18,108/06/18,4080000,94.66%,4,2,1166,04thinsetantsaleinfo201802910000,https://cdn.taiwanlottery.com.tw/app/FilesForDownload/TLCWeb/instant/images/112/IN1070913_small_0291.jpg,https://www.taiwanlottery.com/news/news/04thinsetantsaleinfo201802910000
291,瘋狂888,上一屆(2024/1/1前),0,100,800000,2012-09-03,101/09/03,2013-03-04,102/03/04,2013-06-04,102/06/04,3059500,100%,2,0,583,,https://cdn.taiwanlottery.com.tw/app/FilesForDownload/TLCWeb/3th_instant_images/images/131/small-291.jpg,
0290,吃角子老虎,上一屆(2024/1/1前),9,300,3000000,2018-09-04,107/09/04,2019-03-04,108/03/04,2019-06-04,108/06/04,4065100,99.97%,3,0,1164,04thinsetantsaleinfo201802900000,https://cdn.taiwanlottery.com.tw/app/FilesForDownload/TLCWeb/instant/images/111/IN1070830_small_0290.jpg,https://www.taiwanlottery.com/news/news/04thinsetantsaleinfo201802900000
290,花好月圓,上一屆(2024/1/1前),0,200,2000000,2012-09-03,101/09/03,2013-03-04,102/03/04,2013-06-04,102/06/04,2550000,99.98%,2,0,582,,https://cdn.taiwanlottery.com.tw/app/FilesForDownload/TLCWeb/3th_instant_images/images/131/small-290.jpg,
0289,一路發,上一屆(2024/1/1前),11,200,2000000,2018-08-02,107/08/02,2019-02-11,108/02/11,2019-05-13,108/05/13,4050800,92%,4,0,1160,04thinsetantsaleinfo201802890000,https://cdn.taiwanlottery.com.tw/app/FilesForDownload/TLCWeb/instant/images/109/IN1070730_small_0289.jpg,https://www.taiwanlottery.com/news/news/04thinsetantsaleinfo201802890000
289,拉斯維加斯,上一屆(2024/1/1前),0,200,2000000,2012-08-15,101/08/15,2013-02-18,102/02/18,2013-05-20,102/05/20,2550000,98.84%,2,0,581,,https://cdn.taiwanlottery.com.tw/app/FilesForDownload/TLCWeb/3th_instant_images/images/130/small-289.jpg,
0288,傳說對決,上一屆(2024/1/1前),10,200,500000,2018-08-17,107/08/17,2019-02-18,108/02/18,2019-05-20,108/05/20,4021800,77.12%,50,12,1163,04thinsetantsaleinfo201802880000,https://cdn.taiwanlottery.com.tw/app/FilesForDownload/TLCWeb/instant/images/110/IN1070814_small_0288.jpg,https://www.taiwanlottery.com/news/news/04thinsetantsaleinfo201802880000
288,幸運御守,上一屆(2024/1/1前),0,100,500000,2012-08-15,101/08/15,2013-02-18,102/02/18,2013-05-20,102/05/20,3060000,99.83%,3,0,580,,https://cdn.taiwanlottery.com.tw/app/FilesForDownload/TLCWeb/3th_instant_images/images/130/small-288.jpg,
0287,釣大魚,上一屆(2024/1/1前),0,100,500000,2018-10-16,107/10/16,2019-04-16,108/04/16,2019-07-16,108/07/16,4080000,85.12%,3,0,1172,04thinsetantsaleinfo201802860287,https://cdn.taiwanlottery.com.tw/app/FilesForDownload/TLCWeb/instant/images/114/IN1071011_small_0287.jpg,https://www.taiwanlottery.com/news/news/04thinsetantsaleinfo201802860287
287,麻將,上一屆(2024/1/1前),0,200,2000000,2012-08-01,101/08/01,2013-02-01,102/02/01,2013-05-03,102/05/03,4590000,99.98%,5,0,579,,https://cdn.taiwanlottery.com.tw/app/FilesForDownload/TLCWeb/3th_instant_images/images/129/small-287.jpg,
0286,麻將賓果,上一屆(2024/1/1前),0,200,2000000,2018-10-16,107/10/16,2019-04-16,108/04/16,2019-07-16,108/07/16,4072600,100%,3,0,1171,04thinsetantsaleinfo201802860287,https://cdn.taiwanlottery.com.tw/app/FilesForDownload/TLCWeb/instant/images/114/IN1071011_small_0286.jpg,https://www.taiwanlottery.com/news/news/04thinsetantsaleinfo201802860287
286,台灣好神,上一屆(2024/1/1前),0,100,300000,2012-08-01,101/08/01,2013-02-01,102/02/01,2013-05-03,102/05/03,3570000,99.83%,7,0,578,,https://cdn.taiwanlottery.com.tw/app/FilesForDownload/TLCWeb/3th_instant_images/images/129/small-286.jpg,
0285,2、4、6、8、10,上一屆(2024/1/1前),7,100,300000,2018-07-17,107/07/17,2019-01-17,108/01/17,2019-04-17,108/04/17,4080000,57.38%,4,3,1159,04thinsetantsaleinfo201802830285,https://cdn.taiwanlottery.com.tw/app/FilesForDownload/TLCWeb/instant/images/108/IN1070712_small_0285.jpg,https://www.taiwanlottery.com/news/news/04thinsetantsaleinfo201802830285
285,閃亮彈珠台,上一屆(2024/1/1前),0,200,2000000,2012-07-16,101/07/16,2013-01-16,102/01/16,2013-04-16,102/04/16,3060000,68.44%,3,1,577,,https://cdn.taiwanlottery.com.tw/app/FilesForDownload/TLCWeb/3th_instant_images/images/128/small-285.jpg,
0284,1、3、5、7、9,上一屆(2024/1/1前),7,100,300000,2018-07-17,107/07/17,2019-01-17,108/01/17,2019-04-17,108/04/17,4080000,54.8%,4,0,1158,04thinsetantsaleinfo201802830285,https://cdn.taiwanlottery.com.tw/app/FilesForDownload/TLCWeb/instant/images/108/IN1070712_small_0284.jpg,https://www.taiwanlottery.com/news/news/04thinsetantsaleinfo201802830285
284,釣大魚,上一屆(2024/1/1前),0,100,500000,2012-07-16,101/07/16,2013-01-16,102/01/16,2013-04-16,102/04/16,3060000,99.99%,3,0,576,,https://cdn.taiwanlottery.com.tw/app/FilesForDownload/TLCWeb/3th_instant_images/images/128/small-284.jpg,
0283,幸運開獎機,上一屆(2024/1/1前),12,200,2000000,2018-07-17,107/07/17,2019-01-17,108/01/17,2019-04-17,108/04/17,5100000,99.97%,4,0,1156,04thinsetantsaleinfo201802830285,https://cdn.taiwanlottery.com.tw/app/FilesForDownload/TLCWeb/instant/images/108/IN1070712_small_0283.jpg,https://www.taiwanlottery.com/news/news/04thinsetantsaleinfo201802830285
283,台灣之光,上一屆(2024/1/1前),0,200,2000000,2012-07-02,101/07/02,2013-01-02,102/01/02,2013-04-02,102/04/02,2295000,93.97%,2,0,575,,https://cdn.taiwanlottery.com.tw/app/FilesForDownload/TLCWeb/3th_instant_images/images/127/small-283.jpg,
0282,超級連線,上一屆(2024/1/1前),9,800,6000000,2018-07-03,107/07/03,2019-01-03,108/01/03,2019-04-03,108/04/03,2380000,86.46%,3,0,1153,04thinsetantsaleinfo201802820000,https://cdn.taiwanlottery.com.tw/app/FilesForDownload/TLCWeb/instant/images/107/IN1070622_small_0282.jpg,https://www.taiwanlottery.com/news/news/04thinsetantsaleinfo201802820000
282,皇家俱樂部,上一屆(2024/1/1前),0,500,5000000,2012-07-02,101/07/02,2013-01-02,102/01/02,2013-04-02,102/04/02,1750000,95.97%,3,0,574,,https://cdn.taiwanlottery.com.tw/app/FilesForDownload/TLCWeb/3th_instant_images/images/127/small-282.jpg,
0281,錢滾錢,上一屆(2024/1/1前),12,200,2000000,2018-06-20,107/06/20,2018-12-20,107/12/20,2019-03-20,108/03/20,4590000,64%,3,1,1152,04thinsetantsaleinfo201802810000,https://cdn.taiwanlottery.com.tw/app/FilesForDownload/TLCWeb/instant/images/106/IN1070614_small_0281.jpg,https://www.taiwanlottery.com/news/news/04thinsetantsaleinfo201802810000
281,水果樂園,上一屆(2024/1/1前),0,100,300000,2012-06-15,101/06/15,2012-12-17,101/12/17,2013-03-18,102/03/18,3570000,99.94%,3,0,573,,https://cdn.taiwanlottery.com.tw/app/FilesForDownload/TLCWeb/3th_instant_images/images/126/small-281.jpg,
0280,加倍鑽,上一屆(2024/1/1前),13,100,1000000,2018-06-05,107/06/05,2018-12-05,107/12/05,2019-03-05,108/03/05,4080000,78.82%,3,1,1151,04thinsetantsaleinfo201802790280,https://cdn.taiwanlottery.com.tw/app/FilesForDownload/TLCWeb/instant/images/105/IN1070531_small_0280.jpg,https://www.taiwanlottery.com/news/news/04thinsetantsaleinfo201802790280
280,黃金24K,上一屆(2024/1/1前),0,200,2000000,2012-06-15,101/06/15,2012-12-17,101/12/17,2013-03-18,102/03/18,2550000,84.36%,3,3,572,,https://cdn.taiwanlottery.com.tw/app/FilesForDownload/TLCWeb/3th_instant_images/images/126/small-280.jpg,
0279,足球冠軍,上一屆(2024/1/1前),12,200,2000000,2018-06-05,107/06/05,2018-12-05,107/12/05,2019-03-05,108/03/05,3991400,66.93%,3,1,1150,04thinsetantsaleinfo201802790280,https://cdn.taiwanlottery.com.tw/app/FilesForDownload/TLCWeb/instant/images/105/IN1070531_small_0279.jpg,https://www.taiwanlottery.com/news/news/04thinsetantsaleinfo201802790280
279,慶端午,上一屆(2024/1/1前),0,200,2000000,2012-06-01,101/06/01,2012-12-03,101/12/03,2013-03-04,102/03/04,2549900,90.23%,2,1,571,,https://cdn.taiwanlottery.com.tw/app/FilesForDownload/TLCWeb/3th_instant_images/images/125/small-279.jpg,
0278,發財樹,上一屆(2024/1/1前),12,100,500000,2018-05-22,107/05/22,2018-11-22,107/11/22,2019-02-22,108/02/22,4080000,64.03%,6,3,1147,04thinsetantsaleinfo201802770278,https://cdn.taiwanlottery.com.tw/app/FilesForDownload/TLCWeb/instant/images/104/IN1070517_small_0278.jpg,https://www.taiwanlottery.com/news/news/04thinsetantsaleinfo201802770278
278,66大順,上一屆(2024/1/1前),0,100,600000,2012-06-01,101/06/01,2012-12-03,101/12/03,2013-03-04,102/03/04,3568600,99.99%,4,0,570,,https://cdn.taiwanlottery.com.tw/app/FilesForDownload/TLCWeb/3th_instant_images/images/125/small-278.jpg,
0277,黃金俱樂部,上一屆(2024/1/1前),10,200,2000000,2018-05-22,107/05/22,2018-11-22,107/11/22,2019-02-22,108/02/22,4080000,51.33%,4,3,1146,04thinsetantsaleinfo201802770278,https://cdn.taiwanlottery.com.tw/app/FilesForDownload/TLCWeb/instant/images/104/IN1070517_small_0277.jpg,https://www.taiwanlottery.com/news/news/04thinsetantsaleinfo201802770278
277,一路發,上一屆(2024/1/1前),0,200,2000000,2012-06-01,101/06/01,2012-12-03,101/12/03,2013-03-04,102/03/04,3019000,82.35%,3,0,569,,https://cdn.taiwanlottery.com.tw/app/FilesForDownload/TLCWeb/3th_instant_images/images/125/small-277.jpg,
0276,招財貓,上一屆(2024/1/1前),9,100,300000,2018-05-08,107/05/08,2018-11-08,107/11/08,2019-02-08,108/02/08,4080000,65%,6,2,1144,04thinsetantsaleinfo201802740276,https://cdn.taiwanlottery.com.tw/app/FilesForDownload/TLCWeb/instant/images/103/IN1070503_small_0276.jpg,https://www.taiwanlottery.com/news/news/04thinsetantsaleinfo201802740276
276,至尊王牌,上一屆(2024/1/1前),0,500,5000000,2012-04-16,101/04/16,2012-10-16,101/10/16,2013-01-16,102/01/16,2000000,95.09%,4,1,557,,https://cdn.taiwanlottery.com.tw/app/FilesForDownload/TLCWeb/3th_instant_images/images/122/small-276.jpg,
0275,幸運撲克,上一屆(2024/1/1前),11,200,2000000,2018-05-08,107/05/08,2018-11-08,107/11/08,2019-02-08,108/02/08,4080000,55.22%,3,2,1143,04thinsetantsaleinfo201802740276,https://cdn.taiwanlottery.com.tw/app/FilesForDownload/TLCWeb/instant/images/103/IN1070503_small_0275.jpg,https://www.taiwanlottery.com/news/news/04thinsetantsaleinfo201802740276
275,好彩頭,上一屆(2024/1/1前),0,100,300000,2012-04-16,101/04/16,2012-10-16,101/10/16,2013-01-16,102/01/16,3569900,99.99%,7,0,555,,https://cdn.taiwanlottery.com.tw/app/FilesForDownload/TLCWeb/3th_instant_images/images/122/small-275.jpg,
0274,海底大尋寶,上一屆(2024/1/1前),11,300,3000000,2018-05-08,107/05/08,2018-11-08,107/11/08,2019-02-08,108/02/08,5071400,99.95%,3,0,1142,04thinsetantsaleinfo201802740276,https://cdn.taiwanlottery.com.tw/app/FilesForDownload/TLCWeb/instant/images/103/IN1070503_small_0274.jpg,https://www.taiwanlottery.com/news/news/04thinsetantsaleinfo201802740276
274,璀璨鑽石,上一屆(2024/1/1前),0,200,2000000,2012-05-16,101/05/16,2012-11-16,101/11/16,2013-02-18,102/02/18,3059500,91.15%,3,0,565,,https://cdn.taiwanlottery.com.tw/app/FilesForDownload/TLCWeb/3th_instant_images/images/124/small-274.jpg,
0273,幸運輪盤,上一屆(2024/1/1前),12,200,2000000,2018-04-24,107/04/24,2018-10-24,107/10/24,2019-01-24,108/01/24,4069600,83.52%,4,2,1136,04thinsetantsaleinfo201802720273,https://cdn.taiwanlottery.com.tw/app/FilesForDownload/TLCWeb/instant/images/102/IN1070419_small_0273.jpg,https://www.taiwanlottery.com/news/news/04thinsetantsaleinfo201802720273
273,賽金豬,上一屆(2024/1/1前),0,100,600000,2012-05-16,101/05/16,2012-11-16,101/11/16,2013-02-18,102/02/18,3553800,100%,3,0,564,,https://cdn.taiwanlottery.com.tw/app/FilesForDownload/TLCWeb/3th_instant_images/images/124/small-273.jpg,
0272,好運連連,上一屆(2024/1/1前),9,100,300000,2018-04-24,107/04/24,2018-10-24,107/10/24,2019-01-24,108/01/24,4078800,75.5%,5,0,1135,04thinsetantsaleinfo201802720273,https://cdn.taiwanlottery.com.tw/app/FilesForDownload/TLCWeb/instant/images/102/IN1070419_small_0272.jpg,https://www.taiwanlottery.com/news/news/04thinsetantsaleinfo201802720273
272,瘋狂吐鈔機,上一屆(2024/1/1前),0,200,2000000,2012-05-02,101/05/02,2012-11-02,101/11/02,2013-02-04,102/02/04,2039400,94.51%,2,0,559,,https://cdn.taiwanlottery.com.tw/app/FilesForDownload/TLCWeb/3th_instant_images/images/123/small-272.jpg,
0271,聚寶盆,上一屆(2024/1/1前),13,100,1000000,2018-04-10,107/04/10,2018-10-11,107/10/11,2019-01-11,108/01/11,4080000,68.48%,3,1,1134,04thinsetantsaleinfo201802700271,https://cdn.taiwanlottery.com.tw/app/FilesForDownload/TLCWeb/instant/images/101/IN1070403_small_0271.jpg,https://www.taiwanlottery.com/news/news/04thinsetantsaleinfo201802700271
271,超速777,上一屆(2024/1/1前),0,100,700000,2012-04-16,101/04/16,2012-10-16,101/10/16,2013-01-16,102/01/16,4079200,100%,4,0,554,,https://cdn.taiwanlottery.com.tw/app/FilesForDownload/TLCWeb/3th_instant_images/images/122/small-271.jpg,
0270,鑽很大,上一屆(2024/1/1前),10,500,5000000,2018-04-10,107/04/10,2018-10-11,107/10/11,2019-01-11,108/01/11,2000000,99.71%,3,0,1133,04thinsetantsaleinfo201802700271,https://cdn.taiwanlottery.com.tw/app/FilesForDownload/TLCWeb/instant/images/101/IN1070403_small_0270.jpg,https://www.taiwanlottery.com/news/news/04thinsetantsaleinfo201802700271
270,麻將,上一屆(2024/1/1前),0,200,2000000,2012-05-02,101/05/02,2012-11-02,101/11/02,2013-02-04,102/02/04,3059700,99.99%,3,1,558,,https://cdn.taiwanlottery.com.tw/app/FilesForDownload/TLCWeb/3th_instant_images/images/123/small-270.jpg,
0269,麻將,上一屆(2024/1/1前),13,200,2000000,2018-03-20,107/03/20,2018-09-20,107/09/20,2018-12-20,107/12/20,12240000,80.42%,12,3,1131,04thinsetantsaleinfo201802690000,https://cdn.taiwanlottery.com.tw/app/FilesForDownload/TLCWeb/instant/images/100/IN1070301_small_0266.jpg,https://www.taiwanlottery.com/news/news/04thinsetantsaleinfo201802690000
269,錢滾錢,上一屆(2024/1/1前),0,100,1000000,2012-03-15,101/03/15,2012-09-17,101/09/17,2012-12-17,101/12/17,3569900,99.80%,4,0,550,,https://cdn.taiwanlottery.com.tw/app/FilesForDownload/TLCWeb/3th_instant_images/images/120/small-269.jpg,
0268,剪刀石頭布,上一屆(2024/1/1前),12,100,300000,2018-03-06,107/03/06,2018-09-06,107/09/06,2018-12-06,107/12/06,5100000,61.94%,5,4,1130,04thinsetantsaleinfo201802660268,https://cdn.taiwanlottery.com.tw/app/FilesForDownload/TLCWeb/instant/images/99/IN1070301_small_0268.jpg,https://www.taiwanlottery.com/news/news/04thinsetantsaleinfo201802660268
268,黃金城,上一屆(2024/1/1前),0,500,5000000,2012-03-15,101/03/15,2012-09-17,101/09/17,2012-12-17,101/12/17,1250000,99.88%,2,0,549,,https://cdn.taiwanlottery.com.tw/app/FilesForDownload/TLCWeb/3th_instant_images/images/120/small-268.jpg,
0267,心花朵朵開,上一屆(2024/1/1前),12,200,2000000,2018-03-06,107/03/06,2018-09-06,107/09/06,2018-12-06,107/12/06,4975900,50.84%,5,1,1129,04thinsetantsaleinfo201802660268,https://cdn.taiwanlottery.com.tw/app/FilesForDownload/TLCWeb/instant/images/99/IN1070301_small_0267.jpg,https://www.taiwanlottery.com/news/news/04thinsetantsaleinfo201802660268
267,全壘打,上一屆(2024/1/1前),0,100,600000,2012-04-02,101/04/02,2012-10-16,101/10/16,2013-01-16,102/01/16,3570000,100%,4,0,552,,https://cdn.taiwanlottery.com.tw/app/FilesForDownload/TLCWeb/3th_instant_images/images/121/small-267.jpg,
0266,超級777,上一屆(2024/1/1前),11,200,2000000,2018-03-06,107/03/06,2018-09-06,107/09/06,2018-12-06,107/12/06,5060800,91.94%,5,2,1128,04thinsetantsaleinfo201802660268,https://cdn.taiwanlottery.com.tw/app/FilesForDownload/TLCWeb/instant/images/99/IN1070301_small_0266.jpg,https://www.taiwanlottery.com/news/news/04thinsetantsaleinfo201802660268
266,淘金熱,上一屆(2024/1/1前),0,200,2000000,2012-04-02,101/04/02,2012-10-16,101/10/16,2013-01-16,102/01/16,2549800,99.80%,2,0,551,,https://cdn.taiwanlottery.com.tw/app/FilesForDownload/TLCWeb/3th_instant_images/images/121/small-266.jpg,
0265,過新年,上一屆(2024/1/1前),10,100,50000,2018-02-06,107/02/06,2018-08-06,107/08/06,2018-11-06,107/11/06,7140000,98.35%,100,6,1127,04thinsetantsaleinfo201802620265,https://cdn.taiwanlottery.com.tw/app/FilesForDownload/TLCWeb/instant/images/98/IN1070202_small_0265.jpg,https://www.taiwanlottery.com/news/news/04thinsetantsaleinfo201802620265
265,金雞母,上一屆(2024/1/1前),0,100,1000000,2012-03-15,101/03/15,2012-10-02,101/10/02,2013-01-02,102/01/02,3060000,100%,3,0,548,,https://cdn.taiwanlottery.com.tw/app/FilesForDownload/TLCWeb/3th_instant_images/images/120/small-265.jpg,
0264,財神報到,上一屆(2024/1/1前),13,100,800000,2018-02-06,107/02/06,2018-08-06,107/08/06,2018-11-06,107/11/06,7109500,97.42%,7,1,1126,04thinsetantsaleinfo201802620265,https://cdn.taiwanlottery.com.tw/app/FilesForDownload/TLCWeb/instant/images/98/IN1070202_small_0264.jpg,https://www.taiwanlottery.com/news/news/04thinsetantsaleinfo201802620265
264,海底尋寶,上一屆(2024/1/1前),0,200,2000000,2012-03-15,101/03/15,2012-10-02,101/10/02,2013-01-02,102/01/02,2463900,99.99%,2,0,547,,https://cdn.taiwanlottery.com.tw/app/FilesForDownload/TLCWeb/3th_instant_images/images/120/small-264.jpg,
0263,發紅包,上一屆(2024/1/1前),9,200,100000,2018-02-06,107/02/06,2018-08-06,107/08/06,2018-11-06,107/11/06,7140000,92.41%,500,42,1125,04thinsetantsaleinfo201802620265,https://cdn.taiwanlottery.com.tw/app/FilesForDownload/TLCWeb/instant/images/98/IN1070202_small_0263.jpg,https://www.taiwanlottery.com/news/news/04thinsetantsaleinfo201802620265
263,金包銀,上一屆(2024/1/1前),0,100,800000,2012-03-05,101/03/05,2012-09-17,101/09/17,2012-12-17,101/12/17,3569400,99.91%,2,1,546,,https://cdn.taiwanlottery.com.tw/app/FilesForDownload/TLCWeb/3th_instant_images/images/119/small-263.jpg,
0262,紅包一把抓,上一屆(2024/1/1前),9,300,3000000,2018-02-06,107/02/06,2018-08-06,107/08/06,2018-11-06,107/11/06,6120000,94.81%,8,0,1124,04thinsetantsaleinfo201802620265,https://cdn.taiwanlottery.com.tw/app/FilesForDownload/TLCWeb/instant/images/98/IN1070202_small_0262.jpg,https://www.taiwanlottery.com/news/news/04thinsetantsaleinfo201802620265
262,喜從天降,上一屆(2024/1/1前),0,100,300000,2012-03-05,101/03/05,2012-09-17,101/09/17,2012-12-17,101/12/17,3570000,99.99%,7,0,545,,https://cdn.taiwanlottery.com.tw/app/FilesForDownload/TLCWeb/3th_instant_images/images/119/small-262.jpg,
0261,好運旺旺來,上一屆(2024/1/1前),10,200,2000000,2018-01-26,107/01/26,2018-07-26,107/07/26,2018-10-26,107/10/26,7140000,95.55%,6,0,1123,04thinsetantsaleinfo201802600261,https://cdn.taiwanlottery.com.tw/app/FilesForDownload/TLCWeb/instant/images/97/IN1070124_small_0261.jpg,https://www.taiwanlottery.com/news/news/04thinsetantsaleinfo201802600261
261,鈔票滿天飛,上一屆(2024/1/1前),0,200,2000000,2012-03-05,101/03/05,2012-09-17,101/09/17,2012-12-17,101/12/17,2549800,99.82%,2,0,544,,https://cdn.taiwanlottery.com.tw/app/FilesForDownload/TLCWeb/3th_instant_images/images/119/small-261.jpg,
0260,金犬獎,上一屆(2024/1/1前),14,500,3000000,2018-01-26,107/01/26,2018-07-26,107/07/26,2018-10-26,107/10/26,3750000,98.57%,6,0,1122,04thinsetantsaleinfo201802600261,https://cdn.taiwanlottery.com.tw/app/FilesForDownload/TLCWeb/instant/images/97/IN1070124_small_0260.jpg,https://www.taiwanlottery.com/news/news/04thinsetantsaleinfo201802600261
260,年年有魚,上一屆(2024/1/1前),0,100,500000,2012-02-15,101/02/15,2012-09-03,101/09/03,2012-12-03,101/12/03,3060000,99.99%,3,2,543,,https://cdn.taiwanlottery.com.tw/app/FilesForDownload/TLCWeb/3th_instant_images/images/118/small-260.jpg,
0259,骰子樂,上一屆(2024/1/1前),13,100,500000,2018-01-16,107/01/16,2018-07-16,107/07/16,2018-10-16,107/10/16,7049600,95.24%,7,0,1121,04thinsetantsaleinfo201802560259,https://cdn.taiwanlottery.com.tw/app/FilesForDownload/TLCWeb/instant/images/96/IN1070112_small_0259.jpg,https://www.taiwanlottery.com/news/news/04thinsetantsaleinfo201802560259
259,黃金傳奇,上一屆(2024/1/1前),0,200,2000000,2012-02-15,101/02/15,2012-09-03,101/09/03,2012-12-03,101/12/03,2550000,99.98%,2,0,542,,https://cdn.taiwanlottery.com.tw/app/FilesForDownload/TLCWeb/3th_instant_images/images/118/small-259.jpg,
0258,刮刮金樂透,上一屆(2024/1/1前),8,200,2000000,2018-01-16,107/01/16,2018-07-16,107/07/16,2018-10-16,107/10/16,7808400,99.7%,10,0,1120,04thinsetantsaleinfo201802560259,https://cdn.taiwanlottery.com.tw/app/FilesForDownload/TLCWeb/instant/images/96/IN1070112_small_0258.jpg,https://www.taiwanlottery.com/news/news/04thinsetantsaleinfo201802560259
258,旺旺來,上一屆(2024/1/1前),0,100,300000,2012-02-15,101/02/15,2012-09-03,101/09/03,2012-12-03,101/12/03,3570000,100%,7,0,541,,https://cdn.taiwanlottery.com.tw/app/FilesForDownload/TLCWeb/3th_instant_images/images/118/small-258.jpg,
0257,十二生肖賀新春,上一屆(2024/1/1前),9,500,5000000,2018-01-16,107/01/16,2018-07-16,107/07/16,2018-10-16,107/10/16,3750000,91.97%,5,1,1119,04thinsetantsaleinfo201802560259,https://cdn.taiwanlottery.com.tw/app/FilesForDownload/TLCWeb/instant/images/96/IN1070112_small_0257.jpg,https://www.taiwanlottery.com/news/news/04thinsetantsaleinfo201802560259
257,大三元,上一屆(2024/1/1前),0,200,2000000,2012-02-03,101/02/03,2012-08-15,101/08/15,2012-11-15,101/11/15,2531800,99.98%,2,0,540,,https://cdn.taiwanlottery.com.tw/app/FilesForDownload/TLCWeb/3th_instant_images/images/117/small-257.jpg,
0256,"2,000萬開運發財金",上一屆(2024/1/1前),8,2000,20000000,2018-01-16,107/01/16,2018-07-16,107/07/16,2018-10-16,107/10/16,3999960,90.4%,3,0,1118,04thinsetantsaleinfo201802560259,https://cdn.taiwanlottery.com.tw/app/FilesForDownload/TLCWeb/instant/images/96/IN1070112_small_0256.jpg,https://www.taiwanlottery.com/news/news/04thinsetantsaleinfo201802560259
256,五福臨門,上一屆(2024/1/1前),0,500,5000000,2012-02-03,101/02/03,2012-08-15,101/08/15,2012-11-15,101/11/15,1250000,99.98%,1,0,539,,https://cdn.taiwanlottery.com.tw/app/FilesForDownload/TLCWeb/3th_instant_images/images/117/small-256.jpg,
0255,辦桌,上一屆(2024/1/1前),8,100,10000,2018-01-03,107/01/03,2018-07-03,107/07/03,2018-10-03,107/10/03,7129400,97.58%,150,3,1117,04thinsetantsaleinfo201802510255,https://cdn.taiwanlottery.com.tw/app/FilesForDownload/TLCWeb/instant/images/95/IN1061229_small_0255.jpg,https://www.taiwanlottery.com/news/news/04thinsetantsaleinfo201802510255
255,招財貓,上一屆(2024/1/1前),0,100,300000,2012-02-03,101/02/03,2012-08-15,101/08/15,2012-11-15,101/11/15,4080000,99.99%,8,0,538,,https://cdn.taiwanlottery.com.tw/app/FilesForDownload/TLCWeb/3th_instant_images/images/117/small-255.jpg,
0254,歡樂賓果,上一屆(2024/1/1前),7,100,300000,2018-01-03,107/01/03,2018-07-03,107/07/03,2018-10-03,107/10/03,7876500,99.13%,10,0,1116,04thinsetantsaleinfo201802510255,https://cdn.taiwanlottery.com.tw/app/FilesForDownload/TLCWeb/instant/images/95/IN1061229_small_0254.jpg,https://www.taiwanlottery.com/news/news/04thinsetantsaleinfo201802510255
254,幸運777,上一屆(2024/1/1前),0,100,700000,2012-01-30,101/01/30,2012-08-01,101/08/01,2012-11-01,101/11/01,4079900,99.94%,4,2,536,,https://cdn.taiwanlottery.com.tw/app/FilesForDownload/TLCWeb/3th_instant_images/images/116/small-254.jpg,
0253,百萬年終獎金,上一屆(2024/1/1前),12,200,1000000,2018-01-03,107/01/03,2018-07-03,107/07/03,2018-10-03,107/10/03,6966700,96.8%,100,4,1115,04thinsetantsaleinfo201802510255,https://cdn.taiwanlottery.com.tw/app/FilesForDownload/TLCWeb/instant/images/95/IN1061229_small_0253.jpg,https://www.taiwanlottery.com/news/news/04thinsetantsaleinfo201802510255
253,麻將,上一屆(2024/1/1前),0,200,2000000,2012-01-30,101/01/30,2012-08-01,101/08/01,2012-11-01,101/11/01,3959000,99.97%,4,0,535,,https://cdn.taiwanlottery.com.tw/app/FilesForDownload/TLCWeb/3th_instant_images/images/116/small-253.jpg,
0252,新年快樂,上一屆(2024/1/1前),14,500,3000000,2018-01-03,107/01/03,2018-07-03,107/07/03,2018-10-03,107/10/03,3750000,96.39%,4,0,1114,04thinsetantsaleinfo201802510255,https://cdn.taiwanlottery.com.tw/app/FilesForDownload/TLCWeb/instant/images/95/IN1061229_small_0252.jpg,https://www.taiwanlottery.com/news/news/04thinsetantsaleinfo201802510255
252,心心相印,上一屆(2024/1/1前),0,100,300000,2012-01-30,101/01/30,2012-08-01,101/08/01,2012-11-01,101/11/01,4037400,99.90%,8,0,534,,https://cdn.taiwanlottery.com.tw/app/FilesForDownload/TLCWeb/3th_instant_images/images/116/small-252.jpg,
0251,"$1,000萬年終獎金",上一屆(2024/1/1前),8,1000,10000000,2018-01-03,107/01/03,2018-07-03,107/07/03,2018-10-03,107/10/03,3500000,88.96%,3,1,1113,04thinsetantsaleinfo201802510255,https://cdn.taiwanlottery.com.tw/app/FilesForDownload/TLCWeb/instant/images/95/IN1061229_small_0251.jpg,https://www.taiwanlottery.com/news/news/04thinsetantsaleinfo201802510255
251,$2600萬大紅包,上一屆(2024/1/1前),0,2000,26000000,2012-01-16,101/01/16,2012-07-16,101/07/16,2012-10-16,101/10/16,499995,100%,1,0,532,,https://cdn.taiwanlottery.com.tw/app/FilesForDownload/TLCWeb/3th_instant_images/images/115/small-251.jpg,
0250,大麻將,上一屆(2024/1/1前),11,1000,10000000,2017-12-19,106/12/19,2018-06-19,107/06/19,2018-09-19,107/09/19,3500000,90.47%,1,0,1112,04thinsetantsaleinfo201702500000,https://cdn.taiwanlottery.com.tw/app/FilesForDownload/TLCWeb/instant/images/94/IN1061114_small_0249.jpg,https://www.taiwanlottery.com/news/news/04thinsetantsaleinfo201702500000
250,大吉大利,上一屆(2024/1/1前),0,100,500000,2012-01-16,101/01/16,2012-07-16,101/07/16,2012-10-16,101/10/16,3060000,99.99%,6,0,531,,https://cdn.taiwanlottery.com.tw/app/FilesForDownload/TLCWeb/3th_instant_images/images/115/small-250.jpg,
0249,無敵拉霸機,上一屆(2024/1/1前),9,300,3000000,2017-11-17,106/11/17,2018-05-17,107/05/17,2018-08-17,107/08/17,6059600,67.45%,5,3,1111,04thinsetantsaleinfo201702460249,https://cdn.taiwanlottery.com.tw/app/FilesForDownload/TLCWeb/instant/images/93/IN1061114_small_0249.jpg,https://www.taiwanlottery.com/news/news/04thinsetantsaleinfo201702460249
249,花開富貴,上一屆(2024/1/1前),0,200,2000000,2012-01-16,101/01/16,2012-07-16,101/07/16,2012-10-16,101/10/16,2550000,99.99%,2,0,533,,https://cdn.taiwanlottery.com.tw/app/FilesForDownload/TLCWeb/3th_instant_images/images/115/small-249.jpg,
0248,2、4、6、8、10,上一屆(2024/1/1前),7,100,300000,2017-11-03,106/11/03,2018-05-03,107/05/03,2018-08-03,107/08/03,4063900,96.27%,4,2,1109,04thinsetantsaleinfo201702470248,https://cdn.taiwanlottery.com.tw/app/FilesForDownload/TLCWeb/instant/images/92/IN1061031_small_0248.jpg,https://www.taiwanlottery.com/news/news/04thinsetantsaleinfo201702470248
248,金玉滿堂,上一屆(2024/1/1前),0,200,2000000,2012-01-09,101/01/09,2012-07-09,101/07/09,2012-10-09,101/10/09,2510200,99.98%,2,0,529,,https://cdn.taiwanlottery.com.tw/app/FilesForDownload/TLCWeb/3th_instant_images/images/114/small-248.jpg,
0247,1、3、5、7、9,上一屆(2024/1/1前),7,100,300000,2017-11-03,106/11/03,2018-05-03,107/05/03,2018-08-03,107/08/03,4080000,95.79%,4,0,1108,04thinsetantsaleinfo201702470248,https://cdn.taiwanlottery.com.tw/app/FilesForDownload/TLCWeb/instant/images/92/IN1061031_small_0247.jpg,https://www.taiwanlottery.com/news/news/04thinsetantsaleinfo201702470248
247,$1200萬大發財,上一屆(2024/1/1前),0,1000,12000000,2012-01-09,101/01/09,2012-07-09,101/07/09,2012-10-09,101/10/09,1250000,100%,1,0,528,,https://cdn.taiwanlottery.com.tw/app/FilesForDownload/TLCWeb/3th_instant_images/images/114/small-247.jpg,
0246,金庫大開,上一屆(2024/1/1前),11,200,2000000,2017-11-17,106/11/17,2018-05-17,107/05/17,2018-08-17,107/08/17,5585500,78.34%,4,2,1110,04thinsetantsaleinfo201702460249,https://cdn.taiwanlottery.com.tw/app/FilesForDownload/TLCWeb/instant/images/93/IN1061114_small_0246.jpg,https://www.taiwanlottery.com/news/news/04thinsetantsaleinfo201702460249
246,財神到,上一屆(2024/1/1前),0,100,800000,2012-01-09,101/01/09,2012-07-09,101/07/09,2012-10-09,101/10/09,3985700,99.80%,3,0,526,,https://cdn.taiwanlottery.com.tw/app/FilesForDownload/TLCWeb/3th_instant_images/images/114/small-246.jpg,
0245,連線派對,上一屆(2024/1/1前),8,200,2000000,2017-10-17,106/10/17,2018-04-17,107/04/17,2018-07-17,107/07/17,4537800,99.96%,5,0,1107,04thinsetantsaleinfo201702440245,https://cdn.taiwanlottery.com.tw/app/FilesForDownload/TLCWeb/instant/images/91/IN1061012_small_0245.jpg,https://www.taiwanlottery.com/news/news/04thinsetantsaleinfo201702440245
245,超級777,上一屆(2024/1/1前),0,200,2000000,2012-01-02,101/01/02,2012-07-02,101/07/02,2012-10-02,101/10/02,2509600,100%,2,0,525,,https://cdn.taiwanlottery.com.tw/app/FilesForDownload/TLCWeb/3th_instant_images/images/113/small-245.jpg,
0244,歡喜推筒子,上一屆(2024/1/1前),11,200,2000000,2017-10-17,106/10/17,2018-04-17,107/04/17,2018-07-17,107/07/17,4438600,49.47%,5,3,1106,04thinsetantsaleinfo201702440245,https://cdn.taiwanlottery.com.tw/app/FilesForDownload/TLCWeb/instant/images/91/IN1061012_small_0244.jpg,https://www.taiwanlottery.com/news/news/04thinsetantsaleinfo201702440245
244,新年快樂,上一屆(2024/1/1前),0,500,3000000,2012-01-02,101/01/02,2012-07-02,101/07/02,2012-10-02,101/10/02,2500000,100%,3,0,523,,https://cdn.taiwanlottery.com.tw/app/FilesForDownload/TLCWeb/3th_instant_images/images/113/small-244.jpg,
0243,超級麻將,上一屆(2024/1/1前),10,500,5000000,2017-10-02,106/10/02,2018-04-02,107/04/02,2018-07-02,107/07/02,2000000,100%,2,1,1105,04thinsetantsaleinfo201702420243,https://cdn.taiwanlottery.com.tw/app/FilesForDownload/TLCWeb/instant/images/90/IN1060928_small_0243.jpg,https://www.taiwanlottery.com/news/news/04thinsetantsaleinfo201702420243
243,龍年行大運,上一屆(2024/1/1前),0,100,300000,2012-01-02,101/01/02,2012-07-02,101/07/02,2012-10-02,101/10/02,4080000,99.99%,8,0,524,,https://cdn.taiwanlottery.com.tw/app/FilesForDownload/TLCWeb/3th_instant_images/images/113/small-243.jpg,
0242,加倍鑽,上一屆(2024/1/1前),13,100,1000000,2017-10-02,106/10/02,2018-04-02,107/04/02,2018-07-02,107/07/02,5067500,92.51%,4,0,1104,04thinsetantsaleinfo201702420243,https://cdn.taiwanlottery.com.tw/app/FilesForDownload/TLCWeb/instant/images/90/IN1060928_small_0242.jpg,https://www.taiwanlottery.com/news/news/04thinsetantsaleinfo201702420243
242,麻將,上一屆(2024/1/1前),0,200,2000000,2011-12-01,100/12/01,2012-06-01,101/06/01,2012-09-03,101/09/03,2039900,99.94%,2,0,518,,https://cdn.taiwanlottery.com.tw/app/FilesForDownload/TLCWeb/3th_instant_images/images/111/small-242.jpg,
0241,超級777,上一屆(2024/1/1前),11,200,2000000,2017-09-19,106/09/19,2018-03-19,107/03/19,2018-06-19,107/06/19,4990200,98.33%,5,0,1103,04thinsetantsaleinfo201702410000,https://cdn.taiwanlottery.com.tw/app/FilesForDownload/TLCWeb/instant/images/89/IN1060914_small_0241.jpg,https://www.taiwanlottery.com/news/news/04thinsetantsaleinfo201702410000
241,好彩頭,上一屆(2024/1/1前),0,100,300000,2011-12-15,100/12/15,2012-06-15,101/06/15,2012-09-17,101/09/17,3550700,99.99%,7,1,521,,https://cdn.taiwanlottery.com.tw/app/FilesForDownload/TLCWeb/3th_instant_images/images/112/small-241.jpg,
0240,金鑽999,上一屆(2024/1/1前),10,200,2000000,2017-09-05,106/09/05,2018-03-05,107/03/05,2018-06-05,107/06/05,5034000,80.54%,4,1,1102,04thinsetantsaleinfo201702400000,https://cdn.taiwanlottery.com.tw/app/FilesForDownload/TLCWeb/instant/images/88/IN1060831_small_0240.jpg,https://www.taiwanlottery.com/news/news/04thinsetantsaleinfo201702400000
240,瘋狂吐鈔機,上一屆(2024/1/1前),0,200,2000000,2011-12-15,100/12/15,2012-06-15,101/06/15,2012-09-17,101/09/17,1997400,99.98%,2,0,520,,https://cdn.taiwanlottery.com.tw/app/FilesForDownload/TLCWeb/3th_instant_images/images/112/small-240.jpg,
0239,超級連線,上一屆(2024/1/1前),9,800,6000000,2017-08-15,106/08/15,2018-02-21,107/02/21,2018-05-21,107/05/21,2618000,95.46%,5,0,1100,04thinsetantsaleinfo201702390000,https://cdn.taiwanlottery.com.tw/app/FilesForDownload/TLCWeb/instant/images/87/IN1060810_small_0239.jpg,https://www.taiwanlottery.com/news/news/04thinsetantsaleinfo201702390000
239,雪人獎金,上一屆(2024/1/1前),0,200,2000000,2011-12-01,100/12/01,2012-06-01,101/06/01,2012-09-03,101/09/03,2040000,100%,2,0,517,,https://cdn.taiwanlottery.com.tw/app/FilesForDownload/TLCWeb/3th_instant_images/images/111/small-239.jpg,
0238,瘋狂888,上一屆(2024/1/1前),10,100,800000,2017-08-01,106/08/01,2018-02-01,107/02/01,2018-05-02,107/05/02,4590000,99.83%,4,0,1099,04thinsetantsaleinfo201702370238,https://cdn.taiwanlottery.com.tw/app/FilesForDownload/TLCWeb/instant/images/86/IN1060727_small_0238.jpg,https://www.taiwanlottery.com/news/news/04thinsetantsaleinfo201702370238
238,聖誕快樂搖錢樹,上一屆(2024/1/1前),0,500,5000000,2011-12-01,100/12/01,2012-06-01,101/06/01,2012-09-03,101/09/03,1000000,99.98%,2,0,516,,https://cdn.taiwanlottery.com.tw/app/FilesForDownload/TLCWeb/3th_instant_images/images/111/small-238.jpg,
0237,好運88,上一屆(2024/1/1前),10,200,88000,2017-08-01,106/08/01,2018-02-01,107/02/01,2018-05-02,107/05/02,5100000,99.76%,88,4,1098,04thinsetantsaleinfo201702370238,https://cdn.taiwanlottery.com.tw/app/FilesForDownload/TLCWeb/instant/images/86/IN1060727_small_0237.jpg,https://www.taiwanlottery.com/news/news/04thinsetantsaleinfo201702370238
237,賽金豬,上一屆(2024/1/1前),0,100,600000,2011-11-15,100/11/15,2012-05-15,101/05/15,2012-08-15,101/08/15,3502000,100%,3,0,515,,https://cdn.taiwanlottery.com.tw/app/FilesForDownload/TLCWeb/3th_instant_images/images/110/small-237.jpg,
0236,幸運777,上一屆(2024/1/1前),9,100,700000,2017-07-18,106/07/18,2018-01-18,107/01/18,2018-04-18,107/04/18,6120000,96.07%,6,0,1097,04thinsetantsaleinfo201702360000,https://cdn.taiwanlottery.com.tw/app/FilesForDownload/TLCWeb/instant/images/85/IN1060713_small_0236.jpg,https://www.taiwanlottery.com/news/news/04thinsetantsaleinfo201702360000
236,超級年終獎金,上一屆(2024/1/1前),0,200,1500000,2011-11-01,100/11/01,2012-05-02,101/05/02,2012-08-02,101/08/02,3042100,100%,2,0,514,,https://cdn.taiwanlottery.com.tw/app/FilesForDownload/TLCWeb/3th_instant_images/images/109/small-236.jpg,
0235,金麻將,上一屆(2024/1/1前),11,300,3000000,2017-07-04,106/07/04,2018-01-04,107/01/04,2018-04-09,107/04/09,7863700,100%,8,0,1096,04thinsetantsaleinfo201702220235,https://cdn.taiwanlottery.com.tw/app/FilesForDownload/TLCWeb/instant/images/84/IN1060629_small_0235.jpg,https://www.taiwanlottery.com/news/news/04thinsetantsaleinfo201702220235
235,超級黑傑克,上一屆(2024/1/1前),0,200,2000000,2011-11-01,100/11/01,2012-05-02,101/05/02,2012-08-02,101/08/02,2000700,100%,2,0,513,,https://cdn.taiwanlottery.com.tw/app/FilesForDownload/TLCWeb/3th_instant_images/images/109/small-235.jpg,
0234,海底尋寶,上一屆(2024/1/1前),9,200,2000000,2017-06-02,106/06/02,2017-12-04,106/12/04,2018-03-05,107/03/05,6097000,99.99%,6,0,1091,04thinsetantsaleinfo201702260234,https://cdn.taiwanlottery.com.tw/app/FilesForDownload/TLCWeb/instant/images/82/IN1060526_small_0234.jpg,https://www.taiwanlottery.com/news/news/04thinsetantsaleinfo201702260234
234,撿到錢,上一屆(2024/1/1前),0,100,300000,2011-11-01,100/11/01,2012-05-02,101/05/02,2012-08-02,101/08/02,3570000,100%,7,0,512,,https://cdn.taiwanlottery.com.tw/app/FilesForDownload/TLCWeb/3th_instant_images/images/109/small-234.jpg,
0233,幸運輪盤,上一屆(2024/1/1前),12,200,2000000,2017-05-16,106/05/16,2017-11-16,106/11/16,2018-02-21,107/02/21,5100000,75.05%,5,2,1088,04thinsetantsaleinfo201702330000,https://cdn.taiwanlottery.com.tw/app/FilesForDownload/TLCWeb/instant/images/81/IN1060511_small_0233.jpg,https://www.taiwanlottery.com/news/news/04thinsetantsaleinfo201702330000
233,快刮$1000,上一屆(2024/1/1前),0,100,300000,2011-10-17,100/10/17,2012-07-17,101/07/17,2012-10-17,101/10/17,4080000,99.94%,4,0,511,,https://cdn.taiwanlottery.com.tw/app/FilesForDownload/TLCWeb/3th_instant_images/images/108/small-233.jpg,
0232,520我愛你,上一屆(2024/1/1前),7,200,52000,2017-05-03,106/05/03,2017-11-03,106/11/03,2018-02-05,107/02/05,5063900,75.29%,520,149,1086,04thinsetantsaleinfo201702310232,https://cdn.taiwanlottery.com.tw/app/FilesForDownload/TLCWeb/instant/images/80/IN1060427_small_0232.jpg,https://www.taiwanlottery.com/news/news/04thinsetantsaleinfo201702310232
232,麻將,上一屆(2024/1/1前),0,200,2000000,2011-10-17,100/10/17,2012-07-17,101/07/17,2012-10-17,101/10/17,3554500,100%,4,1,510,,https://cdn.taiwanlottery.com.tw/app/FilesForDownload/TLCWeb/3th_instant_images/images/108/small-232.jpg,
0231,黃金城,上一屆(2024/1/1前),9,500,5000000,2017-05-03,106/05/03,2017-11-03,106/11/03,2018-02-05,107/02/05,3000000,67.3%,3,3,1085,04thinsetantsaleinfo201702310232,https://cdn.taiwanlottery.com.tw/app/FilesForDownload/TLCWeb/instant/images/80/IN1060427_small_0231.jpg,https://www.taiwanlottery.com/news/news/04thinsetantsaleinfo201702310232
231,至尊王牌,上一屆(2024/1/1前),0,500,5000000,2011-10-04,100/10/04,2012-04-05,101/04/05,2012-07-05,101/07/05,1000000,100%,2,0,509,,https://cdn.taiwanlottery.com.tw/app/FilesForDownload/TLCWeb/3th_instant_images/images/107/small-231.jpg,
0230,鑽石水果盤,上一屆(2024/1/1前),10,100,300000,2017-04-18,106/04/18,2017-10-18,106/10/18,2018-01-18,107/01/18,6099700,61.2%,5,3,1084,04thinsetantsaleinfo201702290230,https://cdn.taiwanlottery.com.tw/app/FilesForDownload/TLCWeb/instant/images/79/IN1060413_small_0230.jpg,https://www.taiwanlottery.com/news/news/04thinsetantsaleinfo201702290230
230,台灣尚讚,上一屆(2024/1/1前),0,100,1000000,2011-10-04,100/10/04,2012-04-05,101/04/05,2012-07-05,101/07/05,3569600,100%,2,0,508,,https://cdn.taiwanlottery.com.tw/app/FilesForDownload/TLCWeb/3th_instant_images/images/107/small-230.jpg,
0229,幸運開獎機,上一屆(2024/1/1前),12,200,2000000,2017-04-18,106/04/18,2017-10-18,106/10/18,2018-01-18,107/01/18,5573700,92.47%,4,0,1083,04thinsetantsaleinfo201702290230,https://cdn.taiwanlottery.com.tw/app/FilesForDownload/TLCWeb/instant/images/79/IN1060413_small_0229.jpg,https://www.taiwanlottery.com/news/news/04thinsetantsaleinfo201702290230
229,釣大魚,上一屆(2024/1/1前),0,100,500000,2011-09-15,100/09/15,2012-03-15,101/03/15,2012-06-15,101/06/15,3060000,99.95%,3,0,507,,https://cdn.taiwanlottery.com.tw/app/FilesForDownload/TLCWeb/3th_instant_images/images/106/small-229.jpg,
0228,天生贏家,上一屆(2024/1/1前),9,300,1000000,2017-04-05,106/04/05,2017-10-05,106/10/05,2018-01-05,107/01/05,6118500,54.8%,15,9,1082,04thinsetantsaleinfo201702270228,https://cdn.taiwanlottery.com.tw/app/FilesForDownload/TLCWeb/instant/images/78/IN106029_small_0228.jpg,https://www.taiwanlottery.com/news/news/04thinsetantsaleinfo201702270228
228,拉斯維加斯,上一屆(2024/1/1前),0,200,2000000,2011-09-15,100/09/15,2012-03-15,101/03/15,2012-06-15,101/06/15,2550000,99.50%,2,0,505,,https://cdn.taiwanlottery.com.tw/app/FilesForDownload/TLCWeb/3th_instant_images/images/106/small-228.jpg,
0227,超速777,上一屆(2024/1/1前),12,100,700000,2017-04-05,106/04/05,2017-10-05,106/10/05,2018-01-05,107/01/05,5610000,78.88%,5,0,1081,04thinsetantsaleinfo201702270228,https://cdn.taiwanlottery.com.tw/app/FilesForDownload/TLCWeb/instant/images/78/IN106029_small_0227.jpg,https://www.taiwanlottery.com/news/news/04thinsetantsaleinfo201702270228
227,金鑽999,上一屆(2024/1/1前),0,200,2000000,2011-09-01,100/09/01,2012-03-01,101/03/01,2012-06-01,101/06/01,2550000,96.68%,2,0,504,,https://cdn.taiwanlottery.com.tw/app/FilesForDownload/TLCWeb/3th_instant_images/images/105/small-227.jpg,
0226,花現寶,上一屆(2024/1/1前),10,100,300000,2017-06-02,106/06/02,2017-12-04,106/12/04,2018-03-05,107/03/05,4568100,71.92%,5,2,1092,04thinsetantsaleinfo201702260234,https://cdn.taiwanlottery.com.tw/app/FilesForDownload/TLCWeb/instant/images/82/IN1060526_small_0226AB.jpg,https://www.taiwanlottery.com/news/news/04thinsetantsaleinfo201702260234
226,金包銀,上一屆(2024/1/1前),0,100,800000,2011-09-01,100/09/01,2012-03-01,101/03/01,2012-06-01,101/06/01,3060000,100%,3,0,503,,https://cdn.taiwanlottery.com.tw/app/FilesForDownload/TLCWeb/3th_instant_images/images/105/small-226.jpg,
0225,象棋高手,上一屆(2024/1/1前),13,100,500000,2017-03-21,106/03/21,2017-09-21,106/09/21,2017-12-21,106/12/21,4080000,81.52%,4,1,1078,04thinsetantsaleinfo201702240225,https://cdn.taiwanlottery.com.tw/app/FilesForDownload/TLCWeb/instant/images/77/IN1060316_small_0225.jpg,https://www.taiwanlottery.com/news/news/04thinsetantsaleinfo201702240225
225,一路發,上一屆(2024/1/1前),0,200,2000000,2011-08-15,100/08/15,2012-02-15,101/02/15,2012-05-15,101/05/15,3041800,99.82%,3,1,502,,https://cdn.taiwanlottery.com.tw/app/FilesForDownload/TLCWeb/3th_instant_images/images/104/small-225.jpg,
0224,鈔票滿天飛,上一屆(2024/1/1前),10,200,2000000,2017-03-21,106/03/21,2017-09-21,106/09/21,2017-12-21,106/12/21,3927600,92.59%,4,0,1077,04thinsetantsaleinfo201702240225,https://cdn.taiwanlottery.com.tw/app/FilesForDownload/TLCWeb/instant/images/77/IN1060316_small_0224.jpg,https://www.taiwanlottery.com/news/news/04thinsetantsaleinfo201702240225
224,熱刮$600,上一屆(2024/1/1前),0,100,300000,2011-08-15,100/08/15,2012-02-15,101/02/15,2012-05-15,101/05/15,3060000,100%,3,0,501,,https://cdn.taiwanlottery.com.tw/app/FilesForDownload/TLCWeb/3th_instant_images/images/104/small-224.jpg,
0223,麻將,上一屆(2024/1/1前),13,200,2000000,2017-03-07,106/03/07,2017-09-07,106/09/07,2017-12-07,106/12/07,6061900,99.97%,6,0,1076,04thinsetantsaleinfo201702230000,https://cdn.taiwanlottery.com.tw/app/FilesForDownload/TLCWeb/instant/images/76/IN1060302_small_0223.jpg,https://www.taiwanlottery.com/news/news/04thinsetantsaleinfo201702230000
223,熱錢,上一屆(2024/1/1前),0,100,1000000,2011-08-01,100/08/01,2012-02-01,101/02/01,2012-05-02,101/05/02,3060000,99.64%,2,0,500,,https://cdn.taiwanlottery.com.tw/app/FilesForDownload/TLCWeb/3th_instant_images/images/103/small-223.jpg,
0222,中信兄弟,上一屆(2024/1/1前),9,200,500000,2017-07-04,106/07/04,2018-01-04,107/01/04,2018-04-09,107/04/09,4436700,66.17%,100,36,1094,04thinsetantsaleinfo201702220235,https://cdn.taiwanlottery.com.tw/app/FilesForDownload/TLCWeb/instant/images/84/IN1060629_small_0222.jpg,https://www.taiwanlottery.com/news/news/04thinsetantsaleinfo201702220235
222,皇家俱樂部,上一屆(2024/1/1前),0,500,5000000,2011-08-01,100/08/01,2012-02-01,101/02/01,2012-05-02,101/05/02,1000000,100%,2,0,499,,https://cdn.taiwanlottery.com.tw/app/FilesForDownload/TLCWeb/3th_instant_images/images/103/small-222.jpg,
0221,神保庇,上一屆(2024/1/1前),9,100,300000,2017-02-14,106/02/14,2017-08-14,106/08/14,2017-11-14,106/11/14,4590000,88.03%,4,4,1075,04thinsetantsaleinfo201702200221,https://cdn.taiwanlottery.com.tw/app/FilesForDownload/TLCWeb/instant/images/75/IN1060209_small_0221.jpg,https://www.taiwanlottery.com/news/news/04thinsetantsaleinfo201702200221
221,超速777 ,上一屆(2024/1/1前),0,100,700000,2011-07-15,100/07/15,2012-01-16,101/01/16,2012-04-16,101/04/16,4080000,100%,4,0,498,,https://cdn.taiwanlottery.com.tw/app/FilesForDownload/TLCWeb/3th_instant_images/images/102/small-221.jpg,
0220,黃金連線,上一屆(2024/1/1前),8,200,2000000,2017-02-14,106/02/14,2017-08-14,106/08/14,2017-11-14,106/11/14,5610000,99.99%,6,0,1074,04thinsetantsaleinfo201702200221,https://cdn.taiwanlottery.com.tw/app/FilesForDownload/TLCWeb/instant/images/75/IN1060209_small_0220.jpg,https://www.taiwanlottery.com/news/news/04thinsetantsaleinfo201702200221
220,發發發,上一屆(2024/1/1前),0,200,2000000,2011-07-15,100/07/15,2012-01-16,101/01/16,2012-04-16,101/04/16,2548800,69.69%,2,1,496,,https://cdn.taiwanlottery.com.tw/app/FilesForDownload/TLCWeb/3th_instant_images/images/102/small-220.jpg,
0219,心花朵朵開,上一屆(2024/1/1前),12,200,2000000,2017-02-03,106/02/03,2017-08-03,106/08/03,2017-11-03,106/11/03,5100000,97.41%,5,1,1073,04thinsetantsaleinfo201702180219,https://cdn.taiwanlottery.com.tw/app/FilesForDownload/TLCWeb/instant/images/74/IN1060126_small_0219.jpg,https://www.taiwanlottery.com/news/news/04thinsetantsaleinfo201702180219
219,台灣好神,上一屆(2024/1/1前),0,100,300000,2011-07-01,100/07/01,2012-01-02,101/01/02,2012-04-02,101/04/02,3570000,100%,7,0,495,,https://cdn.taiwanlottery.com.tw/app/FilesForDownload/TLCWeb/3th_instant_images/images/101/small-219.jpg,
0218,大富翁,上一屆(2024/1/1前),10,500,5000000,2017-02-03,106/02/03,2017-08-03,106/08/03,2017-11-03,106/11/03,3000000,95.38%,3,0,1072,04thinsetantsaleinfo201702180219,https://cdn.taiwanlottery.com.tw/app/FilesForDownload/TLCWeb/instant/images/74/IN1060126_small_0218.jpg,https://www.taiwanlottery.com/news/news/04thinsetantsaleinfo201702180219
218,超級777,上一屆(2024/1/1前),0,200,2000000,2011-07-01,100/07/01,2012-01-02,101/01/02,2012-04-02,101/04/02,3569900,99.61%,3,0,494,,https://cdn.taiwanlottery.com.tw/app/FilesForDownload/TLCWeb/3th_instant_images/images/101/small-218.jpg,
0217,過新年,上一屆(2024/1/1前),10,100,50000,2017-01-19,106/01/19,2017-07-19,106/07/19,2017-10-19,106/10/19,7140000,98.08%,100,4,1070,04thinsetantsaleinfo201702130217,https://cdn.taiwanlottery.com.tw/app/FilesForDownload/TLCWeb/instant/images/73/IN1060116_small_0217.jpg,https://www.taiwanlottery.com/news/news/04thinsetantsaleinfo201702130217
217,黃金傳奇,上一屆(2024/1/1前),0,200,2000000,2011-06-15,100/06/15,2011-12-15,100/12/15,2012-03-15,101/03/15,3060000,53.49%,3,1,493,,https://cdn.taiwanlottery.com.tw/app/FilesForDownload/TLCWeb/3th_instant_images/images/100/small-217.jpg,
0216,雞祥富貴,上一屆(2024/1/1前),10,100,300000,2017-01-19,106/01/19,2017-07-19,106/07/19,2017-10-19,106/10/19,7140000,93.81%,7,0,1069,04thinsetantsaleinfo201702130217,https://cdn.taiwanlottery.com.tw/app/FilesForDownload/TLCWeb/instant/images/73/IN1060116_small_0216.jpg,https://www.taiwanlottery.com/news/news/04thinsetantsaleinfo201702130217
216,瘋狂888,上一屆(2024/1/1前),0,100,800000,2011-06-15,100/06/15,2011-12-15,100/12/15,2012-03-15,101/03/15,3570000,92.06%,3,0,492,,https://cdn.taiwanlottery.com.tw/app/FilesForDownload/TLCWeb/3th_instant_images/images/100/small-216.jpg,
0215,好雞靈,上一屆(2024/1/1前),12,100,500000,2017-01-19,106/01/19,2017-07-19,106/07/19,2017-10-19,106/10/19,8068500,85.83%,10,1,1068,04thinsetantsaleinfo201702130217,https://cdn.taiwanlottery.com.tw/app/FilesForDownload/TLCWeb/instant/images/73/IN1060116_small_0215.jpg,https://www.taiwanlottery.com/news/news/04thinsetantsaleinfo201702130217
215,大三元,上一屆(2024/1/1前),0,200,2000000,2011-05-16,100/05/16,2011-12-15,100/12/15,2012-03-15,101/03/15,3060000,70.09%,3,0,480,,https://cdn.taiwanlottery.com.tw/app/FilesForDownload/TLCWeb/3th_instant_images/images/98/small-215.jpg,
0214,刮刮金樂透,上一屆(2024/1/1前),8,200,2000000,2017-01-19,106/01/19,2017-07-19,106/07/19,2017-10-19,106/10/19,8048700,99.52%,10,0,1067,04thinsetantsaleinfo201702130217,https://cdn.taiwanlottery.com.tw/app/FilesForDownload/TLCWeb/instant/images/73/IN1060116_small_0214.jpg,https://www.taiwanlottery.com/news/news/04thinsetantsaleinfo201702130217
214,錢滾錢,上一屆(2024/1/1前),0,100,1000000,2011-05-16,100/05/16,2011-12-15,100/12/15,2012-03-15,101/03/15,3570000,71.27%,4,2,485,,https://cdn.taiwanlottery.com.tw/app/FilesForDownload/TLCWeb/3th_instant_images/images/98/small-214.jpg,
0213,大麻將,上一屆(2024/1/1前),11,1000,10000000,2017-01-19,106/01/19,2017-07-19,106/07/19,2017-10-19,106/10/19,3500000,99.68%,1,0,1066,04thinsetantsaleinfo201702130217,https://cdn.taiwanlottery.com.tw/app/FilesForDownload/TLCWeb/instant/images/73/IN1060116_small_0213.jpg,https://www.taiwanlottery.com/news/news/04thinsetantsaleinfo201702130217
213,幸運777,上一屆(2024/1/1前),0,100,700000,2011-06-01,100/06/01,2011-12-01,100/12/01,2012-03-01,101/03/01,3570000,97.43%,3,0,487,,https://cdn.taiwanlottery.com.tw/app/FilesForDownload/TLCWeb/3th_instant_images/images/99/small-213.jpg,
0212,超級中發白,上一屆(2024/1/1前),12,200,2000000,2017-01-11,106/01/11,2017-07-11,106/07/11,2017-10-11,106/10/11,5784000,89.61%,5,1,1065,04thinsetantsaleinfo201702090212,https://cdn.taiwanlottery.com.tw/app/FilesForDownload/TLCWeb/instant/images/72/IN1060106_small_0212.jpg,https://www.taiwanlottery.com/news/news/04thinsetantsaleinfo201702090212
212,端午包中,上一屆(2024/1/1前),0,500,3000000,2011-06-01,100/06/01,2011-12-01,100/12/01,2012-03-01,101/03/01,2000000,99.32%,3,0,491,,https://cdn.taiwanlottery.com.tw/app/FilesForDownload/TLCWeb/3th_instant_images/images/99/small-212.jpg,
0211,金雞下蛋  ,上一屆(2024/1/1前),13,100,300000,2017-01-11,106/01/11,2017-07-11,106/07/11,2017-10-11,106/10/11,8160000,96.32%,10,2,1064,04thinsetantsaleinfo201702090212,https://cdn.taiwanlottery.com.tw/app/FilesForDownload/TLCWeb/instant/images/72/IN1060106_small_0211.jpg,https://www.taiwanlottery.com/news/news/04thinsetantsaleinfo201702090212
211,全壘打,上一屆(2024/1/1前),0,100,600000,2011-03-24,100/03/24,2011-11-16,100/11/16,2012-02-16,101/02/16,3570000,99.57%,4,1,473,,https://cdn.taiwanlottery.com.tw/app/FilesForDownload/TLCWeb/3th_instant_images/images/94/small-211.jpg,
0210,決戰推筒子 ,上一屆(2024/1/1前),11,200,2000000,2017-01-11,106/01/11,2017-07-11,106/07/11,2017-10-11,106/10/11,5753500,74.91%,6,1,1063,04thinsetantsaleinfo201702090212,https://cdn.taiwanlottery.com.tw/app/FilesForDownload/TLCWeb/instant/images/72/IN1060106_small_0210.jpg,https://www.taiwanlottery.com/news/news/04thinsetantsaleinfo201702090212
210,麻將,上一屆(2024/1/1前),0,200,2000000,2011-03-24,100/03/24,2011-11-16,100/11/16,2012-02-16,101/02/16,3059000,100%,3,1,472,,https://cdn.taiwanlottery.com.tw/app/FilesForDownload/TLCWeb/3th_instant_images/images/94/small-210.jpg,
0209,五路財神,上一屆(2024/1/1前),10,500,5000000,2017-01-11,106/01/11,2017-07-11,106/07/11,2017-10-11,106/10/11,4000000,99.49%,5,0,1062,04thinsetantsaleinfo201702090212,https://cdn.taiwanlottery.com.tw/app/FilesForDownload/TLCWeb/instant/images/72/IN1060106_small_0209.jpg,https://www.taiwanlottery.com/news/news/04thinsetantsaleinfo201702090212
209,招財貓,上一屆(2024/1/1前),0,100,300000,2011-05-03,100/05/03,2011-11-03,100/11/03,2012-02-03,101/02/03,3570000,88.10%,7,1,478,,https://cdn.taiwanlottery.com.tw/app/FilesForDownload/TLCWeb/3th_instant_images/images/97/small-209.jpg,
0208,雞年行大運,上一屆(2024/1/1前),11,100,300000,2017-01-03,106/01/03,2017-07-03,106/07/03,2017-10-03,106/10/03,8160000,97.25%,16,1,1059,04thinsetantsaleinfo201702040208,https://cdn.taiwanlottery.com.tw/app/FilesForDownload/TLCWeb/instant/images/71/IN1051229_small_0208.jpg,https://www.taiwanlottery.com/news/news/04thinsetantsaleinfo201702040208
208,淘金熱,上一屆(2024/1/1前),0,200,2000000,2011-05-03,100/05/03,2011-11-03,100/11/03,2012-02-03,101/02/03,2040000,88.19%,2,1,477,,https://cdn.taiwanlottery.com.tw/app/FilesForDownload/TLCWeb/3th_instant_images/images/97/small-208.jpg,
0207,發紅包,上一屆(2024/1/1前),9,200,100000,2017-01-03,106/01/03,2017-07-03,106/07/03,2017-10-03,106/10/03,7011800,99.68%,200,3,1058,04thinsetantsaleinfo201702040208,https://cdn.taiwanlottery.com.tw/app/FilesForDownload/TLCWeb/instant/images/71/IN1051229_small_0207.jpg,https://www.taiwanlottery.com/news/news/04thinsetantsaleinfo201702040208
207,Hello Kitty,上一屆(2024/1/1前),0,200,1500000,2011-04-15,100/04/15,2011-10-17,100/10/17,2012-01-17,101/01/17,4068200,82.67%,4,1,476,,https://cdn.taiwanlottery.com.tw/app/FilesForDownload/TLCWeb/3th_instant_images/images/96/small-207.gif,
0206,金雞獎,上一屆(2024/1/1前),14,500,3000000,2017-01-03,106/01/03,2017-07-03,106/07/03,2017-10-03,106/10/03,5000000,99.92%,8,0,1057,04thinsetantsaleinfo201702040208,https://cdn.taiwanlottery.com.tw/app/FilesForDownload/TLCWeb/instant/images/71/IN1051229_small_0206.jpg,https://www.taiwanlottery.com/news/news/04thinsetantsaleinfo201702040208
206,超速777,上一屆(2024/1/1前),0,100,700000,2011-03-14,100/03/14,2011-10-17,100/10/17,2012-01-17,101/01/17,4079100,98.31%,4,0,470,,https://cdn.taiwanlottery.com.tw/app/FilesForDownload/TLCWeb/3th_instant_images/images/93/small-206.jpg,
0205,"$1,200萬大吉利",上一屆(2024/1/1前),12,1000,12000000,2017-01-03,106/01/03,2017-07-03,106/07/03,2017-10-03,106/10/03,2500000,99.97%,2,0,1061,04thinsetantsaleinfo201702040208,https://cdn.taiwanlottery.com.tw/app/FilesForDownload/TLCWeb/instant/images/71/IN1051229_small_0205.jpg,https://www.taiwanlottery.com/news/news/04thinsetantsaleinfo201702040208
205,金雞母,上一屆(2024/1/1前),0,100,1000000,2011-04-01,100/04/01,2011-10-03,100/10/03,2012-01-03,101/01/03,2942500,81.60%,3,1,475,,https://cdn.taiwanlottery.com.tw/app/FilesForDownload/TLCWeb/3th_instant_images/images/95/small-205.jpg,
0204,"2,000萬開運發財金",上一屆(2024/1/1前),8,2000,20000000,2017-01-03,106/01/03,2017-07-03,106/07/03,2017-10-03,106/10/03,4499955,99.91%,3,0,1060,04thinsetantsaleinfo201702040208,https://cdn.taiwanlottery.com.tw/app/FilesForDownload/TLCWeb/instant/images/71/IN1051229_small_0204.jpg,https://www.taiwanlottery.com/news/news/04thinsetantsaleinfo201702040208
204,喜從天降,上一屆(2024/1/1前),0,100,300000,2011-04-01,100/04/01,2011-10-03,100/10/03,2012-01-03,101/01/03,3060000,98.25%,6,2,474,,https://cdn.taiwanlottery.com.tw/app/FilesForDownload/TLCWeb/3th_instant_images/images/95/small-204.jpg,
0203,百萬樂翻天,上一屆(2024/1/1前),9,300,1000000,2016-12-20,105/12/20,2017-06-20,106/06/20,2017-09-20,106/09/20,5032500,99.08%,15,3,1053,04thinsetantsaleinfo201602030000,https://cdn.taiwanlottery.com.tw/app/FilesForDownload/TLCWeb/instant/images/70/IN1051215_small_0203.jpg,https://www.taiwanlottery.com/news/news/04thinsetantsaleinfo201602030000
203,黃金24K,上一屆(2024/1/1前),0,200,2000000,2011-03-24,100/03/24,2011-10-03,100/10/03,2012-01-03,101/01/03,2452500,92.32%,3,0,471,,https://cdn.taiwanlottery.com.tw/app/FilesForDownload/TLCWeb/3th_instant_images/images/94/small-203.jpg,
0202,鑽很大,上一屆(2024/1/1前),10,500,5000000,2016-12-05,105/12/05,2017-06-05,106/06/05,2017-09-05,106/09/05,2500000,99.85%,4,0,1052,04thinsetantsaleinfo201602000202,https://cdn.taiwanlottery.com.tw/app/FilesForDownload/TLCWeb/instant/images/69/IN1051129_small_0202.jpg,https://www.taiwanlottery.com/news/news/04thinsetantsaleinfo201602000202
202,21點,上一屆(2024/1/1前),0,100,800000,2011-03-14,100/03/14,2011-09-26,100/09/26,2011-12-26,100/12/26,3526500,53.42%,3,1,468,,https://cdn.taiwanlottery.com.tw/app/FilesForDownload/TLCWeb/3th_instant_images/images/93/small-202.jpg,
0201,金吉利,上一屆(2024/1/1前),10,100,300000,2016-12-05,105/12/05,2017-06-05,106/06/05,2017-09-05,106/09/05,5610000,90.15%,6,1,1051,04thinsetantsaleinfo201602000202,https://cdn.taiwanlottery.com.tw/app/FilesForDownload/TLCWeb/instant/images/69/IN1051129_small_0201.jpg,https://www.taiwanlottery.com/news/news/04thinsetantsaleinfo201602000202
201,海底尋寶,上一屆(2024/1/1前),0,200,2000000,2011-03-14,100/03/14,2011-09-26,100/09/26,2011-12-26,100/12/26,2002200,99.99%,2,0,467,,https://cdn.taiwanlottery.com.tw/app/FilesForDownload/TLCWeb/3th_instant_images/images/93/small-201.jpg,
0200,黃金列車,上一屆(2024/1/1前),11,200,2000000,2016-12-05,105/12/05,2017-06-05,106/06/05,2017-09-05,106/09/05,6039700,71.24%,6,2,1050,04thinsetantsaleinfo201602000202,https://cdn.taiwanlottery.com.tw/app/FilesForDownload/TLCWeb/instant/images/69/IN1051129_small_0200.jpg,https://www.taiwanlottery.com/news/news/04thinsetantsaleinfo201602000202
200,快刮$1000,上一屆(2024/1/1前),0,100,300000,2011-03-07,100/03/07,2011-09-14,100/09/14,2011-12-14,100/12/14,3965600,70.56%,4,1,466,,https://cdn.taiwanlottery.com.tw/app/FilesForDownload/TLCWeb/3th_instant_images/images/92/small-200.jpg,
0199,辦桌,上一屆(2024/1/1前),8,100,10000,2016-11-15,105/11/15,2017-05-15,106/05/15,2017-08-15,106/08/15,5100000,97.16%,100,9,1049,04thinsetantsaleinfo201601980199,https://cdn.taiwanlottery.com.tw/app/FilesForDownload/TLCWeb/instant/images/68/IN1051109_small_0199.jpg,https://www.taiwanlottery.com/news/news/04thinsetantsaleinfo201601980199
199,超級777,上一屆(2024/1/1前),0,200,2000000,2011-03-07,100/03/07,2011-09-14,100/09/14,2011-12-14,100/12/14,3010600,99.87%,3,0,465,,https://cdn.taiwanlottery.com.tw/app/FilesForDownload/TLCWeb/3th_instant_images/images/92/small-199.jpg,
0198,連線派對,上一屆(2024/1/1前),8,200,2000000,2016-11-15,105/11/15,2017-05-15,106/05/15,2017-08-15,106/08/15,5100000,99.62%,5,0,1048,04thinsetantsaleinfo201601980199,https://cdn.taiwanlottery.com.tw/app/FilesForDownload/TLCWeb/instant/images/68/IN1051109_small_0198.jpg,https://www.taiwanlottery.com/news/news/04thinsetantsaleinfo201601980199
198,黃金城,上一屆(2024/1/1前),0,500,5000000,2011-02-25,100/02/25,2011-09-01,100/09/01,2011-12-01,100/12/01,1250000,99.78%,2,0,464,,https://cdn.taiwanlottery.com.tw/app/FilesForDownload/TLCWeb/3th_instant_images/images/91/small-198.jpg,
0197,歡樂賓果,上一屆(2024/1/1前),7,100,300000,2016-11-01,105/11/01,2017-05-02,106/05/02,2017-08-02,106/08/02,5100000,99.12%,5,0,1047,04thinsetantsaleinfo201601960197,https://cdn.taiwanlottery.com.tw/app/FilesForDownload/TLCWeb/instant/images/67/IN1051026_small_0197.jpg,https://www.taiwanlottery.com/news/news/04thinsetantsaleinfo201601960197
197,旺旺來,上一屆(2024/1/1前),0,100,300000,2011-02-25,100/02/25,2011-09-01,100/09/01,2011-12-01,100/12/01,4080000,82.36%,8,2,463,,https://cdn.taiwanlottery.com.tw/app/FilesForDownload/TLCWeb/3th_instant_images/images/91/small-197.jpg,
0196,射龍門,上一屆(2024/1/1前),12,200,2000000,2016-11-01,105/11/01,2017-05-02,106/05/02,2017-08-02,106/08/02,5011100,65.86%,5,2,1046,04thinsetantsaleinfo201601960197,https://cdn.taiwanlottery.com.tw/app/FilesForDownload/TLCWeb/instant/images/67/IN1051026_small_0196.jpg,https://www.taiwanlottery.com/news/news/04thinsetantsaleinfo201601960197
196,賽神豬,上一屆(2024/1/1前),0,100,600000,2011-02-21,100/02/21,2011-08-22,100/08/22,2011-11-22,100/11/22,3570000,99.26%,3,0,462,,https://cdn.taiwanlottery.com.tw/app/FilesForDownload/TLCWeb/3th_instant_images/images/91/small-196.jpg,
0195,好開薰,上一屆(2024/1/1前),10,100,300000,2016-10-18,105/10/18,2017-04-18,106/04/18,2017-07-18,106/07/18,4080000,75.67%,4,1,1045,04thinsetantsaleinfo201601940195,https://cdn.taiwanlottery.com.tw/app/FilesForDownload/TLCWeb/instant/images/66/IN1051013_small_0195.jpg,https://www.taiwanlottery.com/news/news/04thinsetantsaleinfo201601940195
195,連連發,上一屆(2024/1/1前),0,100,300000,2011-02-21,100/02/21,2011-08-22,100/08/22,2011-11-22,100/11/22,3570000,87.11%,7,1,461,,https://cdn.taiwanlottery.com.tw/app/FilesForDownload/TLCWeb/3th_instant_images/images/91/small-195.jpg,
0194,至尊撲克,上一屆(2024/1/1前),9,200,2000000,2016-10-18,105/10/18,2017-04-18,106/04/18,2017-07-18,106/07/18,4080000,90.91%,4,1,1044,04thinsetantsaleinfo201601940195,https://cdn.taiwanlottery.com.tw/app/FilesForDownload/TLCWeb/instant/images/66/IN1051013_small_0194.jpg,https://www.taiwanlottery.com/news/news/04thinsetantsaleinfo201601940195
194,璀璨鑽石,上一屆(2024/1/1前),0,200,2000000,2011-02-10,100/02/10,2011-08-10,100/08/10,2011-11-10,100/11/10,3060000,99.84%,3,0,460,,https://cdn.taiwanlottery.com.tw/app/FilesForDownload/TLCWeb/3th_instant_images/images/90/small-194.jpg,
0193,金麻將,上一屆(2024/1/1前),11,300,3000000,2016-10-04,105/10/04,2017-04-05,106/04/05,2017-07-05,106/07/05,8160000,99.98%,8,0,1042,04thinsetantsaleinfo201601920193,https://cdn.taiwanlottery.com.tw/app/FilesForDownload/TLCWeb/instant/images/65/IN1050929_small_0193.jpg,https://www.taiwanlottery.com/news/news/04thinsetantsaleinfo201601920193
193,百年好合,上一屆(2024/1/1前),0,100,1000000,2011-02-10,100/02/10,2011-08-10,100/08/10,2011-11-10,100/11/10,3825000,96.45%,3,0,459,,https://cdn.taiwanlottery.com.tw/app/FilesForDownload/TLCWeb/3th_instant_images/images/90/small-193.jpg,
0192,10全10美,上一屆(2024/1/1前),11,200,2000000,2016-10-04,105/10/04,2017-04-05,106/04/05,2017-07-05,106/07/05,3987500,76.53%,3,1,1041,04thinsetantsaleinfo201601920193,https://cdn.taiwanlottery.com.tw/app/FilesForDownload/TLCWeb/instant/images/65/IN1050929_small_0192.jpg,https://www.taiwanlottery.com/news/news/04thinsetantsaleinfo201601920193
192,大吉大利,上一屆(2024/1/1前),0,100,500000,2011-01-25,100/01/25,2011-07-25,100/07/25,2011-10-25,100/10/25,3502800,99.47%,3,0,458,,https://cdn.taiwanlottery.com.tw/app/FilesForDownload/TLCWeb/3th_instant_images/images/89/small-192.jpg,
0191,中信兄弟,上一屆(2024/1/1前),11,200,500000,2016-07-05,105/07/05,2017-01-05,106/01/05,2017-04-05,106/04/05,3570000,99.13%,50,0,1019,04thinsetantsaleinfo201601850191,https://cdn.taiwanlottery.com.tw/app/FilesForDownload/TLCWeb/instant/images/60/IN1050630_small_0191.jpg,https://www.taiwanlottery.com/news/news/04thinsetantsaleinfo201601850191
191,"$1,200萬大發財",上一屆(2024/1/1前),0,1000,12000000,2011-01-25,100/01/25,2011-07-25,100/07/25,2011-10-25,100/10/25,1250000,100%,1,0,457,,https://cdn.taiwanlottery.com.tw/app/FilesForDownload/TLCWeb/3th_instant_images/images/89/small-191.jpg,
0190,撈金魚,上一屆(2024/1/1前),13,100,300000,2016-09-20,105/09/20,2017-03-20,106/03/20,2017-06-20,106/06/20,4499700,81.23%,5,0,1036,04thinsetantsaleinfo201601800190,https://cdn.taiwanlottery.com.tw/app/FilesForDownload/TLCWeb/instant/images/64/IN1050912_small_0190.jpg,https://www.taiwanlottery.com/news/news/04thinsetantsaleinfo201601800190
190,恭喜發財,上一屆(2024/1/1前),0,200,2000000,2011-01-25,100/01/25,2011-07-25,100/07/25,2011-10-25,100/10/25,2549900,99.59%,2,1,456,,https://cdn.taiwanlottery.com.tw/app/FilesForDownload/TLCWeb/3th_instant_images/images/89/small-190.jpg,
0189,超速777,上一屆(2024/1/1前),12,100,700000,2016-09-05,105/09/05,2017-03-06,106/03/06,2017-06-06,106/06/06,5610000,99.01%,5,1,1027,04thinsetantsaleinfo201601880189,https://cdn.taiwanlottery.com.tw/app/FilesForDownload/TLCWeb/instant/images/63/IN1050825_small_0189.jpg,https://www.taiwanlottery.com/news/news/04thinsetantsaleinfo201601880189
189,幸運777,上一屆(2024/1/1前),0,100,700000,2011-01-18,100/01/18,2011-07-18,100/07/18,2011-10-18,100/10/18,3945200,99.87%,4,1,455,,https://cdn.taiwanlottery.com.tw/app/FilesForDownload/TLCWeb/3th_instant_images/images/88/small-189.jpg,
0188,淘金熱,上一屆(2024/1/1前),11,200,2000000,2016-09-05,105/09/05,2017-03-06,106/03/06,2017-06-06,106/06/06,4952100,80.8%,5,0,1026,04thinsetantsaleinfo201601880189,https://cdn.taiwanlottery.com.tw/app/FilesForDownload/TLCWeb/instant/images/63/IN1050825_small_0188.jpg,https://www.taiwanlottery.com/news/news/04thinsetantsaleinfo201601880189
188,金銀財寶,上一屆(2024/1/1前),0,200,2000000,2011-01-18,100/01/18,2011-07-18,100/07/18,2011-10-18,100/10/18,2040000,99.77%,2,0,454,,https://cdn.taiwanlottery.com.tw/app/FilesForDownload/TLCWeb/3th_instant_images/images/88/small-188.jpg,
0187,超級連線,上一屆(2024/1/1前),9,800,6000000,2016-08-16,105/08/16,2017-02-16,106/02/16,2017-05-16,106/05/16,2380000,98.89%,5,0,1024,04thinsetantsaleinfo201601820187,https://cdn.taiwanlottery.com.tw/app/FilesForDownload/TLCWeb/instant/images/62/IN1050811_small_0187.jpg,https://www.taiwanlottery.com/news/news/04thinsetantsaleinfo201601820187
187,財神到,上一屆(2024/1/1前),0,100,800000,2011-01-18,100/01/18,2011-07-18,100/07/18,2011-10-18,100/10/18,4590000,99.70%,4,0,452,,https://cdn.taiwanlottery.com.tw/app/FilesForDownload/TLCWeb/3th_instant_images/images/88/small-187.jpg,
0186,幸運777,上一屆(2024/1/1前),9,100,700000,2016-07-05,105/07/05,2017-01-05,106/01/05,2017-04-05,106/04/05,6120000,92.74%,6,0,1018,04thinsetantsaleinfo201601850191,https://cdn.taiwanlottery.com.tw/app/FilesForDownload/TLCWeb/instant/images/60/IN1050630_small_0186.jpg,https://www.taiwanlottery.com/news/news/04thinsetantsaleinfo201601850191
186,麻將,上一屆(2024/1/1前),0,200,2000000,2011-01-03,100/01/03,2011-07-04,100/07/04,2011-10-04,100/10/04,3060000,99.99%,3,0,451,,https://cdn.taiwanlottery.com.tw/app/FilesForDownload/TLCWeb/3th_instant_images/images/87/small-186.jpg,
0185,麻將,上一屆(2024/1/1前),13,200,2000000,2016-07-05,105/07/05,2017-01-05,106/01/05,2017-04-05,106/04/05,8025700,99.74%,8,0,1017,04thinsetantsaleinfo201601850191,https://cdn.taiwanlottery.com.tw/app/FilesForDownload/TLCWeb/instant/images/60/IN1050630_small_0185.jpg,https://www.taiwanlottery.com/news/news/04thinsetantsaleinfo201601850191
185,新年快樂,上一屆(2024/1/1前),0,500,3000000,2011-01-03,100/01/03,2011-07-04,100/07/04,2011-10-04,100/10/04,2500000,99.95%,3,0,450,,https://cdn.taiwanlottery.com.tw/app/FilesForDownload/TLCWeb/3th_instant_images/images/87/small-185.jpg,
0184,水果樂園,上一屆(2024/1/1前),8,100,300000,2016-08-02,105/08/02,2017-02-02,106/02/02,2017-05-02,106/05/02,4039700,77.67%,5,3,1020,04thinsetantsaleinfo201601840000,https://cdn.taiwanlottery.com.tw/app/FilesForDownload/TLCWeb/instant/images/61/IN1050725_small_0184.jpg,https://www.taiwanlottery.com/news/news/04thinsetantsaleinfo201601840000
184,金兔報喜,上一屆(2024/1/1前),0,100,300000,2011-01-03,100/01/03,2011-07-04,100/07/04,2011-10-04,100/10/04,4079200,99.81%,8,1,449,,https://cdn.taiwanlottery.com.tw/app/FilesForDownload/TLCWeb/3th_instant_images/images/87/small-184.jpg,
0183,夏日派對,上一屆(2024/1/1前),9,200,2000000,2017-06-16,106/06/16,2017-12-18,106/12/18,2018-03-19,107/03/19,5100000,61.05%,7,4,1093,04thinsetantsaleinfo201701830000,https://cdn.taiwanlottery.com.tw/app/FilesForDownload/TLCWeb/instant/images/83/IN1060613_small_0183.jpg,https://www.taiwanlottery.com/news/news/04thinsetantsaleinfo201701830000
183,金錢遊戲,上一屆(2024/1/1前),0,500,5000000,2010-10-01,99/10/01,2011-04-01,100/04/01,2011-07-04,100/07/04,1000000,100%,2,1,433,,https://cdn.taiwanlottery.com.tw/app/FilesForDownload/TLCWeb/3th_instant_images/images/81/small-183.jpg,
0182,66大順,上一屆(2024/1/1前),10,100,600000,2016-08-16,105/08/16,2017-02-16,106/02/16,2017-05-16,106/05/16,5100000,78.86%,5,3,1025,04thinsetantsaleinfo201601820187,https://cdn.taiwanlottery.com.tw/app/FilesForDownload/TLCWeb/instant/images/62/IN1050811_small_0182.jpg,https://www.taiwanlottery.com/news/news/04thinsetantsaleinfo201601820187
182,拉斯維加斯,上一屆(2024/1/1前),0,200,2000000,2010-07-05,99/07/05,2011-01-05,100/01/05,2011-04-06,100/04/06,2040000,83.63%,2,0,420,,https://cdn.taiwanlottery.com.tw/app/FilesForDownload/TLCWeb/3th_instant_images/images/75/small-182.jpg,
0181,海底尋寶,上一屆(2024/1/1前),9,200,2000000,2016-06-14,105/06/14,2016-12-14,105/12/14,2017-03-14,106/03/14,4590000,99.91%,5,0,1016,04thinsetantsaleinfo201601810000,https://cdn.taiwanlottery.com.tw/app/FilesForDownload/TLCWeb/instant/images/59/IN1050607_small_0181.jpg,https://www.taiwanlottery.com/news/news/04thinsetantsaleinfo201601810000
181,幸福御守,上一屆(2024/1/1前),0,100,500000,2010-06-15,99/06/15,2010-12-15,99/12/15,2011-03-15,100/03/15,3315000,59.89%,3,3,414,,https://cdn.taiwanlottery.com.tw/app/FilesForDownload/TLCWeb/3th_instant_images/images/73/small-181.jpg,
0180,幸運輪盤,上一屆(2024/1/1前),12,200,2000000,2016-09-20,105/09/20,2017-03-20,106/03/20,2017-06-20,106/06/20,5098200,93.86%,5,0,1032,04thinsetantsaleinfo201601800190,https://cdn.taiwanlottery.com.tw/app/FilesForDownload/TLCWeb/instant/images/64/IN1050912_small_0180.jpg,https://www.taiwanlottery.com/news/news/04thinsetantsaleinfo201601800190
180,發發發,上一屆(2024/1/1前),0,200,2000000,2010-06-15,99/06/15,2010-12-15,99/12/15,2011-03-15,100/03/15,2295000,79.90%,2,0,413,,https://cdn.taiwanlottery.com.tw/app/FilesForDownload/TLCWeb/3th_instant_images/images/73/small-180.jpg,
0179,王牌大對決,上一屆(2024/1/1前),10,500,5000000,2016-06-01,105/06/01,2016-12-01,105/12/01,2017-03-01,106/03/01,2500000,83.68%,4,1,1015,04thinsetantsaleinfo201601790000,https://cdn.taiwanlottery.com.tw/app/FilesForDownload/TLCWeb/instant/images/58/IN1050523_small_0179.jpg,https://www.taiwanlottery.com/news/news/04thinsetantsaleinfo201601790000
179,金包銀,上一屆(2024/1/1前),0,100,1000000,2010-06-15,99/06/15,2010-12-15,99/12/15,2011-03-15,100/03/15,3570000,75.10%,3,1,412,,https://cdn.taiwanlottery.com.tw/app/FilesForDownload/TLCWeb/3th_instant_images/images/73/small-179.jpg,
0178,賽龍舟,上一屆(2024/1/1前),14,100,500000,2016-05-17,105/05/17,2016-11-17,105/11/17,2017-02-17,106/02/17,5100000,71.3%,5,3,1014,04thinsetantsaleinfo201601780000,https://cdn.taiwanlottery.com.tw/app/FilesForDownload/TLCWeb/instant/images/57/IN1050509_small_0178.jpg,https://www.taiwanlottery.com/news/news/04thinsetantsaleinfo201601780000
178,璀璨鑽石,上一屆(2024/1/1前),0,200,2000000,2010-06-15,99/06/15,2010-12-15,99/12/15,2011-03-15,100/03/15,3315000,93.85%,3,0,410,,https://cdn.taiwanlottery.com.tw/app/FilesForDownload/TLCWeb/3th_instant_images/images/73/small-178.jpg,
177,好彩頭,上一屆(2024/1/1前),0,100,300000,2010-12-15,99/12/15,2011-06-15,100/06/15,2011-09-15,100/09/15,4080000,99.66%,8,0,448,,https://cdn.taiwanlottery.com.tw/app/FilesForDownload/TLCWeb/3th_instant_images/images/86/small-177.jpg,
0176,開運星座,上一屆(2024/1/1前),11,100,300000,2016-05-03,105/05/03,2016-11-03,105/11/03,2017-02-03,106/02/03,5100000,63.92%,5,1,1013,04thinsetantsaleinfo201601750176,https://cdn.taiwanlottery.com.tw/app/FilesForDownload/TLCWeb/instant/images/56/IN1050425_small_0176.jpg,https://www.taiwanlottery.com/news/news/04thinsetantsaleinfo201601750176
176,大三元,上一屆(2024/1/1前),0,200,2000000,2010-12-15,99/12/15,2011-06-15,100/06/15,2011-09-15,100/09/15,2994600,99.87%,3,1,442,,https://cdn.taiwanlottery.com.tw/app/FilesForDownload/TLCWeb/3th_instant_images/images/86/small-176.jpg,
0175,超級777,上一屆(2024/1/1前),11,200,2000000,2016-05-03,105/05/03,2016-11-03,105/11/03,2017-02-03,106/02/03,5100000,99.91%,5,0,1012,04thinsetantsaleinfo201601750176,https://cdn.taiwanlottery.com.tw/app/FilesForDownload/TLCWeb/instant/images/56/IN1050425_small_0175.jpg,https://www.taiwanlottery.com/news/news/04thinsetantsaleinfo201601750176
175,賽金豬,上一屆(2024/1/1前),0,100,600000,2010-12-01,99/12/01,2011-06-01,100/06/01,2011-09-01,100/09/01,3060000,99.97%,3,0,441,,https://cdn.taiwanlottery.com.tw/app/FilesForDownload/TLCWeb/3th_instant_images/images/85/small-175.jpg,
0174,迎媽祖,上一屆(2024/1/1前),9,100,300000,2016-04-19,105/04/19,2016-10-19,105/10/19,2017-01-19,106/01/19,5100000,69.7%,6,0,1011,04thinsetantsaleinfo201601730174,https://cdn.taiwanlottery.com.tw/app/FilesForDownload/TLCWeb/instant/images/55//IN1050411_small_0174.jpg,https://www.taiwanlottery.com/news/news/04thinsetantsaleinfo201601730174
174,聖誕快樂搖錢樹,上一屆(2024/1/1前),0,500,5000000,2010-12-01,99/12/01,2011-06-01,100/06/01,2011-09-01,100/09/01,1000000,99.95%,2,0,440,,https://cdn.taiwanlottery.com.tw/app/FilesForDownload/TLCWeb/3th_instant_images/images/85/small-174.jpg,
0173,瘋狂吐鈔機,上一屆(2024/1/1前),11,200,2000000,2016-04-19,105/04/19,2016-10-19,105/10/19,2017-01-19,106/01/19,4080000,77.33%,4,2,1010,04thinsetantsaleinfo201601730174,https://cdn.taiwanlottery.com.tw/app/FilesForDownload/TLCWeb/instant/images/55//IN1050411_small_0173.jpg,https://www.taiwanlottery.com/news/news/04thinsetantsaleinfo201601730174
173,百萬年終獎金,上一屆(2024/1/1前),0,100,1000000,2010-11-15,99/11/15,2011-05-16,100/05/16,2011-08-16,100/08/16,3569400,99.86%,3,0,438,,https://cdn.taiwanlottery.com.tw/app/FilesForDownload/TLCWeb/3th_instant_images/images/84/small-173.jpg,
0172,心跳百分百,上一屆(2024/1/1前),12,100,300000,2016-04-01,105/04/01,2016-10-03,105/10/03,2017-01-03,106/01/03,5100000,57.63%,5,1,1008,04thinsetantsaleinfo201601710172,https://cdn.taiwanlottery.com.tw/app/FilesForDownload/TLCWeb/instant/images/54//IN1050331_small_0172.jpg,https://www.taiwanlottery.com/news/news/04thinsetantsaleinfo201601710172
172,淘金熱,上一屆(2024/1/1前),0,200,2000000,2010-11-01,99/11/01,2011-05-02,100/05/02,2011-08-02,100/08/02,2479750,99.96%,2,0,437,,https://cdn.taiwanlottery.com.tw/app/FilesForDownload/TLCWeb/3th_instant_images/images/83/small-172.jpg,
0171,黃金連線,上一屆(2024/1/1前),8,200,2000000,2016-04-01,105/04/01,2016-10-03,105/10/03,2017-01-03,106/01/03,6120000,99.94%,6,0,1007,04thinsetantsaleinfo201601710172,https://cdn.taiwanlottery.com.tw/app/FilesForDownload/TLCWeb/instant/images/54//IN1050331_small_0171.jpg,https://www.taiwanlottery.com/news/news/04thinsetantsaleinfo201601710172
171,超速777,上一屆(2024/1/1前),0,100,700000,2010-11-01,99/11/01,2011-05-02,100/05/02,2011-08-02,100/08/02,4080000,99.97%,4,0,436,,https://cdn.taiwanlottery.com.tw/app/FilesForDownload/TLCWeb/3th_instant_images/images/83/small-171.jpg,
0170,奇幻樂園,上一屆(2024/1/1前),12,100,300000,2016-03-22,105/03/22,2016-09-22,105/09/22,2016-12-22,105/12/22,5100000,47.01%,7,1,1002,04thinsetantsaleinfo201601380170,https://cdn.taiwanlottery.com.tw/app/FilesForDownload/TLCWeb/instant/images/53/IN1050321_small_0170.jpg,https://www.taiwanlottery.com/news/news/04thinsetantsaleinfo201601380170
170,招財貓,上一屆(2024/1/1前),0,100,300000,2010-10-18,99/10/18,2011-04-18,100/04/18,2011-07-18,100/07/18,3058900,99.97%,6,1,435,,https://cdn.taiwanlottery.com.tw/app/FilesForDownload/TLCWeb/3th_instant_images/images/82/small-170.jpg,
169,黃金傳奇,上一屆(2024/1/1前),0,200,2000000,2010-10-18,99/10/18,2011-04-18,100/04/18,2011-07-18,100/07/18,3056400,99.93%,3,0,434,,https://cdn.taiwanlottery.com.tw/app/FilesForDownload/TLCWeb/3th_instant_images/images/82/small-169.jpg,
0168,剪刀石頭布 ,上一屆(2024/1/1前),12,100,300000,2016-03-08,105/03/08,2016-09-08,105/09/08,2016-12-08,105/12/08,5100000,71.93%,5,2,999,04thinsetantsaleinfo201601680000,https://cdn.taiwanlottery.com.tw/app/FilesForDownload/TLCWeb/instant/images/52/IN1050307_small_0168.jpg,https://www.taiwanlottery.com/news/news/04thinsetantsaleinfo201601680000
168,快刮$1000,上一屆(2024/1/1前),0,100,300000,2010-10-01,99/10/01,2011-04-01,100/04/01,2011-07-04,100/07/04,3570000,99.94%,4,0,432,,https://cdn.taiwanlottery.com.tw/app/FilesForDownload/TLCWeb/3th_instant_images/images/81/small-168.jpg,
167,21點,上一屆(2024/1/1前),0,100,800000,2010-09-15,99/09/15,2011-03-15,100/03/15,2011-06-15,100/06/15,3570000,97.76%,3,0,431,,https://cdn.taiwanlottery.com.tw/app/FilesForDownload/TLCWeb/3th_instant_images/images/80/small-167.jpg,
166,麻將,上一屆(2024/1/1前),0,200,2000000,2010-09-01,99/09/01,2011-03-01,100/03/01,2011-06-01,100/06/01,3044300,99.97%,3,0,430,,https://cdn.taiwanlottery.com.tw/app/FilesForDownload/TLCWeb/3th_instant_images/images/79/small-166.jpg,
0165,發財樹,上一屆(2024/1/1前),12,100,500000,2016-02-19,105/02/19,2016-08-19,105/08/19,2016-11-21,105/11/21,5610000,64.77%,8,3,998,04thinsetantsaleinfo201601640165,https://cdn.taiwanlottery.com.tw/app/FilesForDownload/TLCWeb/instant/images/51/IN1050218_small_0165.jpg,https://www.taiwanlottery.com/news/news/04thinsetantsaleinfo201601640165
165,金鑽999,上一屆(2024/1/1前),0,200,2000000,2010-08-16,99/08/16,2011-03-01,100/03/01,2011-06-01,100/06/01,3060000,99.99%,3,0,428,,https://cdn.taiwanlottery.com.tw/app/FilesForDownload/TLCWeb/3th_instant_images/images/78/small-165.jpg,
0164,金磚帝國,上一屆(2024/1/1前),10,500,5000000,2016-02-19,105/02/19,2016-08-19,105/08/19,2016-11-21,105/11/21,3000000,43.23%,3,2,997,04thinsetantsaleinfo201601640165,https://cdn.taiwanlottery.com.tw/app/FilesForDownload/TLCWeb/instant/images/51/IN1050218_small_0164.jpg,https://www.taiwanlottery.com/news/news/04thinsetantsaleinfo201601640165
164,台灣真鮮,上一屆(2024/1/1前),0,100,500000,2010-09-01,99/09/01,2011-03-01,100/03/01,2011-06-01,100/06/01,3570000,98.49%,3,0,429,,https://cdn.taiwanlottery.com.tw/app/FilesForDownload/TLCWeb/3th_instant_images/images/79/small-164.jpg,
0163,天天過年,上一屆(2024/1/1前),13,500,5000000,2016-02-02,105/02/02,2016-08-02,105/08/02,2016-11-02,105/11/02,3000000,81.89%,3,2,996,04thinsetantsaleinfo201601570163,https://cdn.taiwanlottery.com.tw/app/FilesForDownload/TLCWeb/instant/images/50/IN1050130_small_0163.jpg,https://www.taiwanlottery.com/news/news/04thinsetantsaleinfo201601570163
163,瘋狂888,上一屆(2024/1/1前),0,100,800000,2010-08-16,99/08/16,2011-02-16,100/02/16,2011-05-16,100/05/16,3060000,96.50%,2,0,427,,https://cdn.taiwanlottery.com.tw/app/FilesForDownload/TLCWeb/3th_instant_images/images/78/small-163.jpg,
0162,年貨大街,上一屆(2024/1/1前),12,200,2000000,2016-02-02,105/02/02,2016-08-02,105/08/02,2016-11-02,105/11/02,5610000,62.39%,5,2,995,04thinsetantsaleinfo201601570163,https://cdn.taiwanlottery.com.tw/app/FilesForDownload/TLCWeb/instant/images/50/IN1050130_small_0162.jpg,https://www.taiwanlottery.com/news/news/04thinsetantsaleinfo201601570163
162,海底尋寶,上一屆(2024/1/1前),0,200,2000000,2010-07-15,99/07/15,2011-02-16,100/02/16,2011-05-16,100/05/16,2550000,99.74%,2,1,423,,https://cdn.taiwanlottery.com.tw/app/FilesForDownload/TLCWeb/3th_instant_images/images/76/small-162.jpg,
0161,好事成雙,上一屆(2024/1/1前),11,100,300000,2016-02-02,105/02/02,2016-08-02,105/08/02,2016-11-02,105/11/02,5491500,81.8%,8,2,994,04thinsetantsaleinfo201601570163,https://cdn.taiwanlottery.com.tw/app/FilesForDownload/TLCWeb/instant/images/50/IN1050130_small_0161.jpg,https://www.taiwanlottery.com/news/news/04thinsetantsaleinfo201601570163
161,旺旺來,上一屆(2024/1/1前),0,100,300000,2010-08-02,99/08/02,2011-02-08,100/02/08,2011-05-09,100/05/09,3569600,96.15%,7,1,425,,https://cdn.taiwanlottery.com.tw/app/FilesForDownload/TLCWeb/3th_instant_images/images/77/small-161.jpg,
0160,聚寶盆,上一屆(2024/1/1前),11,100,500000,2016-02-02,105/02/02,2016-08-02,105/08/02,2016-11-02,105/11/02,5610000,88.71%,8,1,993,04thinsetantsaleinfo201601570163,https://cdn.taiwanlottery.com.tw/app/FilesForDownload/TLCWeb/instant/images/50/IN1050130_small_0160.jpg,https://www.taiwanlottery.com/news/news/04thinsetantsaleinfo201601570163
160,皇家俱樂部,上一屆(2024/1/1前),0,500,5000000,2010-08-02,99/08/02,2011-02-08,100/02/08,2011-05-09,100/05/09,1250000,99.94%,2,0,424,,https://cdn.taiwanlottery.com.tw/app/FilesForDownload/TLCWeb/3th_instant_images/images/77/small-160.jpg,
0159,恭喜發財,上一屆(2024/1/1前),11,200,2000000,2016-02-02,105/02/02,2016-08-02,105/08/02,2016-11-02,105/11/02,5610000,63.61%,6,3,992,04thinsetantsaleinfo201601570163,https://cdn.taiwanlottery.com.tw/app/FilesForDownload/TLCWeb/instant/images/50/IN1050130_small_0159.jpg,https://www.taiwanlottery.com/news/news/04thinsetantsaleinfo201601570163
159,台灣小吃,上一屆(2024/1/1前),0,100,300000,2010-07-05,99/07/05,2011-01-17,100/01/17,2011-04-18,100/04/18,4080000,67.87%,8,2,419,,https://cdn.taiwanlottery.com.tw/app/FilesForDownload/TLCWeb/3th_instant_images/images/75/small-159.jpg,
0158,雙響炮,上一屆(2024/1/1前),11,200,2000000,2016-01-26,105/01/26,2016-07-26,105/07/26,2016-10-26,105/10/26,5610000,71.22%,5,0,990,04thinsetantsaleinfo201601390158,https://cdn.taiwanlottery.com.tw/app/FilesForDownload/TLCWeb/instant/images/49/IN1050120_small_0158.jpg,https://www.taiwanlottery.com/news/news/04thinsetantsaleinfo201601390158
158,金雞母,上一屆(2024/1/1前),0,100,1000000,2010-06-25,99/06/25,2011-01-03,100/01/03,2011-04-06,100/04/06,4080000,76.68%,4,0,418,,https://cdn.taiwanlottery.com.tw/app/FilesForDownload/TLCWeb/3th_instant_images/images/74/small-158.jpg,
0157,碰碰胡,上一屆(2024/1/1前),11,1000,10000000,2016-02-02,105/02/02,2016-08-02,105/08/02,2016-11-02,105/11/02,5500000,75%,2,0,991,04thinsetantsaleinfo201601570163,https://cdn.taiwanlottery.com.tw/app/FilesForDownload/TLCWeb/instant/images/50/IN1050130_small_0157.jpg,https://www.taiwanlottery.com/news/news/04thinsetantsaleinfo201601570163
157,超級777,上一屆(2024/1/1前),0,200,2000000,2010-06-25,99/06/25,2011-01-03,100/01/03,2011-04-06,100/04/06,3060000,99.98%,3,0,417,,https://cdn.taiwanlottery.com.tw/app/FilesForDownload/TLCWeb/3th_instant_images/images/74/small-157.jpg,
0156,鴻運當頭,上一屆(2024/1/1前),10,500,5000000,2016-01-26,105/01/26,2016-07-26,105/07/26,2016-10-26,105/10/26,3000000,79.29%,4,1,989,04thinsetantsaleinfo201601390158,https://cdn.taiwanlottery.com.tw/app/FilesForDownload/TLCWeb/instant/images/49//IN1050120_small_0156.jpg,https://www.taiwanlottery.com/news/news/04thinsetantsaleinfo201601390158
156,幸運777,上一屆(2024/1/1前),0,100,700000,2010-06-01,99/06/01,2010-12-15,99/12/15,2011-03-15,100/03/15,4064000,100%,4,0,402,,https://cdn.taiwanlottery.com.tw/app/FilesForDownload/TLCWeb/3th_instant_images/images/72/small-156.jpg,
0155,財運亨通,上一屆(2024/1/1前),13,200,2000000,2016-01-26,105/01/26,2016-07-26,105/07/26,2016-10-26,105/10/26,5610000,47.01%,4,4,988,04thinsetantsaleinfo201601390158,https://cdn.taiwanlottery.com.tw/app/FilesForDownload/TLCWeb/instant/images/49//IN1050120_small_0155.jpg,https://www.taiwanlottery.com/news/news/04thinsetantsaleinfo201601390158
155,超級黑傑克,上一屆(2024/1/1前),0,200,2000000,2010-05-17,99/05/17,2010-12-01,99/12/01,2011-03-01,100/03/01,4080000,85.47%,4,0,400,,https://cdn.taiwanlottery.com.tw/app/FilesForDownload/TLCWeb/3th_instant_images/images/71/small-155.jpg,
0154,猴年行大運,上一屆(2024/1/1前),11,100,300000,2016-01-26,105/01/26,2016-07-26,105/07/26,2016-10-26,105/10/26,5610000,94.21%,11,1,987,04thinsetantsaleinfo201601390158,https://cdn.taiwanlottery.com.tw/app/FilesForDownload/TLCWeb/instant/images/49/IN1050120_small_0154.jpg,https://www.taiwanlottery.com/news/news/04thinsetantsaleinfo201601390158
154,水果樂園,上一屆(2024/1/1前),0,100,300000,2010-06-01,99/06/01,2010-12-01,99/12/01,2011-03-01,100/03/01,4590000,72.93%,9,2,401,,https://cdn.taiwanlottery.com.tw/app/FilesForDownload/TLCWeb/3th_instant_images/images/72/small-154.jpg,
0153,迎財神,上一屆(2024/1/1前),13,100,800000,2016-01-26,105/01/26,2016-07-26,105/07/26,2016-10-26,105/10/26,5100000,99.05%,4,0,986,04thinsetantsaleinfo201601390158,https://cdn.taiwanlottery.com.tw/app/FilesForDownload/TLCWeb/instant/images/49/IN1050120_small_0153.jpg,https://www.taiwanlottery.com/news/news/04thinsetantsaleinfo201601390158
153,錢滾錢,上一屆(2024/1/1前),0,100,1000000,2010-05-06,99/05/06,2010-11-17,99/11/17,2011-02-17,100/02/17,3060000,99.76%,3,0,399,,https://cdn.taiwanlottery.com.tw/app/FilesForDownload/TLCWeb/3th_instant_images/images/70/small-153.jpg,
0152,開門見喜 ,上一屆(2024/1/1前),9,2000,26000000,2016-01-26,105/01/26,2016-07-26,105/07/26,2016-10-26,105/10/26,2499975,99.03%,1,0,983,04thinsetantsaleinfo201601390158,https://cdn.taiwanlottery.com.tw/app/FilesForDownload/TLCWeb/instant/images/49/IN1050120_small_0152.jpg,https://www.taiwanlottery.com/news/news/04thinsetantsaleinfo201601390158
152,端午包中,上一屆(2024/1/1前),0,500,3000000,2010-05-06,99/05/06,2010-11-17,99/11/17,2011-02-17,100/02/17,1500000,99.99%,2,0,398,,https://cdn.taiwanlottery.com.tw/app/FilesForDownload/TLCWeb/3th_instant_images/images/70/small-152.jpg,
0151,招財猴,上一屆(2024/1/1前),11,100,300000,2016-01-14,105/01/14,2016-07-14,105/07/14,2016-10-14,105/10/14,5100000,98.54%,10,2,975,04thinsetantsaleinfo201601450151,https://cdn.taiwanlottery.com.tw/app/FilesForDownload/TLCWeb/instant/images/48/IN1050113_small_0151.jpg,https://www.taiwanlottery.com/news/news/04thinsetantsaleinfo201601450151
151,全壘打,上一屆(2024/1/1前),0,100,600000,2010-04-26,99/04/26,2010-11-03,99/11/03,2011-02-08,100/02/08,3060000,99.97%,3,0,395,,https://cdn.taiwanlottery.com.tw/app/FilesForDownload/TLCWeb/3th_instant_images/images/69/small-151.jpg,
0150,新年快樂,上一屆(2024/1/1前),14,500,3000000,2016-01-14,105/01/14,2016-07-14,105/07/14,2016-10-14,105/10/14,3000000,99.18%,3,0,982,04thinsetantsaleinfo201601450151,https://cdn.taiwanlottery.com.tw/app/FilesForDownload/TLCWeb/instant/images/48/IN1050113_small_0150.jpg,https://www.taiwanlottery.com/news/news/04thinsetantsaleinfo201601450151
150,麻將,上一屆(2024/1/1前),0,200,2000000,2010-04-26,99/04/26,2010-11-03,99/11/03,2011-02-08,100/02/08,3060000,99.99%,3,0,394,,https://cdn.taiwanlottery.com.tw/app/FilesForDownload/TLCWeb/3th_instant_images/images/69/small-150.jpg,
0149,幸運開獎機,上一屆(2024/1/1前),12,200,2000000,2016-01-14,105/01/14,2016-07-14,105/07/14,2016-10-14,105/10/14,5610000,99.91%,4,0,973,04thinsetantsaleinfo201601450151,https://cdn.taiwanlottery.com.tw/app/FilesForDownload/TLCWeb/instant/images/48/IN1050113_small_0149.jpg,https://www.taiwanlottery.com/news/news/04thinsetantsaleinfo201601450151
149,超速777,上一屆(2024/1/1前),0,100,700000,2010-04-15,99/04/15,2010-10-15,99/10/15,2011-01-17,100/01/17,4080000,100%,4,0,383,,https://cdn.taiwanlottery.com.tw/app/FilesForDownload/TLCWeb/3th_instant_images/images/68/small-149.gif,
0148,黃金大道,上一屆(2024/1/1前),13,200,2000000,2016-01-14,105/01/14,2016-07-14,105/07/14,2016-10-14,105/10/14,5610000,58.66%,4,0,970,04thinsetantsaleinfo201601450151,https://cdn.taiwanlottery.com.tw/app/FilesForDownload/TLCWeb/instant/images/48/IN1050113_small_0148.jpg,https://www.taiwanlottery.com/news/news/04thinsetantsaleinfo201601450151
148,喜從天降,上一屆(2024/1/1前),0,100,300000,2010-04-01,99/04/01,2010-10-01,99/10/01,2011-01-03,100/01/03,3060000,100%,6,1,382,,https://cdn.taiwanlottery.com.tw/app/FilesForDownload/TLCWeb/3th_instant_images/images/67/148-small.jpg,
0147,財源滾滾,上一屆(2024/1/1前),14,200,2000000,2016-01-14,105/01/14,2016-07-14,105/07/14,2016-10-14,105/10/14,5610000,77.76%,5,1,969,04thinsetantsaleinfo201601450151,https://cdn.taiwanlottery.com.tw/app/FilesForDownload/TLCWeb/instant/images/48/IN1050113_small_0147.jpg,https://www.taiwanlottery.com/news/news/04thinsetantsaleinfo201601450151
147,Hello Kitty,上一屆(2024/1/1前),0,200,1500000,2010-04-01,99/04/01,2010-10-01,99/10/01,2011-01-03,100/01/03,3060000,99.99%,3,0,381,,https://cdn.taiwanlottery.com.tw/app/FilesForDownload/TLCWeb/3th_instant_images/images/67/147-2-small.jpg,
0146,歡慶2016,上一屆(2024/1/1前),11,200,2000000,2016-01-04,105/01/04,2016-07-04,105/07/04,2016-10-04,105/10/04,5100000,86.59%,5,3,967,04thinsetantsaleinfo201601370146,https://cdn.taiwanlottery.com.tw/app/FilesForDownload/TLCWeb/instant/images/47/IN1050104_small_0146.jpg,https://www.taiwanlottery.com/news/news/04thinsetantsaleinfo201601370146
146,熱錢,上一屆(2024/1/1前),0,100,1000000,2010-03-15,99/03/15,2010-09-15,99/09/15,2010-12-15,99/12/15,3060000,99.99%,2,0,374,,https://cdn.taiwanlottery.com.tw/app/FilesForDownload/TLCWeb/3th_instant_images/images/66/146-small.jpg,
0145,金麻將,上一屆(2024/1/1前),11,300,3000000,2016-01-14,105/01/14,2016-07-14,105/07/14,2016-10-14,105/10/14,6120000,99.99%,6,0,968,04thinsetantsaleinfo201601450151,https://cdn.taiwanlottery.com.tw/app/FilesForDownload/TLCWeb/instant/images/48/IN1050113_small_0145.jpg,https://www.taiwanlottery.com/news/news/04thinsetantsaleinfo201601450151
145,海底尋寶,上一屆(2024/1/1前),0,200,2000000,2010-03-15,99/03/15,2010-09-15,99/09/15,2010-12-15,99/12/15,2550000,99.99%,2,0,373,,https://cdn.taiwanlottery.com.tw/app/FilesForDownload/TLCWeb/3th_instant_images/images/66/145-small.jpg,
0144,猴厲害,上一屆(2024/1/1前),11,100,300000,2016-01-04,105/01/04,2016-07-04,105/07/04,2016-10-04,105/10/04,5610000,99.06%,5,0,966,04thinsetantsaleinfo201601370146,https://cdn.taiwanlottery.com.tw/app/FilesForDownload/TLCWeb/instant/images/47/IN1050104_small_0144.jpg,https://www.taiwanlottery.com/news/news/04thinsetantsaleinfo201601370146
144,賽神豬,上一屆(2024/1/1前),0,100,600000,2010-03-01,99/03/01,2010-09-01,99/09/01,2010-12-01,99/12/01,4080000,100%,4,0,363,,https://cdn.taiwanlottery.com.tw/app/FilesForDownload/TLCWeb/3th_instant_images/images/65/144-small.JPG,
0143,"$1,200萬大吉利",上一屆(2024/1/1前),12,1000,12000000,2016-01-04,105/01/04,2016-07-04,105/07/04,2016-10-04,105/10/04,3000000,98.19%,2,0,965,04thinsetantsaleinfo201601370146,https://cdn.taiwanlottery.com.tw/app/FilesForDownload/TLCWeb/instant/images/47/IN1050104_small_0143.jpg,https://www.taiwanlottery.com/news/news/04thinsetantsaleinfo201601370146
143,黃金城,上一屆(2024/1/1前),0,500,5000000,2010-03-01,99/03/01,2010-09-01,99/09/01,2010-12-01,99/12/01,1250000,100%,2,1,362,,https://cdn.taiwanlottery.com.tw/app/FilesForDownload/TLCWeb/3th_instant_images/images/65/143-small.JPG,
0142,金猴報喜,上一屆(2024/1/1前),11,200,2000000,2016-01-04,105/01/04,2016-07-04,105/07/04,2016-10-04,105/10/04,5100000,96.71%,5,0,964,04thinsetantsaleinfo201601370146,https://cdn.taiwanlottery.com.tw/app/FilesForDownload/TLCWeb/instant/images/47/IN1050104_small_0142.jpg,https://www.taiwanlottery.com/news/news/04thinsetantsaleinfo201601370146
142,大吉大利,上一屆(2024/1/1前),0,100,500000,2010-02-01,99/02/01,2010-08-02,99/08/02,2010-11-02,99/11/02,4080000,99.99%,4,0,360,,https://cdn.taiwanlottery.com.tw/app/FilesForDownload/TLCWeb/3th_instant_images/images/64/142-small.jpg,
0141,金猴獎,上一屆(2024/1/1前),14,500,3000000,2016-01-04,105/01/04,2016-07-04,105/07/04,2016-10-04,105/10/04,3000000,99.82%,3,0,963,04thinsetantsaleinfo201601370146,https://cdn.taiwanlottery.com.tw/app/FilesForDownload/TLCWeb/instant/images/47/IN1050104_small_0141.jpg,https://www.taiwanlottery.com/news/news/04thinsetantsaleinfo201601370146
141,愛的禮物,上一屆(2024/1/1前),0,100,300000,2010-02-01,99/02/01,2010-08-02,99/08/02,2010-11-02,99/11/02,4080000,99.99%,8,0,359,,https://cdn.taiwanlottery.com.tw/app/FilesForDownload/TLCWeb/3th_instant_images/images/64/141-small.jpg,
0140,"$2,600萬超級紅包",上一屆(2024/1/1前),8,2000,26000000,2016-01-04,105/01/04,2016-07-04,105/07/04,2016-10-04,105/10/04,1999980,99.27%,1,0,962,04thinsetantsaleinfo201601370146,https://cdn.taiwanlottery.com.tw/app/FilesForDownload/TLCWeb/instant/images/47/IN1050104_small_0140.jpg,https://www.taiwanlottery.com/news/news/04thinsetantsaleinfo201601370146
140,鈔票滿天飛,上一屆(2024/1/1前),0,200,2000000,2010-02-01,99/02/01,2010-08-02,99/08/02,2010-11-02,99/11/02,2040000,100%,2,0,357,,https://cdn.taiwanlottery.com.tw/app/FilesForDownload/TLCWeb/3th_instant_images/images/64/140-small.jpg,
0139,百萬樂翻天,上一屆(2024/1/1前),9,300,1000000,2016-01-26,105/01/26,2016-07-26,105/07/26,2016-10-26,105/10/26,5100000,88.7%,15,1,984,04thinsetantsaleinfo201601390158,https://cdn.taiwanlottery.com.tw/app/FilesForDownload/TLCWeb/instant/images/49/IN1050120_small_0139.jpg,https://www.taiwanlottery.com/news/news/04thinsetantsaleinfo201601390158
139,$1200萬大發財,上一屆(2024/1/1前),0,1000,12000000,2010-02-01,99/02/01,2010-08-02,99/08/02,2010-11-02,99/11/02,1000000,100%,1,0,356,,https://cdn.taiwanlottery.com.tw/app/FilesForDownload/TLCWeb/3th_instant_images/images/64/139-small.jpg,
0138,閃亮幸運星,上一屆(2024/1/1前),11,200,2000000,2016-03-22,105/03/22,2016-09-22,105/09/22,2016-12-22,105/12/22,5100000,76.95%,5,1,1001,04thinsetantsaleinfo201601380170,https://cdn.taiwanlottery.com.tw/app/FilesForDownload/TLCWeb/instant/images/53/IN1050321_small_0138.jpg,https://www.taiwanlottery.com/news/news/04thinsetantsaleinfo201601380170
138,恭喜發財,上一屆(2024/1/1前),0,200,2000000,2010-01-18,99/01/18,2010-07-19,99/07/19,2010-10-19,99/10/19,3060000,100%,3,0,354,,https://cdn.taiwanlottery.com.tw/app/FilesForDownload/TLCWeb/3th_instant_images/images/63/138-small.jpg,
0137,猴來運轉,上一屆(2024/1/1前),11,100,300000,2016-01-04,105/01/04,2016-07-04,105/07/04,2016-10-04,105/10/04,5100000,95.74%,10,0,961,04thinsetantsaleinfo201601370146,https://cdn.taiwanlottery.com.tw/app/FilesForDownload/TLCWeb/instant/images/47/IN1050104_small_0137.jpg,https://www.taiwanlottery.com/news/news/04thinsetantsaleinfo201601370146
137,財神到,上一屆(2024/1/1前),0,100,800000,2010-01-18,99/01/18,2010-07-19,99/07/19,2010-10-19,99/10/19,4590000,99.99%,4,0,353,,https://cdn.taiwanlottery.com.tw/app/FilesForDownload/TLCWeb/3th_instant_images/images/63/137-small.jpg,
136,開運御守 ,上一屆(2024/1/1前),0,100,500000,2010-01-18,99/01/18,2010-07-19,99/07/19,2010-10-19,99/10/19,4080000,99.98%,4,0,350,,https://cdn.taiwanlottery.com.tw/app/FilesForDownload/TLCWeb/3th_instant_images/images/63/136-small.jpg,
0135,歡樂賓果,上一屆(2024/1/1前),7,100,300000,2015-12-03,104/12/03,2016-06-03,105/06/03,2016-09-05,105/09/05,5100000,95.16%,5,0,959,04thinsetantsaleinfo201501340135,https://cdn.taiwanlottery.com.tw/app/FilesForDownload/TLCWeb/instant/images/46/IN1041203_small_0135.jpg,https://www.taiwanlottery.com/news/news/04thinsetantsaleinfo201501340135
135,麻將,上一屆(2024/1/1前),0,200,2000000,2010-01-04,99/01/04,2010-07-05,99/07/05,2010-10-05,99/10/05,3060000,100%,3,0,348,,https://cdn.taiwanlottery.com.tw/app/FilesForDownload/TLCWeb/3th_instant_images/images/62/135-small.jpg,
0134,魔幻密碼,上一屆(2024/1/1前),12,200,2000000,2015-12-03,104/12/03,2016-06-03,105/06/03,2016-09-05,105/09/05,5100000,73.27%,4,1,958,04thinsetantsaleinfo201501340135,https://cdn.taiwanlottery.com.tw/app/FilesForDownload/TLCWeb/instant/images/46/IN1041203_small_0134.jpg,https://www.taiwanlottery.com/news/news/04thinsetantsaleinfo201501340135
134,新年快樂,上一屆(2024/1/1前),0,500,3000000,2010-01-04,99/01/04,2010-07-05,99/07/05,2010-10-05,99/10/05,2250000,100%,3,0,347,,https://cdn.taiwanlottery.com.tw/app/FilesForDownload/TLCWeb/3th_instant_images/images/62/134-small.jpg,
0133,麻將,上一屆(2024/1/1前),13,200,2000000,2015-11-17,104/11/17,2016-05-17,105/05/17,2016-08-17,105/08/17,8160000,99.89%,8,1,957,04thinsetantsaleinfo201501320133,https://cdn.taiwanlottery.com.tw/app/FilesForDownload/TLCWeb/instant/images/45/IN1041112_small_0133.jpg,https://www.taiwanlottery.com/news/news/04thinsetantsaleinfo201501320133
133,虎虎生財,上一屆(2024/1/1前),0,100,300000,2010-01-04,99/01/04,2010-07-05,99/07/05,2010-10-05,99/10/05,3570000,99.96%,7,1,346,,https://cdn.taiwanlottery.com.tw/app/FilesForDownload/TLCWeb/3th_instant_images/images/62/133-small.jpg,
0132,大富翁,上一屆(2024/1/1前),10,500,5000000,2015-11-17,104/11/17,2016-05-17,105/05/17,2016-08-17,105/08/17,2000000,87.6%,2,0,956,04thinsetantsaleinfo201501320133,https://cdn.taiwanlottery.com.tw/app/FilesForDownload/TLCWeb/instant/images/45/IN1041112_small_0132.jpg,https://www.taiwanlottery.com/news/news/04thinsetantsaleinfo201501320133
132,黃金傳奇,上一屆(2024/1/1前),0,200,2000000,2009-12-15,98/12/15,2010-06-15,99/06/15,2010-09-16,99/09/16,2040000,100%,2,0,344,,https://cdn.taiwanlottery.com.tw/app/FilesForDownload/TLCWeb/3th_instant_images/images/61/132-small.jpg,
0131,籃球高手,上一屆(2024/1/1前),14,100,600000,2015-11-03,104/11/03,2016-05-03,105/05/03,2016-08-03,105/08/03,4080000,97.07%,4,1,955,04thinsetantsaleinfo201501300131,https://cdn.taiwanlottery.com.tw/app/FilesForDownload/TLCWeb/instant/images/44/IN1041026_small_0131.jpg,https://www.taiwanlottery.com/news/news/04thinsetantsaleinfo201501300131
131,好彩頭,上一屆(2024/1/1前),0,100,300000,2009-12-15,98/12/15,2010-06-15,99/06/15,2010-09-16,99/09/16,3059800,99.96%,6,1,343,,https://cdn.taiwanlottery.com.tw/app/FilesForDownload/TLCWeb/3th_instant_images/images/61/131-small.jpg,
0130,天生贏家,上一屆(2024/1/1前),9,300,1000000,2015-11-03,104/11/03,2016-05-03,105/05/03,2016-08-03,105/08/03,5100000,63.91%,14,3,954,04thinsetantsaleinfo201501300131,https://cdn.taiwanlottery.com.tw/app/FilesForDownload/TLCWeb/instant/images/44/IN1041026_small_0130.jpg,https://www.taiwanlottery.com/news/news/04thinsetantsaleinfo201501300131
130,超速777,上一屆(2024/1/1前),0,100,700000,2009-12-01,98/12/01,2010-06-01,99/06/01,2010-09-01,99/09/01,3060000,100%,3,0,342,,https://cdn.taiwanlottery.com.tw/app/FilesForDownload/TLCWeb/3th_instant_images/images/60/130-small.jpg,
0129,鈔票滿天飛,上一屆(2024/1/1前),10,200,2000000,2015-10-20,104/10/20,2016-04-20,105/04/20,2016-07-20,105/07/20,5100000,74.82%,4,0,952,04thinsetantsaleinfo201501280129,https://cdn.taiwanlottery.com.tw/app/FilesForDownload/TLCWeb/instant/images/43/IN1041012_small_0129.jpg,https://www.taiwanlottery.com/news/news/04thinsetantsaleinfo201501280129
129,聖誕快樂搖錢樹,上一屆(2024/1/1前),0,500,5000000,2009-12-01,98/12/01,2010-06-01,99/06/01,2010-09-01,99/09/01,1000000,100%,2,0,340,,https://cdn.taiwanlottery.com.tw/app/FilesForDownload/TLCWeb/3th_instant_images/images/60/129-small.jpg,
0128,黃金城,上一屆(2024/1/1前),9,500,5000000,2015-10-20,104/10/20,2016-04-20,105/04/20,2016-07-20,105/07/20,3000000,86.18%,3,2,953,04thinsetantsaleinfo201501280129,https://cdn.taiwanlottery.com.tw/app/FilesForDownload/TLCWeb/instant/images/43/IN1041012_small_0128.jpg,https://www.taiwanlottery.com/news/news/04thinsetantsaleinfo201501280129
128,百萬年終獎金,上一屆(2024/1/1前),0,100,1000000,2009-11-16,98/11/16,2010-05-17,99/05/17,2010-08-17,99/08/17,4080000,86.94%,4,0,339,,https://cdn.taiwanlottery.com.tw/app/FilesForDownload/TLCWeb/3th_instant_images/images/59/128-small.jpg,
0127,瘋狂888,上一屆(2024/1/1前),11,100,800000,2015-10-02,104/10/02,2016-04-06,105/04/06,2016-07-06,105/07/06,5100000,83.16%,4,1,949,04thinsetantsaleinfo201501260127,https://cdn.taiwanlottery.com.tw/app/FilesForDownload/TLCWeb/instant/images/42/IN1040922_small_0127.jpg,https://www.taiwanlottery.com/news/news/04thinsetantsaleinfo201501260127
127,超級777,上一屆(2024/1/1前),0,200,2000000,2009-11-02,98/11/02,2010-05-03,99/05/03,2010-08-03,99/08/03,3060000,100%,3,0,338,,https://cdn.taiwanlottery.com.tw/app/FilesForDownload/TLCWeb/3th_instant_images/images/58/127-small.jpg,
0126,十全十美,上一屆(2024/1/1前),11,200,2000000,2015-10-02,104/10/02,2016-04-06,105/04/06,2016-07-06,105/07/06,5100000,78.58%,4,0,948,04thinsetantsaleinfo201501260127,https://cdn.taiwanlottery.com.tw/app/FilesForDownload/TLCWeb/instant/images/42/IN1040922_small_0126.jpg,https://www.taiwanlottery.com/news/news/04thinsetantsaleinfo201501260127
126,釣大魚,上一屆(2024/1/1前),0,100,500000,2009-11-02,98/11/02,2010-05-03,99/05/03,2010-08-03,99/08/03,3060000,100%,3,0,337,,https://cdn.taiwanlottery.com.tw/app/FilesForDownload/TLCWeb/3th_instant_images/images/58/126-small.jpg,
0125,幸運輪盤,上一屆(2024/1/1前),12,200,2000000,2015-09-15,104/09/15,2016-03-15,105/03/15,2016-06-15,105/06/15,5100000,92.87%,5,0,947,04thinsetantsaleinfo201501240125,https://cdn.taiwanlottery.com.tw/app/FilesForDownload/TLCWeb/instant/images/41/IN1040904_small_0125.jpg,https://www.taiwanlottery.com/news/news/04thinsetantsaleinfo201501240125
125,21點,上一屆(2024/1/1前),0,100,800000,2009-10-15,98/10/15,2010-04-15,99/04/15,2010-07-15,99/07/15,3060000,99.93%,3,0,336,,https://cdn.taiwanlottery.com.tw/app/FilesForDownload/TLCWeb/3th_instant_images/images/57/125-small.jpg,
0124,象棋高手,上一屆(2024/1/1前),13,100,500000,2015-09-15,104/09/15,2016-03-15,105/03/15,2016-06-15,105/06/15,4080000,86.96%,4,1,946,04thinsetantsaleinfo201501240125,https://cdn.taiwanlottery.com.tw/app/FilesForDownload/TLCWeb/instant/images/41/IN1040904_small_0124.jpg,https://www.taiwanlottery.com/news/news/04thinsetantsaleinfo201501240125
124,海底尋寶,上一屆(2024/1/1前),0,200,2000000,2009-10-15,98/10/15,2010-04-15,99/04/15,2010-07-15,99/07/15,2040000,99.45%,2,0,335,,https://cdn.taiwanlottery.com.tw/app/FilesForDownload/TLCWeb/3th_instant_images/images/57/124-small.jpg,
0123,嫦娥也瘋狂,上一屆(2024/1/1前),11,200,2000000,2015-09-01,104/09/01,2016-03-01,105/03/01,2016-06-01,105/06/01,4080000,83.81%,4,0,944,04thinsetantsaleinfo201501220123,https://cdn.taiwanlottery.com.tw/app/FilesForDownload/TLCWeb/instant/images/40/IN1040824_small_0123.jpg,https://www.taiwanlottery.com/news/news/04thinsetantsaleinfo201501220123
123,蜜糖邦尼,上一屆(2024/1/1前),0,100,300000,2009-10-01,98/10/01,2010-04-01,99/04/01,2010-07-01,99/07/01,3060000,87.64%,6,2,334,,https://cdn.taiwanlottery.com.tw/app/FilesForDownload/TLCWeb/3th_instant_images/images/56/123-small.jpg,
0122,超速777,上一屆(2024/1/1前),12,100,700000,2015-09-01,104/09/01,2016-03-01,105/03/01,2016-06-01,105/06/01,5100000,99.87%,5,0,943,04thinsetantsaleinfo201501220123,https://cdn.taiwanlottery.com.tw/app/FilesForDownload/TLCWeb/instant/images/40/IN1040824_small_0122.jpg,https://www.taiwanlottery.com/news/news/04thinsetantsaleinfo201501220123
122,至尊王牌,上一屆(2024/1/1前),0,500,5000000,2009-10-01,98/10/01,2010-04-01,99/04/01,2010-07-01,99/07/01,1000000,99.94%,2,0,325,,https://cdn.taiwanlottery.com.tw/app/FilesForDownload/TLCWeb/3th_instant_images/images/56/122-small.jpg,
0121,超級777,上一屆(2024/1/1前),11,200,2000000,2015-08-18,104/08/18,2016-02-18,105/02/18,2016-05-18,105/05/18,4080000,99.9%,4,0,942,04thinsetantsaleinfo201501200121,https://cdn.taiwanlottery.com.tw/app/FilesForDownload/TLCWeb/instant/images/39/IN1040810_small_0121.jpg,https://www.taiwanlottery.com/news/news/04thinsetantsaleinfo201501200121
121,金雞母,上一屆(2024/1/1前),0,100,1000000,2009-09-15,98/09/15,2010-03-15,99/03/15,2010-06-15,99/06/15,4080000,97.47%,4,0,324,,https://cdn.taiwanlottery.com.tw/app/FilesForDownload/TLCWeb/3th_instant_images/images/55/121-small.jpg,
0120,招財貓,上一屆(2024/1/1前),9,100,300000,2015-08-18,104/08/18,2016-02-18,105/02/18,2016-05-18,105/05/18,4080000,89.89%,4,0,941,04thinsetantsaleinfo201501200121,https://cdn.taiwanlottery.com.tw/app/FilesForDownload/TLCWeb/instant/images/39/IN1040810_small_0120.jpg,https://www.taiwanlottery.com/news/news/04thinsetantsaleinfo201501200121
120,金鑽999,上一屆(2024/1/1前),0,200,2000000,2009-09-01,98/09/01,2010-03-01,99/03/01,2010-06-01,99/06/01,3060000,99.91%,3,0,321,,https://cdn.taiwanlottery.com.tw/app/FilesForDownload/TLCWeb/3th_instant_images/images/54/120-small.jpg,
0119,大麻將,上一屆(2024/1/1前),11,1000,10000000,2015-08-04,104/08/04,2016-02-04,105/02/04,2016-05-04,105/05/04,2500000,98.05%,1,0,940,04thinsetantsaleinfo201501180119,https://cdn.taiwanlottery.com.tw/app/FilesForDownload/TLCWeb/instant/images/38/IN1040730_small_0119.jpg,https://www.taiwanlottery.com/news/news/04thinsetantsaleinfo201501180119
119,好運連連,上一屆(2024/1/1前),0,100,300000,2009-09-01,98/09/01,2010-03-01,99/03/01,2010-06-01,99/06/01,3570000,66.10%,7,2,320,,https://cdn.taiwanlottery.com.tw/app/FilesForDownload/TLCWeb/3th_instant_images/images/54/119-small.jpg,
0118,喜從天降,上一屆(2024/1/1前),11,100,300000,2015-08-04,104/08/04,2016-02-04,105/02/04,2016-05-04,105/05/04,4080000,81.56%,8,3,939,04thinsetantsaleinfo201501180119,https://cdn.taiwanlottery.com.tw/app/FilesForDownload/TLCWeb/instant/images/38/IN1040730_small_0118.jpg,https://www.taiwanlottery.com/news/news/04thinsetantsaleinfo201501180119
118,瘋狂888,上一屆(2024/1/1前),0,100,800000,2009-08-17,98/08/17,2010-02-22,99/02/22,2010-05-24,99/05/24,3550500,66.35%,3,1,319,,https://cdn.taiwanlottery.com.tw/app/FilesForDownload/TLCWeb/3th_instant_images/images/53/118-small.jpg,
0117,無敵拉霸機,上一屆(2024/1/1前),9,300,3000000,2015-07-15,104/07/15,2016-01-15,105/01/15,2016-04-15,105/04/15,3570000,65.64%,3,0,938,04thinsetantsaleinfo201501160117,https://cdn.taiwanlottery.com.tw/app/FilesForDownload/TLCWeb/instant/images/37/IN1040707_small_0117.jpg,https://www.taiwanlottery.com/news/news/04thinsetantsaleinfo201501160117
117,麻將,上一屆(2024/1/1前),0,200,2000000,2009-08-17,98/08/17,2010-02-22,99/02/22,2010-05-24,99/05/24,2550000,99.84%,2,1,317,,https://cdn.taiwanlottery.com.tw/app/FilesForDownload/TLCWeb/3th_instant_images/images/53/117-small.jpg,
0116,台灣好神,上一屆(2024/1/1前),11,100,300000,2015-07-15,104/07/15,2016-01-15,105/01/15,2016-04-15,105/04/15,4080000,89.33%,4,1,937,04thinsetantsaleinfo201501160117,https://cdn.taiwanlottery.com.tw/app/FilesForDownload/TLCWeb/instant/images/37/IN1040707_small_0116.jpg,https://www.taiwanlottery.com/news/news/04thinsetantsaleinfo201501160117
116,富爸爸,上一屆(2024/1/1前),0,100,300000,2009-08-03,98/08/03,2010-02-03,99/02/03,2010-05-03,99/05/03,3315000,83.11%,7,0,314,,https://cdn.taiwanlottery.com.tw/app/FilesForDownload/TLCWeb/3th_instant_images/images/52/116-small.jpg,
0115,黃金連線,上一屆(2024/1/1前),8,200,2000000,2015-07-01,104/07/01,2016-01-04,105/01/04,2016-04-06,105/04/06,4080000,99.97%,4,0,936,04thinsetantsaleinfo201501140115,https://cdn.taiwanlottery.com.tw/app/FilesForDownload/TLCWeb/instant/images/36/IN1040623_small_0115.jpg,https://www.taiwanlottery.com/news/news/04thinsetantsaleinfo201501140115
115,富豪之旅,上一屆(2024/1/1前),0,500,5000000,2009-08-03,98/08/03,2010-02-03,99/02/03,2010-05-03,99/05/03,1000000,84.93%,2,0,313,,https://cdn.taiwanlottery.com.tw/app/FilesForDownload/TLCWeb/3th_instant_images/images/52/115-small.jpg,
0114,驚喜寶盒,上一屆(2024/1/1前),10,100,300000,2015-07-01,104/07/01,2016-01-04,105/01/04,2016-04-06,105/04/06,4077700,72.9%,4,1,935,04thinsetantsaleinfo201501140115,https://cdn.taiwanlottery.com.tw/app/FilesForDownload/TLCWeb/instant/images/36/IN1040623_small_0114.jpg,https://www.taiwanlottery.com/news/news/04thinsetantsaleinfo201501140115
114,賽豬公,上一屆(2024/1/1前),0,100,600000,2009-07-15,98/07/15,2010-01-15,99/01/15,2010-04-19,99/04/19,4080000,85.26%,4,0,312,,https://cdn.taiwanlottery.com.tw/app/FilesForDownload/TLCWeb/3th_instant_images/images/51/114-small.jpg,
0113,決勝21點,上一屆(2024/1/1前),11,200,2000000,2015-05-19,104/05/19,2015-11-19,104/11/19,2016-02-19,105/02/19,5942500,55.31%,4,3,929,04thinsetantsaleinfo201501120113,https://cdn.taiwanlottery.com.tw/app/FilesForDownload/TLCWeb/instant/images/34/IN1040511_small_0113.jpg,https://www.taiwanlottery.com/news/news/04thinsetantsaleinfo201501120113
113,熱錢,上一屆(2024/1/1前),0,100,1000000,2009-07-01,98/07/01,2010-01-04,99/01/04,2010-04-06,99/04/06,3060000,73.39%,2,0,309,,https://cdn.taiwanlottery.com.tw/app/FilesForDownload/TLCWeb/3th_instant_images/images/50/113-small.jpg,
0112,500萬慶端午,上一屆(2024/1/1前),10,500,5000000,2015-05-19,104/05/19,2015-11-19,104/11/19,2016-02-19,105/02/19,3000000,43.53%,3,1,928,04thinsetantsaleinfo201501120113,https://cdn.taiwanlottery.com.tw/app/FilesForDownload/TLCWeb/instant/images/34/IN1040511_small_0112.jpg,https://www.taiwanlottery.com/news/news/04thinsetantsaleinfo201501120113
112,HELLO KITTY,上一屆(2024/1/1前),0,200,1500000,2009-07-01,98/07/01,2010-01-04,99/01/04,2010-04-06,99/04/06,3060000,99.62%,3,0,311,,https://cdn.taiwanlottery.com.tw/app/FilesForDownload/TLCWeb/3th_instant_images/images/50/112-1.jpg,
111,超速777,上一屆(2024/1/1前),0,100,700000,2009-06-15,98/06/15,2009-12-15,98/12/15,2010-03-15,99/03/15,4078700,99.98%,4,0,306,,https://cdn.taiwanlottery.com.tw/app/FilesForDownload/TLCWeb/3th_instant_images/images/49/111-small.jpg,
0110,幸運777,上一屆(2024/1/1前),9,100,700000,2015-06-02,104/06/02,2015-12-02,104/12/02,2016-03-02,105/03/02,6069400,65.98%,6,3,931,04thinsetantsaleinfo201501060110,https://cdn.taiwanlottery.com.tw/app/FilesForDownload/TLCWeb/instant/images/35/IN1040525_small_0110.jpg,https://www.taiwanlottery.com/news/news/04thinsetantsaleinfo201501060110
110,世界冠軍,上一屆(2024/1/1前),0,200,2000000,2009-06-15,98/06/15,2009-12-15,98/12/15,2010-03-15,99/03/15,2040000,53.34%,2,2,305,,https://cdn.taiwanlottery.com.tw/app/FilesForDownload/TLCWeb/3th_instant_images/images/49/110-small.jpg,
0109,快樂媽咪,上一屆(2024/1/1前),14,500,3000000,2015-04-21,104/04/21,2015-10-21,104/10/21,2016-01-21,105/01/21,3000000,44.97%,3,1,927,04thinsetantsaleinfo201501080109,https://cdn.taiwanlottery.com.tw/app/FilesForDownload/TLCWeb/instant/images/33/IN1040413_small_0109.jpg,https://www.taiwanlottery.com/news/news/04thinsetantsaleinfo201501080109
109,寶島樂園,上一屆(2024/1/1前),0,100,300000,2009-06-01,98/06/01,2009-12-01,98/12/01,2010-03-01,99/03/01,3060000,72.17%,5,1,303,,https://cdn.taiwanlottery.com.tw/app/FilesForDownload/TLCWeb/3th_instant_images/images/48/109-small.jpg,
0108,紅不讓,上一屆(2024/1/1前),11,200,2000000,2015-04-21,104/04/21,2015-10-21,104/10/21,2016-01-21,105/01/21,5924000,43.35%,6,5,926,04thinsetantsaleinfo201501080109,https://cdn.taiwanlottery.com.tw/app/FilesForDownload/TLCWeb/instant/images/33/IN1040413_small_0108.jpg,https://www.taiwanlottery.com/news/news/04thinsetantsaleinfo201501080109
108,黃金城,上一屆(2024/1/1前),0,500,5000000,2009-06-01,98/06/01,2009-12-01,98/12/01,2010-03-01,99/03/01,1000000,95.60%,2,0,302,,https://cdn.taiwanlottery.com.tw/app/FilesForDownload/TLCWeb/3th_instant_images/images/48/108-small.jpg,
107,賽龍舟,上一屆(2024/1/1前),0,100,500000,2009-05-18,98/05/18,2009-11-18,98/11/18,2010-02-22,99/02/22,3060000,79.73%,3,1,300,,https://cdn.taiwanlottery.com.tw/app/FilesForDownload/TLCWeb/3th_instant_images/images/47/107-small.jpg,
0106,淘金熱,上一屆(2024/1/1前),11,200,2000000,2015-06-02,104/06/02,2015-12-02,104/12/02,2016-03-02,105/03/02,7140000,23.30%,7,6,932,04thinsetantsaleinfo201501060110,https://cdn.taiwanlottery.com.tw/app/FilesForDownload/TLCWeb/instant/images/35/IN1040525_small_0106.jpg,https://www.taiwanlottery.com/news/news/04thinsetantsaleinfo201501060110
106,鈔票滿天飛,上一屆(2024/1/1前),0,200,2000000,2009-05-18,98/05/18,2009-11-18,98/11/18,2010-02-22,99/02/22,2040000,83.54%,2,0,298,,https://cdn.taiwanlottery.com.tw/app/FilesForDownload/TLCWeb/3th_instant_images/images/47/106-small.jpg,
0105,金雞母,上一屆(2024/1/1前),13,100,1000000,2015-03-24,104/03/24,2015-09-24,104/09/24,2015-12-24,104/12/24,6098400,59.84%,4,3,925,04thinsetantsaleinfo201500950105,https://cdn.taiwanlottery.com.tw/app/FilesForDownload/TLCWeb/instant/images/32/IN1040316_small_0105.jpg,https://www.taiwanlottery.com/news/news/04thinsetantsaleinfo201500950105
105,金銀島,上一屆(2024/1/1前),0,200,2000000,2009-05-04,98/05/04,2009-11-04,98/11/04,2010-02-04,99/02/04,2295000,64.03%,2,0,295,,https://cdn.taiwanlottery.com.tw/app/FilesForDownload/TLCWeb/3th_instant_images/images/46/105-small.jpg,
104,光泉奉茶 錢來也,上一屆(2024/1/1前),0,100,300000,2009-05-04,98/05/04,2009-11-04,98/11/04,2010-02-04,99/02/04,4080000,95.05%,8,0,293,,https://cdn.taiwanlottery.com.tw/app/FilesForDownload/TLCWeb/3th_instant_images/images/46/104-small.jpg,
0103,黃金24K,上一屆(2024/1/1前),12,200,2000000,2015-03-10,104/03/10,2015-09-10,104/09/10,2015-12-10,104/12/10,12240000,19.42%,12,9,923,04thinsetantsaleinfo201500750103,https://cdn.taiwanlottery.com.tw/app/FilesForDownload/TLCWeb/instant/images/31/IN1040305_small_0103.jpg,https://www.taiwanlottery.com/news/news/04thinsetantsaleinfo201500750103
103,幸運777,上一屆(2024/1/1前),0,100,700000,2009-04-15,98/04/15,2009-10-15,98/10/15,2010-01-15,99/01/15,3315000,92.25%,3,1,289,,https://cdn.taiwanlottery.com.tw/app/FilesForDownload/TLCWeb/3th_instant_images/images/45/103-small.jpg,
102,發發發,上一屆(2024/1/1前),0,200,2000000,2009-04-15,98/04/15,2009-10-15,98/10/15,2010-01-15,99/01/15,2295000,77.48%,2,0,292,,https://cdn.taiwanlottery.com.tw/app/FilesForDownload/TLCWeb/3th_instant_images/images/45/102-small.jpg,
101,春天吶喊,上一屆(2024/1/1前),0,100,300000,2009-04-01,98/04/01,2009-10-01,98/10/01,2010-01-04,99/01/04,3570000,72.46%,7,3,284,,https://cdn.taiwanlottery.com.tw/app/FilesForDownload/TLCWeb/3th_instant_images/images/44/101-small.jpg,
0100,幸福滿天,上一屆(2024/1/1前),9,100,300000,2015-02-24,104/02/24,2015-08-24,104/08/24,2015-11-24,104/11/24,12240000,30.98%,18,11,918,04thinsetantsaleinfo201500990100,https://cdn.taiwanlottery.com.tw/app/FilesForDownload/TLCWeb/instant/images/30/IN1040213_small_0100.jpg,https://www.taiwanlottery.com/news/news/04thinsetantsaleinfo201500990100
100,王牌高手,上一屆(2024/1/1前),0,200,2000000,2009-04-01,98/04/01,2009-10-01,98/10/01,2010-01-04,99/01/04,2550000,73.43%,3,0,283,,https://cdn.taiwanlottery.com.tw/app/FilesForDownload/TLCWeb/3th_instant_images/images/44/100-small.jpg,
0099,開春大吉,上一屆(2024/1/1前),12,200,1500000,2015-02-24,104/02/24,2015-08-24,104/08/24,2015-11-24,104/11/24,9180000,44.84%,5,3,917,04thinsetantsaleinfo201500990100,https://cdn.taiwanlottery.com.tw/app/FilesForDownload/TLCWeb/instant/images/30/IN1040213_small_0099.jpg,https://www.taiwanlottery.com/news/news/04thinsetantsaleinfo201500990100
099,旺旺來,上一屆(2024/1/1前),0,100,300000,2009-03-16,98/03/16,2009-09-16,98/09/16,2009-12-16,98/12/16,3293500,99.37%,7,1,277,,https://cdn.taiwanlottery.com.tw/app/FilesForDownload/TLCWeb/3th_instant_images/images/43/099-small.jpg,
0098,年年有魚,上一屆(2024/1/1前),13,100,500000,2015-02-12,104/02/12,2015-08-12,104/08/12,2015-11-12,104/11/12,7140000,93.47%,7,0,916,04thinsetantsaleinfo201500960098,https://cdn.taiwanlottery.com.tw/app/FilesForDownload/TLCWeb/instant/images/29/IN1040209_small_0098.jpg,https://www.taiwanlottery.com/news/news/04thinsetantsaleinfo201500960098
098,海底尋寶,上一屆(2024/1/1前),0,200,2000000,2009-03-16,98/03/16,2009-09-16,98/09/16,2009-12-16,98/12/16,2245200,99.57%,2,0,275,,https://cdn.taiwanlottery.com.tw/app/FilesForDownload/TLCWeb/3th_instant_images/images/43/098-small.jpg,
0097,五福臨門,上一屆(2024/1/1前),10,500,5000000,2015-02-12,104/02/12,2015-08-12,104/08/12,2015-11-12,104/11/12,3000000,89.27%,4,0,915,04thinsetantsaleinfo201500960098,https://cdn.taiwanlottery.com.tw/app/FilesForDownload/TLCWeb/instant/images/29/IN1040209_small_0097.jpg,https://www.taiwanlottery.com/news/news/04thinsetantsaleinfo201500960098
097,金包銀,上一屆(2024/1/1前),0,100,1000000,2009-03-02,98/03/02,2009-09-02,98/09/02,2009-12-02,98/12/02,3569900,82.87%,3,1,273,,https://cdn.taiwanlottery.com.tw/app/FilesForDownload/TLCWeb/3th_instant_images/images/42/097-small.jpg,
0096,旺旺來,上一屆(2024/1/1前),10,100,300000,2015-02-12,104/02/12,2015-08-12,104/08/12,2015-11-12,104/11/12,17340000,34.22%,28,16,914,04thinsetantsaleinfo201500960098,https://cdn.taiwanlottery.com.tw/app/FilesForDownload/TLCWeb/instant/images/29/IN1040209_small_0096.jpg,https://www.taiwanlottery.com/news/news/04thinsetantsaleinfo201500960098
096,皇家俱樂部,上一屆(2024/1/1前),0,500,5000000,2009-03-02,98/03/02,2009-09-02,98/09/02,2009-12-02,98/12/02,1250000,93.78%,2,0,272,,https://cdn.taiwanlottery.com.tw/app/FilesForDownload/TLCWeb/3th_instant_images/images/42/096-small.jpg,
0095,麻將,上一屆(2024/1/1前),13,200,2000000,2015-03-24,104/03/24,2015-09-24,104/09/24,2015-12-24,104/12/24,15300000,99.88%,15,1,924,04thinsetantsaleinfo201500950105,https://cdn.taiwanlottery.com.tw/app/FilesForDownload/TLCWeb/instant/images/32/IN1040316_small_0095.jpg,https://www.taiwanlottery.com/news/news/04thinsetantsaleinfo201500950105
095,幸福御守,上一屆(2024/1/1前),0,100,500000,2009-02-16,98/02/16,2009-08-17,98/08/17,2009-11-17,98/11/17,3315000,98.20%,3,0,269,,https://cdn.taiwanlottery.com.tw/app/FilesForDownload/TLCWeb/3th_instant_images/images/41/095-small.jpg,
0094,大麻將,上一屆(2024/1/1前),11,1000,10000000,2015-02-03,104/02/03,2015-08-03,104/08/03,2015-11-03,104/11/03,5500000,99.77%,3,0,913,04thinsetantsaleinfo201500910094,https://cdn.taiwanlottery.com.tw/app/FilesForDownload/TLCWeb/instant/images/28/IN1040129_small_0094.jpg,https://www.taiwanlottery.com/news/news/04thinsetantsaleinfo201500910094
094,超級黑傑克,上一屆(2024/1/1前),0,200,2000000,2009-02-16,98/02/16,2009-08-17,98/08/17,2009-11-17,98/11/17,1983000,85.02%,2,0,268,,https://cdn.taiwanlottery.com.tw/app/FilesForDownload/TLCWeb/3th_instant_images/images/41/094-small.jpg,
0093,天生一對,上一屆(2024/1/1前),11,100,300000,2015-02-03,104/02/03,2015-08-03,104/08/03,2015-11-03,104/11/03,8160000,70.41%,12,3,912,04thinsetantsaleinfo201500910094,https://cdn.taiwanlottery.com.tw/app/FilesForDownload/TLCWeb/instant/images/28/IN1040129_small_0093.jpg,https://www.taiwanlottery.com/news/news/04thinsetantsaleinfo201500910094
093,甜蜜蜜,上一屆(2024/1/1前),0,100,300000,2009-02-02,98/02/02,2009-08-03,98/08/03,2009-11-03,98/11/03,3570000,99.72%,6,1,264,,https://cdn.taiwanlottery.com.tw/app/FilesForDownload/TLCWeb/3th_instant_images/images/40/093-small.jpg,
0092,棋王,上一屆(2024/1/1前),10,500,5000000,2015-02-03,104/02/03,2015-08-03,104/08/03,2015-11-03,104/11/03,5500000,59.95%,5,3,911,04thinsetantsaleinfo201500910094,https://cdn.taiwanlottery.com.tw/app/FilesForDownload/TLCWeb/instant/images/28/IN1040129_small_0092.jpg,https://www.taiwanlottery.com/news/news/04thinsetantsaleinfo201500910094
092,璀璨鑽石,上一屆(2024/1/1前),0,200,2000000,2009-02-02,98/02/02,2009-08-03,98/08/03,2009-11-03,98/11/03,2295000,97.31%,2,0,250,,https://cdn.taiwanlottery.com.tw/app/FilesForDownload/TLCWeb/3th_instant_images/images/40/092-small.jpg,
0091,三羊開泰,上一屆(2024/1/1前),10,300,3000000,2015-02-03,104/02/03,2015-08-03,104/08/03,2015-11-03,104/11/03,6120000,64.07%,6,3,910,04thinsetantsaleinfo201500910094,https://cdn.taiwanlottery.com.tw/app/FilesForDownload/TLCWeb/instant/images/28/IN1040129_small_0091.jpg,https://www.taiwanlottery.com/news/news/04thinsetantsaleinfo201500910094
091,$1200萬 恭賀新禧 ,上一屆(2024/1/1前),0,1000,12000000,2009-01-15,98/01/15,2009-07-15,98/07/15,2009-10-15,98/10/15,1250000,99.98%,1,0,248,,https://cdn.taiwanlottery.com.tw/app/FilesForDownload/TLCWeb/3th_instant_images/images/39/091-small.jpg,
0090,迎財神,上一屆(2024/1/1前),13,100,800000,2015-01-23,104/01/23,2015-07-23,104/07/23,2015-10-23,104/10/23,6120000,97.50%,4,0,909,04thinsetantsaleinfo201500860090,https://cdn.taiwanlottery.com.tw/app/FilesForDownload/TLCWeb/instant/images/27/IN1040120_small_0090.jpg,https://www.taiwanlottery.com/news/news/04thinsetantsaleinfo201500860090
090,恭喜發財,上一屆(2024/1/1前),0,200,2000000,2009-01-15,98/01/15,2009-07-15,98/07/15,2009-10-15,98/10/15,2040000,97.67%,2,1,226,,https://cdn.taiwanlottery.com.tw/app/FilesForDownload/TLCWeb/3th_instant_images/images/39/090-small.jpg,
0089,"$2,600萬超級紅包",上一屆(2024/1/1前),8,2000,26000000,2015-01-23,104/01/23,2015-07-23,104/07/23,2015-10-23,104/10/23,4499955,99.99%,2,0,908,04thinsetantsaleinfo201500860090,https://cdn.taiwanlottery.com.tw/app/FilesForDownload/TLCWeb/instant/images/27/IN1040120_small_0089.jpg,https://www.taiwanlottery.com/news/news/04thinsetantsaleinfo201500860090
089,財神到,上一屆(2024/1/1前),0,100,800000,2009-01-15,98/01/15,2009-07-15,98/07/15,2009-10-15,98/10/15,4080000,99.97%,4,0,227,,https://cdn.taiwanlottery.com.tw/app/FilesForDownload/TLCWeb/3th_instant_images/images/39/089-small.jpg,
0088,紅包一把抓,上一屆(2024/1/1前),9,300,3000000,2015-01-23,104/01/23,2015-07-23,104/07/23,2015-10-23,104/10/23,9180000,38.12%,9,4,907,04thinsetantsaleinfo201500860090,https://cdn.taiwanlottery.com.tw/app/FilesForDownload/TLCWeb/instant/images/27/IN1040120_small_0088.jpg,https://www.taiwanlottery.com/news/news/04thinsetantsaleinfo201500860090
088,幸運星座,上一屆(2024/1/1前),0,100,300000,2009-01-05,98/01/05,2009-07-02,98/07/02,2009-10-02,98/10/02,3060000,85.54%,6,0,217,,https://cdn.taiwanlottery.com.tw/app/FilesForDownload/TLCWeb/3th_instant_images/images/38/088-small.jpg,
0087,花開富貴,上一屆(2024/1/1前),12,200,2000000,2015-01-23,104/01/23,2015-07-23,104/07/23,2015-10-23,104/10/23,9180000,54.42%,9,3,906,04thinsetantsaleinfo201500860090,https://cdn.taiwanlottery.com.tw/app/FilesForDownload/TLCWeb/instant/images/27/IN1040120_small_0087.jpg,https://www.taiwanlottery.com/news/news/04thinsetantsaleinfo201500860090
087,麻將,上一屆(2024/1/1前),0,200,2000000,2009-01-05,98/01/05,2009-07-02,98/07/02,2009-10-02,98/10/02,2040000,99.93%,2,0,218,,https://cdn.taiwanlottery.com.tw/app/FilesForDownload/TLCWeb/3th_instant_images/images/38/087-small.jpg,
0086,聚寶盆,上一屆(2024/1/1前),9,100,500000,2015-01-23,104/01/23,2015-07-23,104/07/23,2015-10-23,104/10/23,6120000,97.03%,10,3,905,04thinsetantsaleinfo201500860090,https://cdn.taiwanlottery.com.tw/app/FilesForDownload/TLCWeb/instant/images/27/IN1040120_small_0086.jpg,https://www.taiwanlottery.com/news/news/04thinsetantsaleinfo201500860090
086,新年快樂,上一屆(2024/1/1前),0,500,3000000,2009-01-05,98/01/05,2009-07-02,98/07/02,2009-10-02,98/10/02,1500000,99.97%,2,0,213,,https://cdn.taiwanlottery.com.tw/app/FilesForDownload/TLCWeb/3th_instant_images/images/38/086-small.jpg,
0085,金玉滿堂,上一屆(2024/1/1前),11,200,2000000,2015-01-13,104/01/13,2015-07-13,104/07/13,2015-10-13,104/10/13,9180000,47.16%,8,1,904,04thinsetantsaleinfo201500760085,https://cdn.taiwanlottery.com.tw/app/FilesForDownload/TLCWeb/instant/images/26/IN1040108_small_0085.jpg,https://www.taiwanlottery.com/news/news/04thinsetantsaleinfo201500760085
085,牛轉錢坤,上一屆(2024/1/1前),0,100,500000,2009-01-05,98/01/05,2009-07-02,98/07/02,2009-10-02,98/10/02,3570000,99.91%,3,1,211,,https://cdn.taiwanlottery.com.tw/app/FilesForDownload/TLCWeb/3th_instant_images/images/38/085-small.jpg,
0084,新年快樂,上一屆(2024/1/1前),14,500,3000000,2015-01-05,104/01/05,2015-07-02,104/07/02,2015-10-02,104/10/02,3500000,98.05%,3,0,898,04thinsetantsaleinfo201500770084,https://cdn.taiwanlottery.com.tw/app/FilesForDownload/TLCWeb/instant/images/25/IN1031229_small_0084.jpg,https://www.taiwanlottery.com/news/news/04thinsetantsaleinfo201500770084
084,賽豬公,上一屆(2024/1/1前),0,100,600000,2008-12-15,97/12/15,2009-06-15,98/06/15,2009-09-15,98/09/15,3506100,99.97%,3,0,208,,https://cdn.taiwanlottery.com.tw/app/FilesForDownload/TLCWeb/3th_instant_images/images/37/084-small.jpg,
0083,羊羊得意,上一屆(2024/1/1前),11,200,2000000,2015-01-13,104/01/13,2015-07-13,104/07/13,2015-10-13,104/10/13,10200000,57.57%,10,4,903,04thinsetantsaleinfo201500760085,https://cdn.taiwanlottery.com.tw/app/FilesForDownload/TLCWeb/instant/images/26/IN1040108_small_0083.jpg,https://www.taiwanlottery.com/news/news/04thinsetantsaleinfo201500760085
083,拉斯維加斯,上一屆(2024/1/1前),0,200,2000000,2008-12-15,97/12/15,2009-06-15,98/06/15,2009-09-15,98/09/15,2040000,63.54%,2,2,207,,https://cdn.taiwanlottery.com.tw/app/FilesForDownload/TLCWeb/3th_instant_images/images/37/083-small.jpg,
0082,好彩頭,上一屆(2024/1/1前),11,100,300000,2015-01-13,104/01/13,2015-07-13,104/07/13,2015-10-13,104/10/13,17340000,57.40%,25,13,902,04thinsetantsaleinfo201500760085,https://cdn.taiwanlottery.com.tw/app/FilesForDownload/TLCWeb/instant/images/26/IN1040108_small_0082.jpg,https://www.taiwanlottery.com/news/news/04thinsetantsaleinfo201500760085
082,百萬年終獎金,上一屆(2024/1/1前),0,100,1000000,2008-12-01,97/12/01,2009-06-01,98/06/01,2009-09-01,98/09/01,3570000,86.06%,3,0,201,,https://cdn.taiwanlottery.com.tw/app/FilesForDownload/TLCWeb/3th_instant_images/images/36/082-small.jpg,
0081,金幣大作戰,上一屆(2024/1/1前),11,300,3000000,2015-01-13,104/01/13,2015-07-13,104/07/13,2015-10-13,104/10/13,11220000,29.26%,11,5,901,04thinsetantsaleinfo201500760085,https://cdn.taiwanlottery.com.tw/app/FilesForDownload/TLCWeb/instant/images/26/IN1040108_small_0081.jpg,https://www.taiwanlottery.com/news/news/04thinsetantsaleinfo201500760085
081,$500萬聖誕獎金,上一屆(2024/1/1前),0,500,5000000,2008-12-01,97/12/01,2009-06-01,98/06/01,2009-09-01,98/09/01,1000000,93.99%,2,0,204,,https://cdn.taiwanlottery.com.tw/app/FilesForDownload/TLCWeb/3th_instant_images/images/36/081-small.jpg,
0080,黃金連線,上一屆(2024/1/1前),8,200,2000000,2015-01-05,104/01/05,2015-07-02,104/07/02,2015-10-02,104/10/02,11220000,99.87%,10,0,897,04thinsetantsaleinfo201500770084,https://cdn.taiwanlottery.com.tw/app/FilesForDownload/TLCWeb/instant/images/25/IN1031229_small_0080.jpg,https://www.taiwanlottery.com/news/news/04thinsetantsaleinfo201500770084
080,淘金熱,上一屆(2024/1/1前),0,200,2000000,2008-11-17,97/11/17,2009-05-18,98/05/18,2009-08-18,98/08/18,2528800,53.58%,3,2,189,,https://cdn.taiwanlottery.com.tw/app/FilesForDownload/TLCWeb/3th_instant_images/images/35/080-small.jpg,
0079,"$1,200萬大吉利",上一屆(2024/1/1前),12,1000,12000000,2015-01-05,104/01/05,2015-07-02,104/07/02,2015-10-02,104/10/02,3000000,99.96%,2,0,896,04thinsetantsaleinfo201500770084,https://cdn.taiwanlottery.com.tw/app/FilesForDownload/TLCWeb/instant/images/25/IN1031229_small_0079.jpg,https://www.taiwanlottery.com/news/news/04thinsetantsaleinfo201500770084
079,超速777,上一屆(2024/1/1前),0,100,700000,2008-11-17,97/11/17,2009-05-18,98/05/18,2009-08-18,98/08/18,3570000,99.99%,3,0,188,,https://cdn.taiwanlottery.com.tw/app/FilesForDownload/TLCWeb/3th_instant_images/images/35/079-small.jpg,
0078,喜洋羊,上一屆(2024/1/1前),11,100,300000,2015-03-10,104/03/10,2015-08-12,104/08/12,2015-11-12,104/11/12,16665700,16.85%,24,23,921,04thinsetantsaleinfo201500750103,https://cdn.taiwanlottery.com.tw/app/FilesForDownload/TLCWeb/instant/images/31/IN1040305_small_0078.jpg,https://www.taiwanlottery.com/news/news/04thinsetantsaleinfo201500750103
078,賽車高手,上一屆(2024/1/1前),0,200,2000000,2008-11-03,97/11/03,2009-05-04,98/05/04,2009-08-04,98/08/04,2550000,38.01%,3,3,186,,https://cdn.taiwanlottery.com.tw/app/FilesForDownload/TLCWeb/3th_instant_images/images/34/078-small.jpg,
0077,超級年終獎金,上一屆(2024/1/1前),12,200,1500000,2015-01-05,104/01/05,2015-07-02,104/07/02,2015-10-02,104/10/02,11220000,85.14%,10,1,895,04thinsetantsaleinfo201500770084,https://cdn.taiwanlottery.com.tw/app/FilesForDownload/TLCWeb/instant/images/25/IN1031229_small_0077.jpg,https://www.taiwanlottery.com/news/news/04thinsetantsaleinfo201500770084
077,時來運轉,上一屆(2024/1/1前),0,100,300000,2008-11-03,97/11/03,2009-05-04,98/05/04,2009-08-04,98/08/04,3570000,64.95%,7,1,185,,https://cdn.taiwanlottery.com.tw/app/FilesForDownload/TLCWeb/3th_instant_images/images/34/077-small.jpg,
0076,金羊奬,上一屆(2024/1/1前),14,500,3000000,2015-01-13,104/01/13,2015-07-13,104/07/13,2015-10-13,104/10/13,6000000,91.71%,6,0,900,04thinsetantsaleinfo201500760085,https://cdn.taiwanlottery.com.tw/app/FilesForDownload/TLCWeb/instant/images/26/IN1040108_small_0076.jpg,https://www.taiwanlottery.com/news/news/04thinsetantsaleinfo201500760085
076,瘋狂888,上一屆(2024/1/1前),0,100,800000,2008-10-16,97/10/16,2009-04-16,98/04/16,2009-07-16,98/07/16,3480900,83.22%,3,0,183,,https://cdn.taiwanlottery.com.tw/app/FilesForDownload/TLCWeb/3th_instant_images/images/33/076-small.jpg,
0075,找到錢,上一屆(2024/1/1前),10,100,300000,2015-03-10,104/03/10,2015-08-24,104/08/24,2015-11-24,104/11/24,11817300,20.14%,18,14,919,04thinsetantsaleinfo201500750103,https://cdn.taiwanlottery.com.tw/app/FilesForDownload/TLCWeb/instant/images/31/IN1040305_small_0075.jpg,https://www.taiwanlottery.com/news/news/04thinsetantsaleinfo201500750103
075,璀璨鑽石,上一屆(2024/1/1前),0,200,2000000,2008-10-16,97/10/16,2009-04-16,98/04/16,2009-07-16,98/07/16,2550000,55.05%,2,0,184,,https://cdn.taiwanlottery.com.tw/app/FilesForDownload/TLCWeb/3th_instant_images/images/33/075-small.jpg,
0074,奇人密碼,上一屆(2024/1/1前),10,200,2000000,2014-12-16,103/12/16,2015-06-16,104/06/16,2015-09-16,104/09/16,7140000,55.77%,6,4,894,04thinsetantsaleinfo201400740000,https://cdn.taiwanlottery.com.tw/app/FilesForDownload/TLCWeb/instant/images/24/IN1031205_small_0074.jpg,https://www.taiwanlottery.com/news/news/04thinsetantsaleinfo201400740000
074,金色摩天輪,上一屆(2024/1/1前),0,100,300000,2008-10-01,97/10/01,2009-04-01,98/04/01,2009-07-01,98/07/01,3504200,66.38%,7,4,176,,https://cdn.taiwanlottery.com.tw/app/FilesForDownload/TLCWeb/3th_instant_images/images/32/074-small.jpg,
0073,聖誕嘉年華,上一屆(2024/1/1前),10,500,5000000,2014-12-02,103/12/02,2015-06-02,104/06/02,2015-09-02,104/09/02,3000000,85.76%,3,0,893,04thinsetantsaleinfo201400730000,https://cdn.taiwanlottery.com.tw/app/FilesForDownload/TLCWeb/instant/images/23/IN1031126_small_0073.jpg,https://www.taiwanlottery.com/news/news/04thinsetantsaleinfo201400730000
073,$500萬樂翻天,上一屆(2024/1/1前),0,500,5000000,2008-10-01,97/10/01,2009-04-01,98/04/01,2009-07-01,98/07/01,1500000,75.75%,3,1,175,,https://cdn.taiwanlottery.com.tw/app/FilesForDownload/TLCWeb/3th_instant_images/images/32/073-small.jpg,
072,全壘打,上一屆(2024/1/1前),0,100,600000,2008-09-15,97/09/15,2009-03-16,98/03/16,2009-06-16,98/06/16,3570000,85.75%,3,1,173,,https://cdn.taiwanlottery.com.tw/app/FilesForDownload/TLCWeb/3th_instant_images/images/31/072-small.jpg,
071,黃金麻將,上一屆(2024/1/1前),0,200,2000000,2008-09-15,97/09/15,2009-03-16,98/03/16,2009-06-16,98/06/16,2550000,88.82%,2,0,171,,https://cdn.taiwanlottery.com.tw/app/FilesForDownload/TLCWeb/3th_instant_images/images/31/071-small.jpg,
0070,象棋高手,上一屆(2024/1/1前),13,100,500000,2014-11-04,103/11/04,2015-05-04,104/05/04,2015-08-04,104/08/04,7140000,96.51%,7,0,891,04thinsetantsaleinfo201400700000,https://cdn.taiwanlottery.com.tw/app/FilesForDownload/TLCWeb/instant/images/22/IN1031027_small_0070.jpg,https://www.taiwanlottery.com/news/news/04thinsetantsaleinfo201400700000
070,黃金傳奇,上一屆(2024/1/1前),0,200,2000000,2008-09-01,97/09/01,2009-03-02,98/03/02,2009-06-02,98/06/02,2461550,56.66%,3,2,168,,https://cdn.taiwanlottery.com.tw/app/FilesForDownload/TLCWeb/3th_instant_images/images/30/070-small.jpg,
0069,無敵拉霸機,上一屆(2024/1/1前),9,300,3000000,2014-10-21,103/10/21,2015-04-21,104/04/21,2015-07-21,104/07/21,7093600,74.92%,7,1,889,04thinsetantsaleinfo201400690000,https://cdn.taiwanlottery.com.tw/app/FilesForDownload/TLCWeb/instant/images/21/IN1031015_small_0069.jpg,https://www.taiwanlottery.com/news/news/04thinsetantsaleinfo201400690000
069,嫦娥下凡,上一屆(2024/1/1前),0,100,300000,2008-09-01,97/09/01,2009-03-02,98/03/02,2009-06-02,98/06/02,3570000,64.80%,7,4,166,,https://cdn.taiwanlottery.com.tw/app/FilesForDownload/TLCWeb/3th_instant_images/images/30/069-small.jpg,
068,奧運金牌,上一屆(2024/1/1前),0,200,2000000,2008-08-01,97/08/01,2009-02-02,98/02/02,2009-05-04,98/05/04,2550000,52.54%,2,2,165,,https://cdn.taiwanlottery.com.tw/app/FilesForDownload/TLCWeb/3th_instant_images/images/29/068-previewinstant.jpg,
067,金雞母,上一屆(2024/1/1前),0,100,1000000,2008-08-01,97/08/01,2009-02-02,98/02/02,2009-05-04,98/05/04,3570000,90.72%,3,0,164,,https://cdn.taiwanlottery.com.tw/app/FilesForDownload/TLCWeb/3th_instant_images/images/29/067-previewinstant.jpg,
066,金錢帝國,上一屆(2024/1/1前),0,500,5000000,2008-08-01,97/08/01,2009-02-02,98/02/02,2009-05-04,98/05/04,1500000,62.93%,3,1,148,,https://cdn.taiwanlottery.com.tw/app/FilesForDownload/TLCWeb/3th_instant_images/images/29/066-previewinstant.jpg,
065,黃金假期,上一屆(2024/1/1前),0,100,300000,2008-07-01,97/07/01,2009-01-05,98/01/05,2009-04-06,98/04/06,3570000,67.64%,7,2,144,,https://cdn.taiwanlottery.com.tw/app/FilesForDownload/TLCWeb/3th_instant_images/images/28/065-small.jpg,
0064,金鑽999,上一屆(2024/1/1前),10,200,2000000,2014-09-02,103/09/02,2015-03-02,104/03/02,2015-06-02,104/06/02,7140000,75.79%,5,2,888,04thinsetantsaleinfo201400630064,https://cdn.taiwanlottery.com.tw/app/FilesForDownload/TLCWeb/instant/images/20/IN1030822_small_0064.jpg,https://www.taiwanlottery.com/news/news/04thinsetantsaleinfo201400630064
064,超速777,上一屆(2024/1/1前),0,100,700000,2008-07-01,97/07/01,2009-01-05,98/01/05,2009-04-06,98/04/06,3570000,99.82%,3,0,143,,https://cdn.taiwanlottery.com.tw/app/FilesForDownload/TLCWeb/3th_instant_images/images/28/064-small.jpg,
0063,水果樂園,上一屆(2024/1/1前),8,100,300000,2014-09-02,103/09/02,2015-03-02,104/03/02,2015-06-02,104/06/02,7140000,87.89%,6,2,887,04thinsetantsaleinfo201400630064,https://cdn.taiwanlottery.com.tw/app/FilesForDownload/TLCWeb/instant/images/20/IN1030822_small_0063.jpg,https://www.taiwanlottery.com/news/news/04thinsetantsaleinfo201400630064
063,超級777,上一屆(2024/1/1前),0,200,2000000,2008-07-01,97/07/01,2009-01-05,98/01/05,2009-04-06,98/04/06,2550000,66.27%,3,0,142,,https://cdn.taiwanlottery.com.tw/app/FilesForDownload/TLCWeb/3th_instant_images/images/28/063-small.jpg,
0062,花好月圓,上一屆(2024/1/1前),11,200,2000000,2014-08-19,103/08/19,2015-02-24,104/02/24,2015-05-26,104/05/26,7121300,43.54%,7,2,886,04thinsetantsaleinfo201400560062,https://cdn.taiwanlottery.com.tw/app/FilesForDownload/TLCWeb/instant/images/19/IN1030808_small_0062.jpg,https://www.taiwanlottery.com/news/news/04thinsetantsaleinfo201400560062
062,金包銀,上一屆(2024/1/1前),0,100,1000000,2008-06-16,97/06/16,2008-12-16,97/12/16,2009-03-16,98/03/16,3570000,58.85%,3,0,135,,https://cdn.taiwanlottery.com.tw/app/FilesForDownload/TLCWeb/3th_instant_images/images/27/062-small.jpg,
0061,金喜迎中秋,上一屆(2024/1/1前),10,500,5000000,2014-08-19,103/08/19,2015-02-24,104/02/24,2015-05-26,104/05/26,3500000,87.26%,4,2,884,04thinsetantsaleinfo201400560062,https://cdn.taiwanlottery.com.tw/app/FilesForDownload/TLCWeb/instant/images/19/IN1030808_small_0061.jpg,https://www.taiwanlottery.com/news/news/04thinsetantsaleinfo201400560062
061,王牌大贏家,上一屆(2024/1/1前),0,200,2000000,2008-06-16,97/06/16,2008-12-16,97/12/16,2009-03-16,98/03/16,2550000,41.95%,2,1,134,,https://cdn.taiwanlottery.com.tw/app/FilesForDownload/TLCWeb/3th_instant_images/images/27/061-small.jpg,
0060,瘋狂888,上一屆(2024/1/1前),11,100,800000,2014-08-05,103/08/05,2015-02-05,104/02/05,2015-05-05,104/05/05,7140000,88.79%,6,0,877,04thinsetantsaleinfo201400590060,https://cdn.taiwanlottery.com.tw/app/FilesForDownload/TLCWeb/instant/images/18/IN1030725_small_0060.jpg,https://www.taiwanlottery.com/news/news/04thinsetantsaleinfo201400590060
060,發財御守,上一屆(2024/1/1前),0,100,300000,2008-06-02,97/06/02,2008-12-02,97/12/02,2009-03-02,98/03/02,3570000,85.57%,7,2,132,,https://cdn.taiwanlottery.com.tw/app/FilesForDownload/TLCWeb/3th_instant_images/images/26/060-small.jpg,
0059,一路發,上一屆(2024/1/1前),11,200,2000000,2014-08-05,103/08/05,2015-02-05,104/02/05,2015-05-05,104/05/05,7140000,80.03%,7,1,876,04thinsetantsaleinfo201400590060,https://cdn.taiwanlottery.com.tw/app/FilesForDownload/TLCWeb/instant/images/18/IN1030725_small_0059.jpg,https://www.taiwanlottery.com/news/news/04thinsetantsaleinfo201400590060
059,至尊王牌,上一屆(2024/1/1前),0,500,5000000,2008-06-02,97/06/02,2008-12-02,97/12/02,2009-03-02,98/03/02,1500000,72.65%,3,2,131,,https://cdn.taiwanlottery.com.tw/app/FilesForDownload/TLCWeb/3th_instant_images/images/26/059-small.jpg,
0058,拉斯維加斯,上一屆(2024/1/1前),12,200,2000000,2014-07-15,103/07/15,2015-01-15,104/01/15,2015-04-15,104/04/15,6120000,51.48%,6,1,875,04thinsetantsaleinfo201400500058,https://cdn.taiwanlottery.com.tw/app/FilesForDownload/TLCWeb/instant/images/17/IN1030704_small_0058.jpg,https://www.taiwanlottery.com/news/news/04thinsetantsaleinfo201400500058
058,灌籃高手,上一屆(2024/1/1前),0,100,600000,2008-05-15,97/05/15,2008-11-03,97/11/03,2009-02-03,98/02/03,3570000,79.13%,3,1,130,,https://cdn.taiwanlottery.com.tw/app/FilesForDownload/TLCWeb/3th_instant_images/images/25/058-small.jpg,
0057,釣大魚,上一屆(2024/1/1前),13,100,500000,2014-07-15,103/07/15,2015-01-15,104/01/15,2015-04-15,104/04/15,6120000,85.50%,6,2,874,04thinsetantsaleinfo201400500058,https://cdn.taiwanlottery.com.tw/app/FilesForDownload/TLCWeb/instant/images/17/IN1030704_small_0057.jpg,https://www.taiwanlottery.com/news/news/04thinsetantsaleinfo201400500058
057,麻將,上一屆(2024/1/1前),0,200,2000000,2008-05-15,97/05/15,2008-11-03,97/11/03,2009-02-03,98/02/03,2550000,63.22%,2,1,129,,https://cdn.taiwanlottery.com.tw/app/FilesForDownload/TLCWeb/3th_instant_images/images/25/057-small.jpg,
0056,金銀島,上一屆(2024/1/1前),14,200,1500000,2014-08-19,103/08/19,2015-02-24,104/02/24,2015-05-26,104/05/26,7140000,33.53%,5,3,883,04thinsetantsaleinfo201400560062,https://cdn.taiwanlottery.com.tw/app/FilesForDownload/TLCWeb/instant/images/19/IN1030808_small_0056.jpg,https://www.taiwanlottery.com/news/news/04thinsetantsaleinfo201400560062
056,媽媽樂,上一屆(2024/1/1前),0,100,300000,2008-05-02,97/05/02,2008-11-03,97/11/03,2009-02-03,98/02/03,3570000,79.52%,7,2,128,,https://cdn.taiwanlottery.com.tw/app/FilesForDownload/TLCWeb/3th_instant_images/images/24/056-small.jpg,
0055,鈔票一把抓,上一屆(2024/1/1前),9,300,3000000,2014-07-01,103/07/01,2015-01-05,104/01/05,2015-04-02,104/04/02,6120000,92.86%,6,0,870,04thinsetantsaleinfo201400540055,https://cdn.taiwanlottery.com.tw/app/FilesForDownload/TLCWeb/instant/images/16/IN1030620_small_0055.jpg,https://www.taiwanlottery.com/news/news/04thinsetantsaleinfo201400540055
055,黃金24K,上一屆(2024/1/1前),0,200,2000000,2008-05-02,97/05/02,2008-11-03,97/11/03,2009-02-03,98/02/03,2550000,84.92%,3,2,127,,https://cdn.taiwanlottery.com.tw/app/FilesForDownload/TLCWeb/3th_instant_images/images/24/055-small.jpg,
0054,黃金海岸,上一屆(2024/1/1前),11,200,2000000,2014-07-01,103/07/01,2015-01-05,104/01/05,2015-04-02,104/04/02,6120000,45.98%,5,5,869,04thinsetantsaleinfo201400540055,https://cdn.taiwanlottery.com.tw/app/FilesForDownload/TLCWeb/instant/images/16/IN1030620_small_0054.jpg,https://www.taiwanlottery.com/news/news/04thinsetantsaleinfo201400540055
054,幸運777,上一屆(2024/1/1前),0,100,700000,2008-04-14,97/04/14,2008-10-01,97/10/01,2009-01-05,98/01/05,3570000,91.87%,3,2,126,,https://cdn.taiwanlottery.com.tw/app/FilesForDownload/TLCWeb/3th_instant_images/images/23/054-small.jpg,
0053,金庫密碼,上一屆(2024/1/1前),14,200,1500000,2014-07-15,103/07/15,2015-01-15,104/01/15,2015-04-15,104/04/15,15300000,13.04%,12,10,873,04thinsetantsaleinfo201400500058,https://cdn.taiwanlottery.com.tw/app/FilesForDownload/TLCWeb/instant/images/17/IN1030704_small_0053.jpg,https://www.taiwanlottery.com/news/news/04thinsetantsaleinfo201400500058
053,吃角子老虎,上一屆(2024/1/1前),0,200,2000000,2008-04-14,97/04/14,2008-10-01,97/10/01,2009-01-05,98/01/05,2550000,75.32%,2,1,125,,https://cdn.taiwanlottery.com.tw/app/FilesForDownload/TLCWeb/3th_instant_images/images/23/053-small.jpg,
0052,套圈圈,上一屆(2024/1/1前),10,100,200000,2014-06-17,103/06/17,2014-12-17,103/12/17,2015-03-17,104/03/17,45900000,4.39%,18,17,868,04thinsetantsaleinfo201400470052,https://cdn.taiwanlottery.com.tw/app/FilesForDownload/TLCWeb/instant/images/15/IN1030606_small_0052.jpg,https://www.taiwanlottery.com/news/news/04thinsetantsaleinfo201400470052
052,春天吶喊,上一屆(2024/1/1前),0,100,300000,2008-04-01,97/04/01,2008-10-01,97/10/01,2009-01-05,98/01/05,3570000,88.82%,7,1,124,,https://cdn.taiwanlottery.com.tw/app/FilesForDownload/TLCWeb/3th_instant_images/images/22/052-small.jpg,
0051,閃亮彈珠台,上一屆(2024/1/1前),14,200,1500000,2014-06-03,103/06/03,2014-12-03,103/12/03,2015-03-03,104/03/03,20400000,10.52%,16,14,865,04thinsetantsaleinfo201400430051,https://cdn.taiwanlottery.com.tw/app/FilesForDownload/TLCWeb/instant/images/14/IN1030523_small_0051.jpg,https://www.taiwanlottery.com/news/news/04thinsetantsaleinfo201400430051
051,皇家俱樂部,上一屆(2024/1/1前),0,500,5000000,2008-04-01,97/04/01,2008-10-01,97/10/01,2009-01-05,98/01/05,1500000,98.19%,3,0,123,,https://cdn.taiwanlottery.com.tw/app/FilesForDownload/TLCWeb/3th_instant_images/images/22/051-small.jpg,
0050,金湯匙,上一屆(2024/1/1前),11,100,200000,2014-07-15,103/07/15,2015-01-15,104/01/15,2015-04-15,104/04/15,30600000,7.48%,20,17,872,04thinsetantsaleinfo201400500058,https://cdn.taiwanlottery.com.tw/app/FilesForDownload/TLCWeb/instant/images/17/IN1030704_small_0050.jpg,https://www.taiwanlottery.com/news/news/04thinsetantsaleinfo201400500058
050,璀璨鑽石,上一屆(2024/1/1前),0,200,2000000,2008-03-03,97/03/03,2008-09-02,97/09/02,2008-12-02,97/12/02,3315000,99.81%,3,0,120,,https://cdn.taiwanlottery.com.tw/app/FilesForDownload/TLCWeb/3th_instant_images/images/21/050-small.jpg,
0049,金蟾蜍,上一屆(2024/1/1前),9,100,200000,2014-05-20,103/05/20,2014-11-20,103/11/20,2015-02-24,104/02/24,30600000,11.77%,20,19,861,04thinsetantsaleinfo201400410049,https://cdn.taiwanlottery.com.tw/app/FilesForDownload/TLCWeb/instant/images/13/IN1030509_small_0049.jpg,https://www.taiwanlottery.com/news/news/04thinsetantsaleinfo201400410049
049,麻將,上一屆(2024/1/1前),0,200,2000000,2008-03-03,97/03/03,2008-09-02,97/09/02,2008-12-02,97/12/02,2550000,97.29%,2,0,119,,https://cdn.taiwanlottery.com.tw/app/FilesForDownload/TLCWeb/3th_instant_images/images/21/049-small.jpg,
0048,極速快感,上一屆(2024/1/1前),13,200,2000000,2014-06-17,103/06/17,2014-12-17,103/12/17,2015-03-17,104/03/17,6120000,53.86%,6,2,867,04thinsetantsaleinfo201400470052,https://cdn.taiwanlottery.com.tw/app/FilesForDownload/TLCWeb/instant/images/15/IN1030606_small_0048.jpg,https://www.taiwanlottery.com/news/news/04thinsetantsaleinfo201400470052
048,幸運星座,上一屆(2024/1/1前),0,100,300000,2008-03-03,97/03/03,2008-09-02,97/09/02,2008-12-02,97/12/02,4590000,96.96%,9,1,118,,https://cdn.taiwanlottery.com.tw/app/FilesForDownload/TLCWeb/3th_instant_images/images/21/048-small.jpg,
0047,超速777,上一屆(2024/1/1前),12,100,700000,2014-06-17,103/06/17,2014-12-17,103/12/17,2015-03-17,104/03/17,6120000,94.97%,6,1,866,04thinsetantsaleinfo201400470052,https://cdn.taiwanlottery.com.tw/app/FilesForDownload/TLCWeb/instant/images/15/IN1030606_small_0047.jpg,https://www.taiwanlottery.com/news/news/04thinsetantsaleinfo201400470052
047,釣大魚,上一屆(2024/1/1前),0,100,500000,2008-03-03,97/03/03,2008-09-02,97/09/02,2008-12-02,97/12/02,3570000,99.70%,3,0,117,,https://cdn.taiwanlottery.com.tw/app/FilesForDownload/TLCWeb/3th_instant_images/images/21/047-small.jpg,
0046,麻將,上一屆(2024/1/1前),13,200,2000000,2014-05-20,103/05/20,2014-11-20,103/11/20,2015-02-24,104/02/24,18870000,99.98%,18,0,860,04thinsetantsaleinfo201400410049,https://cdn.taiwanlottery.com.tw/app/FilesForDownload/TLCWeb/instant/images/13/IN1030509_small_0046.jpg,https://www.taiwanlottery.com/news/news/04thinsetantsaleinfo201400410049
046,幸運777,上一屆(2024/1/1前),0,100,700000,2008-02-12,97/02/12,2008-08-11,97/08/11,2008-11-11,97/11/11,3570000,99.90%,3,0,116,,https://cdn.taiwanlottery.com.tw/app/FilesForDownload/TLCWeb/3th_instant_images/images/20/046-small.jpg,
0045,幸運開獎機,上一屆(2024/1/1前),12,200,2000000,2014-06-03,103/06/03,2014-12-03,103/12/03,2015-03-03,104/03/03,4052700,94.96%,3,0,864,04thinsetantsaleinfo201400430051,https://cdn.taiwanlottery.com.tw/app/FilesForDownload/TLCWeb/instant/images/14/IN1030523_small_0045.jpg,https://www.taiwanlottery.com/news/news/04thinsetantsaleinfo201400430051
045,甜蜜蜜,上一屆(2024/1/1前),0,100,300000,2008-02-12,97/02/12,2008-08-11,97/08/11,2008-11-11,97/11/11,3570000,99.95%,6,0,115,,https://cdn.taiwanlottery.com.tw/app/FilesForDownload/TLCWeb/3th_instant_images/images/20/045-small.jpg,
0044,黃金右腳,上一屆(2024/1/1前),12,200,2000000,2014-06-03,103/06/03,2014-12-03,103/12/03,2015-03-03,104/03/03,4080000,89.59%,4,2,863,04thinsetantsaleinfo201400430051,https://cdn.taiwanlottery.com.tw/app/FilesForDownload/TLCWeb/instant/images/14/IN1030523_small_0044.jpg,https://www.taiwanlottery.com/news/news/04thinsetantsaleinfo201400430051
044,超級黑傑克,上一屆(2024/1/1前),0,200,2000000,2008-02-12,97/02/12,2008-08-11,97/08/11,2008-11-11,97/11/11,2775000,97.66%,2,0,114,,https://cdn.taiwanlottery.com.tw/app/FilesForDownload/TLCWeb/3th_instant_images/images/20/044-small.jpg,
0043,水果樂園,上一屆(2024/1/1前),8,100,300000,2014-06-03,103/06/03,2014-12-03,103/12/03,2015-03-03,104/03/03,5100000,50.22%,5,3,862,04thinsetantsaleinfo201400430051,https://cdn.taiwanlottery.com.tw/app/FilesForDownload/TLCWeb/instant/images/14/IN1030523_small_0043.jpg,https://www.taiwanlottery.com/news/news/04thinsetantsaleinfo201400430051
043,$1200萬 恭賀新禧,上一屆(2024/1/1前),0,1000,12000000,2008-01-21,97/01/21,2008-07-21,97/07/21,2008-10-21,97/10/21,1250000,99.96%,1,0,113,,https://cdn.taiwanlottery.com.tw/app/FilesForDownload/TLCWeb/3th_instant_images/images/19/043-small.jpg,
0042,幸福摩天輪,上一屆(2024/1/1前),10,100,300000,2014-05-20,103/05/20,2014-11-20,103/11/20,2015-02-24,104/02/24,5610000,60.14%,10,2,859,04thinsetantsaleinfo201400410049,https://cdn.taiwanlottery.com.tw/app/FilesForDownload/TLCWeb/instant/images/13/IN1030509_small_0042.jpg,https://www.taiwanlottery.com/news/news/04thinsetantsaleinfo201400410049
042,恭喜發財,上一屆(2024/1/1前),0,200,2000000,2008-01-21,97/01/21,2008-07-21,97/07/21,2008-10-21,97/10/21,2550000,99.81%,2,0,112,,https://cdn.taiwanlottery.com.tw/app/FilesForDownload/TLCWeb/3th_instant_images/images/19/042-small.jpg,
0041,500萬慶端午,上一屆(2024/1/1前),10,500,5000000,2014-05-20,103/05/20,2014-11-20,103/11/20,2015-02-24,104/02/24,3000000,99.52%,3,0,858,04thinsetantsaleinfo201400410049,https://cdn.taiwanlottery.com.tw/app/FilesForDownload/TLCWeb/instant/images/13/IN1030509_small_0041.jpg,https://www.taiwanlottery.com/news/news/04thinsetantsaleinfo201400410049
041,財神到,上一屆(2024/1/1前),0,100,800000,2008-01-21,97/01/21,2008-07-21,97/07/21,2008-10-21,97/10/21,4485300,99.47%,4,0,111,,https://cdn.taiwanlottery.com.tw/app/FilesForDownload/TLCWeb/3th_instant_images/images/19/041-small.jpg,
0040,瘋狂吐鈔機,上一屆(2024/1/1前),11,200,2000000,2014-04-01,103/04/01,2014-11-05,103/11/05,2015-02-05,104/02/05,5100000,98.90%,5,0,855,04thinsetantsaleinfo201400370040,https://cdn.taiwanlottery.com.tw/app/FilesForDownload/TLCWeb/instant/images/10/IN1030321_small_0040.jpg,https://www.taiwanlottery.com/news/news/04thinsetantsaleinfo201400370040
040,招財進寶,上一屆(2024/1/1前),0,500,5000000,2007-12-19,96/12/19,2008-06-30,97/06/30,2008-10-01,97/10/01,1500000,99.92%,2,0,105,,https://cdn.taiwanlottery.com.tw/app/FilesForDownload/TLCWeb/3th_instant_images/images/17/040-small.jpg,
0039,七彩霓虹燈,上一屆(2024/1/1前),8,200,2000000,2014-04-01,103/04/01,2014-11-05,103/11/05,2015-02-05,104/02/05,5100000,98.53%,5,0,851,04thinsetantsaleinfo201400370040,https://cdn.taiwanlottery.com.tw/app/FilesForDownload/TLCWeb/instant/images/10/IN1030321_small_0039.jpg,https://www.taiwanlottery.com/news/news/04thinsetantsaleinfo201400370040
039,鼠來寶,上一屆(2024/1/1前),0,100,300000,2008-01-07,97/01/07,2008-07-01,97/07/01,2008-10-01,97/10/01,3825000,99.97%,6,0,107,,https://cdn.taiwanlottery.com.tw/app/FilesForDownload/TLCWeb/3th_instant_images/images/18/039-small.jpg,
0038,招財貓,上一屆(2024/1/1前),9,100,300000,2014-04-01,103/04/01,2014-11-05,103/11/05,2015-02-05,104/02/05,5040400,83.36%,10,2,843,04thinsetantsaleinfo201400370040,https://cdn.taiwanlottery.com.tw/app/FilesForDownload/TLCWeb/instant/images/10/IN1030321_small_0038.jpg,https://www.taiwanlottery.com/news/news/04thinsetantsaleinfo201400370040
038,賽豬公,上一屆(2024/1/1前),0,100,600000,2007-12-19,96/12/19,2008-06-30,97/06/30,2008-10-01,97/10/01,3825000,99.91%,3,0,104,,https://cdn.taiwanlottery.com.tw/app/FilesForDownload/TLCWeb/3th_instant_images/images/17/038-small.jpg,
0037,超級777,上一屆(2024/1/1前),11,200,2000000,2014-04-01,103/04/01,2014-10-15,103/10/15,2015-01-15,104/01/15,4079700,99.97%,4,1,853,04thinsetantsaleinfo201400370040,https://cdn.taiwanlottery.com.tw/app/FilesForDownload/TLCWeb/instant/images/10/IN1030321_small_0037.jpg,https://www.taiwanlottery.com/news/news/04thinsetantsaleinfo201400370040
037,麻將,上一屆(2024/1/1前),0,200,2000000,2008-01-07,97/01/07,2008-07-01,97/07/01,2008-10-01,97/10/01,2550000,99.38%,2,0,106,,https://cdn.taiwanlottery.com.tw/app/FilesForDownload/TLCWeb/3th_instant_images/images/18/037-small.jpg,
0036,快樂媽咪,上一屆(2024/1/1前),14,500,3000000,2014-04-15,103/04/15,2014-10-15,103/10/15,2015-01-15,104/01/15,2000000,99.97%,2,0,856,04thinsetantsaleinfo201400360000,https://cdn.taiwanlottery.com.tw/app/FilesForDownload/TLCWeb/instant/images/11/IN1030403_small_0036.jpg,https://www.taiwanlottery.com/news/news/04thinsetantsaleinfo201400360000
036,百萬年終獎金,上一屆(2024/1/1前),0,100,1000000,2007-12-03,96/12/03,2008-06-02,97/06/02,2008-09-02,97/09/02,5061900,78.50%,4,1,103,,https://cdn.taiwanlottery.com.tw/app/FilesForDownload/TLCWeb/3th_instant_images/images/16/036-small.jpg,
0035,黃金傳奇,上一屆(2024/1/1前),11,200,2000000,2014-03-21,103/03/21,2014-10-01,103/10/01,2015-01-05,104/01/05,4080000,99.44%,3,0,823,04thinsetantsaleinfo201400330035,https://cdn.taiwanlottery.com.tw/app/FilesForDownload/TLCWeb/instant/images/9/IN1030312_small_0035.jpg,https://www.taiwanlottery.com/news/news/04thinsetantsaleinfo201400330035
035,聖誕快樂,上一屆(2024/1/1前),0,100,300000,2007-12-03,96/12/03,2008-06-02,97/06/02,2008-09-02,97/09/02,4590000,74.12%,9,2,100,,https://cdn.taiwanlottery.com.tw/app/FilesForDownload/TLCWeb/3th_instant_images/images/16/035-small.jpg,
0034,金雞母,上一屆(2024/1/1前),13,100,1000000,2014-03-21,103/03/21,2014-10-01,103/10/01,2015-01-05,104/01/05,4080000,98.04%,4,0,822,04thinsetantsaleinfo201400330035,https://cdn.taiwanlottery.com.tw/app/FilesForDownload/TLCWeb/instant/images/9/IN1030312_small_0034.jpg,https://www.taiwanlottery.com/news/news/04thinsetantsaleinfo201400330035
034,拉斯維加斯,上一屆(2024/1/1前),0,200,2000000,2007-12-03,96/12/03,2008-06-02,97/06/02,2008-09-02,97/09/02,3570000,78.00%,3,1,101,,https://cdn.taiwanlottery.com.tw/app/FilesForDownload/TLCWeb/3th_instant_images/images/16/034-small.jpg,
0033,迎媽祖,上一屆(2024/1/1前),9,100,300000,2014-03-21,103/03/21,2014-10-01,103/10/01,2015-01-05,104/01/05,5100000,97.55%,10,1,821,04thinsetantsaleinfo201400330035,https://cdn.taiwanlottery.com.tw/app/FilesForDownload/TLCWeb/instant/images/9/IN1030312_small_0033.jpg,https://www.taiwanlottery.com/news/news/04thinsetantsaleinfo201400330035
033,釣大魚,上一屆(2024/1/1前),0,100,500000,2007-11-01,96/11/01,2008-05-02,97/05/02,2008-08-04,97/08/04,3060000,87.82%,3,0,95,,https://cdn.taiwanlottery.com.tw/app/FilesForDownload/TLCWeb/3th_instant_images/images/15/033-small.jpg,
0032,鈔票滿天飛,上一屆(2024/1/1前),14,200,2000000,2014-03-12,103/03/12,2014-09-18,103/09/18,2014-12-18,103/12/18,4080000,99.46%,3,0,820,04thinsetantsaleinfo201400300032,https://cdn.taiwanlottery.com.tw/app/FilesForDownload/TLCWeb/instant/images/8/IN1030227_small_0032.jpg,https://www.taiwanlottery.com/news/news/04thinsetantsaleinfo201400300032
032,21點,上一屆(2024/1/1前),0,100,800000,2007-11-01,96/11/01,2008-05-02,97/05/02,2008-08-04,97/08/04,4080000,95.82%,3,0,92,,https://cdn.taiwanlottery.com.tw/app/FilesForDownload/TLCWeb/3th_instant_images/images/15/032-small.jpg,
0031,剪刀石頭布,上一屆(2024/1/1前),12,100,300000,2014-03-12,103/03/12,2014-09-18,103/09/18,2014-12-18,103/12/18,5610000,93.49%,6,1,819,04thinsetantsaleinfo201400300032,https://cdn.taiwanlottery.com.tw/app/FilesForDownload/TLCWeb/instant/images/8/IN1030227_small_0031.jpg,https://www.taiwanlottery.com/news/news/04thinsetantsaleinfo201400300032
031,至尊王牌,上一屆(2024/1/1前),0,500,5000000,2007-11-01,96/11/01,2008-05-02,97/05/02,2008-08-04,97/08/04,1500000,99.57%,2,0,91,,https://cdn.taiwanlottery.com.tw/app/FilesForDownload/TLCWeb/3th_instant_images/images/15/031-small.jpg,
0030,全壘打,上一屆(2024/1/1前),14,100,600000,2014-03-12,103/03/12,2014-09-18,103/09/18,2014-12-18,103/12/18,5100000,95.31%,5,0,818,04thinsetantsaleinfo201400300032,https://cdn.taiwanlottery.com.tw/app/FilesForDownload/TLCWeb/instant/images/8/IN1030227_small_0030.jpg,https://www.taiwanlottery.com/news/news/04thinsetantsaleinfo201400300032
030,棒球金牌,上一屆(2024/1/1前),0,100,600000,2007-10-01,96/10/01,2008-04-01,97/04/01,2008-07-01,97/07/01,5100000,80.56%,5,0,90,,https://cdn.taiwanlottery.com.tw/app/FilesForDownload/TLCWeb/3th_instant_images/images/14/030-small.jpg,
0029,發財樹,上一屆(2024/1/1前),9,100,300000,2014-02-25,103/02/25,2014-09-04,103/09/04,2014-12-04,103/12/04,5100000,94.76%,10,1,813,04thinsetantsaleinfo201400260029,https://cdn.taiwanlottery.com.tw/app/FilesForDownload/TLCWeb/instant/images/7/IN1030214_small_0029.jpg,https://www.taiwanlottery.com/news/news/04thinsetantsaleinfo201400260029
029,黃金傳奇,上一屆(2024/1/1前),0,200,2000000,2007-10-01,96/10/01,2008-04-01,97/04/01,2008-07-01,97/07/01,4020000,80.86%,4,0,88,,https://cdn.taiwanlottery.com.tw/app/FilesForDownload/TLCWeb/3th_instant_images/images/14/029-small.jpg,
0028,水果樂園,上一屆(2024/1/1前),8,100,300000,2014-02-25,103/02/25,2014-09-04,103/09/04,2014-12-04,103/12/04,5610000,93.72%,5,0,812,04thinsetantsaleinfo201400260029,https://cdn.taiwanlottery.com.tw/app/FilesForDownload/TLCWeb/instant/images/7/IN1030214_small_0028.jpg,https://www.taiwanlottery.com/news/news/04thinsetantsaleinfo201400260029
028,金錢遊戲,上一屆(2024/1/1前),0,500,5000000,2007-09-03,96/09/03,2008-03-03,97/03/03,2008-06-03,97/06/03,1000000,99.86%,2,0,84,,https://cdn.taiwanlottery.com.tw/app/FilesForDownload/TLCWeb/3th_instant_images/images/13/028-small.jpg,
0027,淘金熱,上一屆(2024/1/1前),11,200,2000000,2014-02-25,103/02/25,2014-09-04,103/09/04,2014-12-04,103/12/04,4080000,98.40%,4,0,811,04thinsetantsaleinfo201400260029,https://cdn.taiwanlottery.com.tw/app/FilesForDownload/TLCWeb/instant/images/7/IN1030214_small_0027.jpg,https://www.taiwanlottery.com/news/news/04thinsetantsaleinfo201400260029
027,嫦娥下凡,上一屆(2024/1/1前),0,100,300000,2007-09-03,96/09/03,2008-03-03,97/03/03,2008-06-03,97/06/03,3570000,90.40%,7,1,83,,https://cdn.taiwanlottery.com.tw/app/FilesForDownload/TLCWeb/3th_instant_images/images/13/027-small.jpg,
0026,黃金24K,上一屆(2024/1/1前),12,200,2000000,2014-02-25,103/02/25,2014-09-04,103/09/04,2014-12-04,103/12/04,4080000,98.53%,4,0,810,04thinsetantsaleinfo201400260029,https://cdn.taiwanlottery.com.tw/app/FilesForDownload/TLCWeb/instant/images/7/IN1030214_small_0026.jpg,https://www.taiwanlottery.com/news/news/04thinsetantsaleinfo201400260029
026,幸運777,上一屆(2024/1/1前),0,100,700000,2007-09-03,96/09/03,2008-03-03,97/03/03,2008-06-03,97/06/03,3060000,97.96%,3,1,82,,https://cdn.taiwanlottery.com.tw/app/FilesForDownload/TLCWeb/3th_instant_images/images/13/026-small.jpg,
0025,喜從天降,上一屆(2024/1/1前),11,100,300000,2014-02-11,103/02/11,2014-08-18,103/08/18,2014-11-18,103/11/18,5610000,99.47%,11,0,804,04thinsetantsaleinfo201400230025,https://cdn.taiwanlottery.com.tw/app/FilesForDownload/TLCWeb/instant/images/6/IN1030211_small_0025.jpg,https://www.taiwanlottery.com/news/news/04thinsetantsaleinfo201400230025
025,瘋狂888,上一屆(2024/1/1前),0,100,800000,2007-08-01,96/08/01,2008-02-01,97/02/01,2008-05-02,97/05/02,5100000,91.64%,4,2,79,,https://cdn.taiwanlottery.com.tw/app/FilesForDownload/TLCWeb/3th_instant_images/images/12/025-small.jpg,
0024,麻將,上一屆(2024/1/1前),13,200,2000000,2014-02-11,103/02/11,2014-08-18,103/08/18,2014-11-18,103/11/18,4058500,100%,4,1,803,04thinsetantsaleinfo201400230025,https://cdn.taiwanlottery.com.tw/app/FilesForDownload/TLCWeb/instant/images/6/IN1030211_small_0024.jpg,https://www.taiwanlottery.com/news/news/04thinsetantsaleinfo201400230025
024,黃金假期,上一屆(2024/1/1前),0,100,300000,2007-08-01,96/08/01,2008-02-01,97/02/01,2008-05-02,97/05/02,5100000,94.31%,10,3,78,,https://cdn.taiwanlottery.com.tw/app/FilesForDownload/TLCWeb/3th_instant_images/images/12/024-small.jpg,
0023,海底尋寶,上一屆(2024/1/1前),9,200,2000000,2014-02-11,103/02/11,2014-08-18,103/08/18,2014-11-18,103/11/18,4080000,100%,3,0,802,04thinsetantsaleinfo201400230025,https://cdn.taiwanlottery.com.tw/app/FilesForDownload/TLCWeb/instant/images/6/IN1030211_small_0023.jpg,https://www.taiwanlottery.com/news/news/04thinsetantsaleinfo201400230025
023,刮刮樂,上一屆(2024/1/1前),0,100,300000,2007-07-02,96/07/02,2008-01-02,97/01/02,2008-04-02,97/04/02,4080000,68.78%,8,5,75,,https://cdn.taiwanlottery.com.tw/app/FilesForDownload/TLCWeb/3th_instant_images/images/11/023-small.jpg,
0022,金磚帝國,上一屆(2024/1/1前),10,500,5000000,2014-01-27,103/01/27,2014-08-05,103/08/05,2014-11-05,103/11/05,2000000,100%,2,0,807,04thinsetantsaleinfo201400160022,https://cdn.taiwanlottery.com.tw/app/FilesForDownload/TLCWeb/instant/images/4/IN1030127_small_0022.jpg,https://www.taiwanlottery.com/news/news/04thinsetantsaleinfo201400160022
022,超速777,上一屆(2024/1/1前),0,100,700000,2007-07-02,96/07/02,2008-01-02,97/01/02,2008-04-02,97/04/02,7140000,75.34%,5,1,73,,https://cdn.taiwanlottery.com.tw/app/FilesForDownload/TLCWeb/3th_instant_images/images/11/022-small.jpg,
0021,好彩頭 ,上一屆(2024/1/1前),11,100,300000,2014-01-27,103/01/27,2014-08-05,103/08/05,2014-11-05,103/11/05,6120000,99.87%,12,1,797,04thinsetantsaleinfo201400160022,https://cdn.taiwanlottery.com.tw/app/FilesForDownload/TLCWeb/instant/images/4/IN1030127_small_0021.jpg,https://www.taiwanlottery.com/news/news/04thinsetantsaleinfo201400160022
021,超級777,上一屆(2024/1/1前),0,200,2000000,2007-07-02,96/07/02,2008-01-02,97/01/02,2008-04-02,97/04/02,3825000,91.91%,4,0,72,,https://cdn.taiwanlottery.com.tw/app/FilesForDownload/TLCWeb/3th_instant_images/images/11/021-small.jpg,
0020,開春大吉,上一屆(2024/1/1前),12,200,1500000,2014-02-05,103/02/05,2014-08-05,103/08/05,2014-11-05,103/11/05,4027400,99.97%,2,1,801,04thinsetantsaleinfo201400190020,https://cdn.taiwanlottery.com.tw/app/FilesForDownload/TLCWeb/instant/images/5/IN1030205_small_0020.jpg,https://www.taiwanlottery.com/news/news/04thinsetantsaleinfo201400190020
020,歡樂馬戲團,上一屆(2024/1/1前),0,100,300000,2007-06-01,96/06/01,2007-12-03,96/12/03,2008-03-03,97/03/03,3825000,84.26%,6,1,43,,https://cdn.taiwanlottery.com.tw/app/FilesForDownload/TLCWeb/3th_instant_images/images/10/020-small.jpg,
0019,愛你一世,上一屆(2024/1/1前),11,100,300000,2014-02-05,103/02/05,2014-08-05,103/08/05,2014-11-05,103/11/05,4536800,99.93%,9,0,800,04thinsetantsaleinfo201400190020,https://cdn.taiwanlottery.com.tw/app/FilesForDownload/TLCWeb/instant/images/5/IN1030205_small_0019.jpg,https://www.taiwanlottery.com/news/news/04thinsetantsaleinfo201400190020
019,超級水果盤,上一屆(2024/1/1前),0,200,2000000,2007-06-01,96/06/01,2007-12-03,96/12/03,2008-03-03,97/03/03,3060000,94.12%,3,1,42,,https://cdn.taiwanlottery.com.tw/app/FilesForDownload/TLCWeb/3th_instant_images/images/10/019-small.jpg,
0018,金馬獎 ,上一屆(2024/1/1前),14,500,3000000,2014-01-27,103/01/27,2014-07-28,103/07/28,2014-10-28,103/10/28,4000000,100%,4,0,796,04thinsetantsaleinfo201400160022,https://cdn.taiwanlottery.com.tw/app/FilesForDownload/TLCWeb/instant/images/4/IN1030127_small_0018.jpg,https://www.taiwanlottery.com/news/news/04thinsetantsaleinfo201400160022
018,全壘打,上一屆(2024/1/1前),0,100,600000,2007-06-01,96/06/01,2007-11-01,96/11/01,2008-02-01,97/02/01,5100000,87.74%,5,2,41,,https://cdn.taiwanlottery.com.tw/app/FilesForDownload/TLCWeb/3th_instant_images/images/10/018-small.jpg,
0017,大三元,上一屆(2024/1/1前),12,200,2000000,2014-01-27,103/01/27,2014-07-28,103/07/28,2014-10-28,103/10/28,6100000,99.93%,6,0,795,04thinsetantsaleinfo201400160022,https://cdn.taiwanlottery.com.tw/app/FilesForDownload/TLCWeb/instant/images/4/IN1030127_small_0017.jpg,https://www.taiwanlottery.com/news/news/04thinsetantsaleinfo201400160022
017,金包銀,上一屆(2024/1/1前),0,100,1000000,2007-05-02,96/05/02,2007-11-01,96/11/01,2008-02-01,97/02/01,4590000,90.87%,4,0,40,,https://cdn.taiwanlottery.com.tw/app/FilesForDownload/TLCWeb/3th_instant_images/images/09/017-small.jpg,
0016,開運年菜,上一屆(2024/1/1前),9,100,300000,2014-01-27,103/01/27,2014-07-28,103/07/28,2014-10-28,103/10/28,14280000,61.02%,24,10,799,04thinsetantsaleinfo201400160022,https://cdn.taiwanlottery.com.tw/app/FilesForDownload/TLCWeb/instant/images/4/IN1030127_small_0016.jpg,https://www.taiwanlottery.com/news/news/04thinsetantsaleinfo201400160022
016,萬能媽咪,上一屆(2024/1/1前),0,500,5000000,2007-05-02,96/05/02,2007-11-01,96/11/01,2008-02-01,97/02/01,1000000,100%,2,0,39,,https://cdn.taiwanlottery.com.tw/app/FilesForDownload/TLCWeb/3th_instant_images/images/09/016-small.jpg,
0015,大麻將,上一屆(2024/1/1前),11,1000,10000000,2014-01-17,103/01/17,2014-07-17,103/07/17,2014-10-17,103/10/17,4000000,99.98%,2,0,766,04thinsetantsaleinfo201400120015,https://cdn.taiwanlottery.com.tw/app/FilesForDownload/TLCWeb/instant/images/3/IN1030117_small_0015.jpg,https://www.taiwanlottery.com/news/news/04thinsetantsaleinfo201400120015
015,春天吶喊,上一屆(2024/1/1前),0,100,300000,2007-04-02,96/04/02,2007-10-01,96/10/01,2008-01-02,97/01/02,4080000,97.35%,8,2,38,,https://cdn.taiwanlottery.com.tw/app/FilesForDownload/TLCWeb/3th_instant_images/images/08/015-small.jpg,
0014,無敵拉霸機,上一屆(2024/1/1前),9,300,3000000,2014-01-17,103/01/17,2014-07-17,103/07/17,2014-10-17,103/10/17,6120000,99.99%,6,0,767,04thinsetantsaleinfo201400120015,https://cdn.taiwanlottery.com.tw/app/FilesForDownload/TLCWeb/instant/images/3/IN1030117_small_0014.jpg,https://www.taiwanlottery.com/news/news/04thinsetantsaleinfo201400120015
014,淘金熱,上一屆(2024/1/1前),0,200,2000000,2007-04-02,96/04/02,2007-10-01,96/10/01,2008-01-02,97/01/02,3060000,99.52%,3,0,37,,https://cdn.taiwanlottery.com.tw/app/FilesForDownload/TLCWeb/3th_instant_images/images/08/014-small.jpg,
0013,金銀財寶,上一屆(2024/1/1前),11,200,2000000,2014-01-17,103/01/17,2014-07-17,103/07/17,2014-10-17,103/10/17,4590000,100%,5,0,768,04thinsetantsaleinfo201400120015,https://cdn.taiwanlottery.com.tw/app/FilesForDownload/TLCWeb/instant/images/3/IN1030117_small_0013.jpg,https://www.taiwanlottery.com/news/news/04thinsetantsaleinfo201400120015
013,水果盤,上一屆(2024/1/1前),0,100,500000,2007-04-02,96/04/02,2007-10-01,96/10/01,2008-01-02,97/01/02,5100000,80.54%,5,2,36,,https://cdn.taiwanlottery.com.tw/app/FilesForDownload/TLCWeb/3th_instant_images/images/08/013-small.jpg,
0012,瘋狂骰子樂,上一屆(2024/1/1前),13,100,500000,2014-01-17,103/01/17,2014-07-17,103/07/17,2014-10-17,103/10/17,14280000,75.83%,20,6,769,04thinsetantsaleinfo201400120015,https://cdn.taiwanlottery.com.tw/app/FilesForDownload/TLCWeb/instant/images/3/IN1030117_small_0012.jpg,https://www.taiwanlottery.com/news/news/04thinsetantsaleinfo201400120015
012,超級黑傑克,上一屆(2024/1/1前),0,200,2000000,2007-03-01,96/03/01,2007-09-03,96/09/03,2007-12-03,96/12/03,3060000,99.58%,3,0,35,,https://cdn.taiwanlottery.com.tw/app/FilesForDownload/TLCWeb/3th_instant_images/images/07/012-small.jpg,
0011,"$1,200萬大吉利 ",上一屆(2024/1/1前),12,1000,12000000,2014-01-09,103/01/09,2014-07-09,103/07/09,2014-10-09,103/10/09,1500000,100%,1,0,757,04thinsetantsaleinfo201400060011,https://cdn.taiwanlottery.com.tw/app/FilesForDownload/TLCWeb/instant/images/02/IN1030109_small_0011.jpg,https://www.taiwanlottery.com/news/news/04thinsetantsaleinfo201400060011
011,釣大魚,上一屆(2024/1/1前),0,100,500000,2007-03-01,96/03/01,2007-09-03,96/09/03,2007-12-03,96/12/03,5100000,96.75%,5,0,34,,https://cdn.taiwanlottery.com.tw/app/FilesForDownload/TLCWeb/3th_instant_images/images/07/011-small.jpg,
0010,花開富貴,上一屆(2024/1/1前),12,200,2000000,2014-01-09,103/01/09,2014-07-09,103/07/09,2014-10-09,103/10/09,5100000,100%,5,0,752,04thinsetantsaleinfo201400060011,https://cdn.taiwanlottery.com.tw/app/FilesForDownload/TLCWeb/instant/images/02/IN1030109_small_0010.jpg,https://www.taiwanlottery.com/news/news/04thinsetantsaleinfo201400060011
010,幸運777,上一屆(2024/1/1前),0,100,700000,2007-03-01,96/03/01,2007-09-03,96/09/03,2007-12-03,96/12/03,3060000,99.45%,3,1,33,,https://cdn.taiwanlottery.com.tw/app/FilesForDownload/TLCWeb/3th_instant_images/images/07/010-small.jpg,
0009,聚寶盆,上一屆(2024/1/1前),9,100,500000,2014-01-09,103/01/09,2014-07-09,103/07/09,2014-10-09,103/10/09,7140000,99.90%,14,1,751,04thinsetantsaleinfo201400060011,https://cdn.taiwanlottery.com.tw/app/FilesForDownload/TLCWeb/instant/images/02/IN1030109_small_0009.jpg,https://www.taiwanlottery.com/news/news/04thinsetantsaleinfo201400060011
009,幸運之吻,上一屆(2024/1/1前),0,100,300000,2007-02-01,96/02/01,2007-08-01,96/08/01,2007-11-01,96/11/01,5100000,87.93%,10,1,32,,https://cdn.taiwanlottery.com.tw/app/FilesForDownload/TLCWeb/3th_instant_images/images/07/009-small.jpg,
0008,五福臨門,上一屆(2024/1/1前),10,500,5000000,2014-01-09,103/01/09,2014-07-09,103/07/09,2014-10-09,103/10/09,3000000,99.97%,4,0,750,04thinsetantsaleinfo201400060011,https://cdn.taiwanlottery.com.tw/app/FilesForDownload/TLCWeb/instant/images/02/IN1030109_small_0008.jpg,https://www.taiwanlottery.com/news/news/04thinsetantsaleinfo201400060011
008,財神到,上一屆(2024/1/1前),0,100,800000,2007-02-01,96/02/01,2007-08-01,96/08/01,2007-11-01,96/11/01,6120000,98.28%,6,0,46,,https://cdn.taiwanlottery.com.tw/app/FilesForDownload/TLCWeb/3th_instant_images/images/06/008-small.jpg,
0007,紅包一把抓 ,上一屆(2024/1/1前),9,300,3000000,2014-01-09,103/01/09,2014-07-09,103/07/09,2014-10-09,103/10/09,6106100,99.87%,6,0,749,04thinsetantsaleinfo201400060011,https://cdn.taiwanlottery.com.tw/app/FilesForDownload/TLCWeb/instant/images/02/IN1030109_small_0007.jpg,https://www.taiwanlottery.com/news/news/04thinsetantsaleinfo201400060011
007,新年大贏家,上一屆(2024/1/1前),0,200,2000000,2007-02-01,96/02/01,2007-08-01,96/08/01,2007-11-01,96/11/01,3570000,99.16%,4,1,31,,https://cdn.taiwanlottery.com.tw/app/FilesForDownload/TLCWeb/3th_instant_images/images/06/007-small.jpg,
0006,幸運開獎機,上一屆(2024/1/1前),12,200,2000000,2014-01-09,103/01/09,2014-07-09,103/07/09,2014-10-09,103/10/09,4590000,100%,3,0,748,04thinsetantsaleinfo201400060011,https://cdn.taiwanlottery.com.tw/app/FilesForDownload/TLCWeb/instant/images/02/IN1030109_small_0006.jpg,https://www.taiwanlottery.com/news/news/04thinsetantsaleinfo201400060011
006,招財進寶,上一屆(2024/1/1前),0,500,5000000,2007-01-22,96/01/22,2007-07-23,96/07/23,2007-10-23,96/10/23,1000000,100%,2,0,30,,https://cdn.taiwanlottery.com.tw/app/FilesForDownload/TLCWeb/3th_instant_images/images/06/006-small.jpg,
0005,"$2,600萬超級紅包",上一屆(2024/1/1前),8,2000,26000000,2014-01-01,103/01/01,2014-07-01,103/07/01,2014-10-01,103/10/01,2499975,100%,1,0,746,04thinsetantsaleinfo201400010005,https://cdn.taiwanlottery.com.tw/app/FilesForDownload/TLCWeb/instant/images/1/IN1030101_small_005.jpg,https://www.taiwanlottery.com/news/news/04thinsetantsaleinfo201400010005
005,年年有魚,上一屆(2024/1/1前),0,100,600000,2007-01-22,96/01/22,2007-07-23,96/07/23,2007-10-23,96/10/23,6120000,81.87%,6,2,29,,https://cdn.taiwanlottery.com.tw/app/FilesForDownload/TLCWeb/3th_instant_images/images/06/005-1.jpg,
0004,新年快樂,上一屆(2024/1/1前),14,500,3000000,2014-01-01,103/01/01,2014-07-01,103/07/01,2014-10-01,103/10/01,3000000,100%,3,0,745,04thinsetantsaleinfo201400010005,https://cdn.taiwanlottery.com.tw/app/FilesForDownload/TLCWeb/instant/images/1/IN1030101_small_004.jpg,https://www.taiwanlottery.com/news/news/04thinsetantsaleinfo201400010005
004,豬年行大運,上一屆(2024/1/1前),0,100,300000,2007-01-22,96/01/22,2007-07-23,96/07/23,2007-10-23,96/10/23,5100000,94.20%,10,2,28,,https://cdn.taiwanlottery.com.tw/app/FilesForDownload/TLCWeb/3th_instant_images/images/06/004-small.jpg,
0003,金玉滿堂,上一屆(2024/1/1前),11,200,2000000,2014-01-01,103/01/01,2014-07-01,103/07/01,2014-10-01,103/10/01,4590000,99.97%,4,0,744,04thinsetantsaleinfo201400010005,https://cdn.taiwanlottery.com.tw/app/FilesForDownload/TLCWeb/instant/images/1/IN1030101_small_003.jpg,https://www.taiwanlottery.com/news/news/04thinsetantsaleinfo201400010005
003,幸運777,上一屆(2024/1/1前),0,100,700000,2007-01-01,96/01/01,2007-07-02,96/07/02,2007-10-01,96/10/01,4080000,88.54%,4,1,27,,https://cdn.taiwanlottery.com.tw/app/FilesForDownload/TLCWeb/3th_instant_images/images/04/tickey_01_d.gif,
0002,迎財神,上一屆(2024/1/1前),13,100,800000,2014-01-01,103/01/01,2014-07-01,103/07/01,2014-10-01,103/10/01,7140000,99.92%,5,0,743,04thinsetantsaleinfo201400010005,https://cdn.taiwanlottery.com.tw/app/FilesForDownload/TLCWeb/instant/images/1/IN1030101_small_002.jpg,https://www.taiwanlottery.com/news/news/04thinsetantsaleinfo201400010005
002,歡慶百萬,上一屆(2024/1/1前),0,100,1000000,2007-01-01,96/01/01,2007-07-02,96/07/02,2007-10-01,96/10/01,5097100,73.75%,5,1,25,,https://cdn.taiwanlottery.com.tw/app/FilesForDownload/TLCWeb/3th_instant_images/images/04/002.gif,
0001,馬到成功,上一屆(2024/1/1前),11,100,300000,2014-01-01,103/01/01,2014-07-01,103/07/01,2014-10-01,103/10/01,21420000,47.95%,30,15,747,04thinsetantsaleinfo201400010005,https://cdn.taiwanlottery.com.tw/app/FilesForDownload/TLCWeb/instant/images/1/IN1030101_small_001.jpg,https://www.taiwanlottery.com/news/news/04thinsetantsaleinfo201400010005
001,歡慶二百萬,上一屆(2024/1/1前),0,200,2000000,2007-01-01,96/01/01,2007-07-02,96/07/02,2007-10-01,96/10/01,2038850,98.53%,3,0,379,,https://cdn.taiwanlottery.com.tw/app/FilesForDownload/TLCWeb/3th_instant_images/images/04/001.gif,
